url_length,domain_length,path_length,num_dots,num_hyphens,num_underscores,num_slashes,num_at,num_question,num_equals,num_ampersand,num_percent,num_digits,has_ip,has_https,has_www,has_at_symbol,has_double_slash,suspicious_word_count,num_subdomains,url_entropy,domain_entropy,tld_length,suspicious_tld,url,label
85,16,48,3,1,0,7,0,0,0,0,0,0,0,1,0,0,0,0,1,4.396255566291448,3.375,3,0,https://justcall.mystagingwebsite.com/wp-content/plugins/adourbhanis/public/index.php,1
42,21,6,2,2,0,4,0,0,0,0,0,1,0,1,0,0,0,0,1,4.165894208390023,3.594465636961452,2,0,https://k8h.service-client-portal.es/land/,1
48,21,12,2,2,0,5,0,0,0,0,0,1,0,1,0,0,0,0,1,4.179047012067739,3.594465636961452,2,0,https://k8h.service-client-portal.es/land/pages/,1
51,21,15,3,2,0,4,0,0,0,0,0,1,0,1,0,0,0,0,1,4.145478224698413,3.594465636961452,2,0,https://k8h.service-client-portal.es/land/visit.php,1
57,21,21,3,2,0,5,0,0,0,0,0,1,0,1,0,0,0,1,1,4.208269681987061,3.594465636961452,2,0,https://k8h.service-client-portal.es/land/pages/login.php,1
42,6,5,2,1,0,3,0,0,0,0,0,0,0,1,0,0,0,0,1,4.053297638075724,2.584962500721156,3,0,https://homepage-ldgorlive.zapier.app/home,1
41,6,6,2,2,0,3,0,0,0,0,0,0,0,1,0,0,0,1,1,4.043544614839371,2.584962500721156,3,0,https://live-ledggr-help.zapier.app/login,1
42,9,5,2,1,0,3,0,0,0,0,0,0,0,0,0,0,0,0,1,4.193161994764468,2.94770277922009,3,0,http://expert-velodrome.wixstudio.com/enus,1
47,9,5,2,1,0,3,0,0,0,0,0,3,0,1,0,0,0,0,1,4.339282139363515,2.94770277922009,3,0,https://expert-velodrome.wixstudio.com:443/enus,1
48,9,6,2,3,0,3,0,0,0,0,0,0,0,1,0,0,0,0,1,4.272593366144261,2.94770277922009,3,0,https://home-starts-ledgrcdn.wixstudio.com/en-us,1
53,6,1,2,2,0,3,0,0,0,0,0,3,0,1,0,0,0,0,1,4.113790737173866,2.584962500721156,3,0,https://nuevacarteradeclientes--manita121.replit.app/,1
42,6,1,2,0,0,3,0,0,0,0,0,1,0,1,0,0,0,0,1,4.302449862997395,2.2516291673878226,3,0,https://communityb2goregainonl.weebly.com/,1
37,10,0,2,1,0,2,0,0,0,0,0,7,0,0,0,0,0,0,1,4.355138758211739,2.9219280948873623,3,0,http://allegrolokalnie.pl-4375674.sbs,1
33,13,0,2,1,0,2,0,0,0,0,0,10,0,0,0,0,0,0,1,4.12728313431329,2.873140679513133,4,0,http://allegro.pl-7292947284.shop,1
51,7,1,5,0,0,3,0,0,0,0,0,3,0,1,0,0,0,0,4,4.176725833393184,2.5216406363433186,3,0,https://ferreteriaonline5.z13.web.core.windows.net/,1
26,14,0,1,0,0,2,0,0,0,0,0,0,0,1,0,0,0,0,0,4.026986833359287,3.1820058147602137,3,0,https://cocugunyuzdili.com,1
23,11,0,1,0,0,2,0,0,0,0,0,0,0,1,0,0,0,0,0,3.9148663038831,2.9139770731827523,3,0,https://dannypearce.com,1
25,13,0,1,0,0,2,0,0,0,0,0,0,0,1,0,0,0,0,0,4.023465189601647,3.334679141051595,3,0,https://mycreditqueen.com,1
27,15,0,1,1,0,2,0,0,0,0,0,0,0,1,0,0,0,0,0,3.838039816898155,3.323231428797621,3,0,https://discounts-pills.com,1
35,15,0,2,0,0,2,0,0,0,0,0,10,0,1,0,0,0,0,1,4.2290037311070545,3.506890595608519,3,0,https://allegro.smar9t438831024.lat,1
48,19,0,2,1,0,2,0,0,0,0,0,5,0,1,0,0,0,0,1,4.204986855772667,3.6818808028034034,4,0,https://allegrolokalnie.lokalna-oferta69011.shop,1
31,7,1,2,1,0,3,0,0,0,0,0,0,0,1,0,0,0,0,1,4.042433003725894,2.5216406363433186,3,0,https://socgen-anu.duckdns.org/,1
40,7,10,3,1,0,3,0,0,0,0,0,0,0,1,0,0,0,0,1,4.177567157116929,2.5216406363433186,3,0,https://socgen-anu.duckdns.org/index.php,1
44,14,10,2,0,0,3,0,0,0,0,0,0,0,1,0,0,0,0,0,4.263313653112509,3.4677201004744993,3,0,https://votrepeageulys.com/index.php#captcha,1
194,16,148,2,19,0,4,0,0,0,0,6,31,0,1,0,0,0,0,1,4.861020983152445,2.7806390622295662,4,0,https://allegrolokalinie.pl-4892749284924.shop/oferta/smartwatch-garmin-forerunner-970-czarny-kolor-nowy-gwarancja-2-lata-paragon-media-expert-brak-wad-i-obci%C4%85%C5%BCe%C5%84-olsztyn-49b25973,1
198,9,160,2,21,0,4,0,0,0,0,8,27,0,1,0,0,0,1,1,4.813416736653876,2.94770277922009,3,0,https://allegrolokalinie.pl-478892.cfd/oferta/smartfon-apple-iphone-16-pro-512gb-pami%C4%99ci-gwarancja-15-roku-paragon-media-expert-idealny-stan-brak-wad-oraz-obci%C4%85%C5%BCe%C5%84-opole-1a0e1c6a,1
33,20,1,1,1,0,3,0,0,0,0,0,1,0,1,0,0,0,0,0,3.957294029027326,3.508694969562842,3,0,https://waps-c7entertainment.com/,1
32,19,1,1,1,0,3,0,0,0,0,0,0,0,1,0,0,0,0,0,3.9917292966721747,3.536886723742168,3,0,https://autenticacaocmd-gov.com/,1
43,19,12,2,1,0,3,0,0,0,0,0,0,0,1,0,0,0,0,0,4.144417883102941,3.536886723742168,3,0,https://autenticacaocmd-gov.com/numero.html,1
31,7,0,2,0,0,2,0,0,0,0,0,0,0,0,0,0,0,1,1,3.977916874693636,2.5216406363433186,2,0,http://bitmartwlogin.webflow.io,1
33,7,1,2,0,0,3,0,0,0,0,0,0,0,1,0,0,0,1,1,4.043801694853791,2.5216406363433186,2,0,https://bitmartwlogin.webflow.io/,1
31,7,0,2,5,0,2,0,0,0,0,0,0,0,0,0,0,0,0,1,3.716630891786866,2.8073549220576046,3,0,http://n-e-t-f-l-ix.netlify.app,1
33,7,1,2,5,0,3,0,0,0,0,0,0,0,1,0,0,0,0,1,3.7983512260625822,2.8073549220576046,3,0,https://n-e-t-f-l-ix.netlify.app/,1
31,7,0,2,0,0,2,0,0,0,0,0,0,0,0,0,0,0,0,1,3.9864543749030044,2.5216406363433186,2,0,http://kuicoinloggin.webflow.io,1
33,7,1,2,0,0,3,0,0,0,0,0,0,0,1,0,0,0,0,1,4.051821770808045,2.5216406363433186,2,0,https://kuicoinloggin.webflow.io/,1
54,10,28,2,1,0,5,0,0,0,0,0,4,0,1,0,0,0,0,1,4.8222110581523525,3.1219280948873624,3,0,https://olx.paycore-cd.sbs/m/Mi9EMkFFY3RqcG9x/c3RyaXBl,1
186,16,16,2,0,5,3,0,1,7,6,0,17,0,1,0,0,0,0,1,4.817301818224821,3.5,4,0,https://pay.descontoinrregul.site/z0qn35dO6oEg98m?document=41450658830&amp;name=Bruno+Mazoni+Viana&amp;utm_source=organic&amp;utm_campaign=&amp;utm_medium=&amp;utm_content=&amp;utm_term=,1
70,6,22,2,2,0,5,0,0,0,0,0,19,0,1,0,0,0,0,1,4.941304224143945,2.584962500721156,3,0,https://0ilpx0l-sim-ym2hj.gs5qkd.cfd/o/da54y/1779533452674#merchantpay,1
78,6,43,3,0,0,5,0,0,0,0,0,4,0,1,0,0,0,0,1,4.1242066586054325,2.2516291673878226,3,0,https://feiraoserasa2026.vercel.app/serasa/ultimasemanafeiraonovo/ofertas.html,1
66,7,7,3,0,0,4,0,1,2,1,0,1,0,1,0,0,0,0,2,4.26711798381076,2.5216406363433186,3,0,https://santanderblnito.hosted.phplist.com/lists/?p=subscribe&id=3,1
36,8,8,2,1,0,6,0,0,0,0,0,0,0,1,0,0,1,0,1,3.916607904809986,3.0,2,0,https://mypplacc.cloud-ip.cc/DE//DE/,1
66,12,14,2,0,1,4,0,1,1,0,0,13,0,1,0,0,0,0,1,4.7197589380672325,2.918295834054489,4,0,https://kleinanzeigen.bestell49439.shop/order/2048490?utm_source=1,1
69,6,22,2,1,0,5,0,0,0,0,0,22,0,1,0,0,0,0,1,4.836805529794772,2.584962500721156,4,0,https://01i1xpol-9v84.a5fxid.casa/o/mjo4a/1778774254666#selectedbank2,1
35,6,1,2,1,0,3,0,0,0,0,0,0,0,1,0,0,0,0,1,3.8785848023501854,2.2516291673878226,3,0,https://ccrediitrnutuel.s-host.net/,1
44,6,10,3,1,0,3,0,0,0,0,0,0,0,1,0,0,0,0,1,3.9868409931947695,2.2516291673878226,3,0,https://ccrediitrnutuel.s-host.net/index.php,1
44,6,11,5,1,0,3,0,0,0,0,0,0,0,1,0,0,0,1,3,4.152978358288115,2.2516291673878226,3,0,https://wbmail.free.fr.s-host.net/index.html,1
34,6,1,4,1,0,3,0,0,0,0,0,0,0,1,0,0,0,1,3,4.02085512047121,2.2516291673878226,3,0,https://wbmail.free.fr.s-host.net/,1
43,6,10,5,1,0,3,0,0,0,0,0,0,0,1,0,0,0,1,3,4.1558184643976634,2.2516291673878226,3,0,https://wbmail.free.fr.s-host.net/index.php,1
40,12,0,2,0,0,2,0,0,0,0,0,1,0,0,0,0,0,0,1,4.296439344671016,3.2516291673878226,4,0,http://allegrolokalnie.plmsnxknclz3.cyou,1
44,6,20,2,0,0,4,0,0,0,0,0,0,0,1,0,0,0,0,1,4.04718240301417,1.9182958340544896,3,0,https://sites.google.com/view/pagerecaptchay,1
25,13,0,1,0,0,2,0,0,0,0,0,5,0,1,0,0,0,0,0,3.9434651896016475,3.0269868333592873,3,0,https://secufra44455c.com,1
20,2,6,1,0,0,3,0,0,0,0,0,1,0,1,0,0,0,0,0,3.8841837197791893,1.0,3,0,https://ln.run/ST9km,1
48,10,1,3,0,0,3,0,1,0,0,0,1,0,1,1,0,0,0,2,4.154315949407467,2.6464393446710157,3,0,https://www.scure3netflix.saltliness.com/?access,1
44,10,1,2,0,0,3,0,1,0,0,0,1,0,1,0,0,0,0,1,4.069402994575248,2.6464393446710157,3,0,https://scure3netflix.saltliness.com/?access,1
43,6,19,2,0,0,4,0,0,0,0,0,0,0,1,0,0,0,0,1,3.981172534064479,1.9182958340544896,3,0,https://sites.google.com/view/recaptchapage,1
27,7,1,2,0,0,3,0,0,0,0,0,0,0,1,0,0,0,0,1,3.912113890972229,2.2359263506290326,2,0,https://paybank.wzckwzx.cn/,1
27,7,1,2,0,0,3,0,0,0,0,0,0,0,1,0,0,0,0,1,3.8841550945958043,2.5216406363433186,2,0,https://paybank.scutemm.cn/,1
27,7,1,2,0,0,3,0,0,0,0,0,0,0,1,0,0,0,0,1,3.81008102052173,2.2359263506290326,2,0,https://paybank.bokxboy.cn/,1
26,6,1,2,0,0,3,0,0,0,0,0,0,0,1,0,0,0,0,1,3.7962176025900565,1.9182958340544896,2,0,https://paybank.wbdhdb.cn/,1
27,7,1,2,0,0,3,0,0,0,0,0,0,0,1,0,0,0,0,1,3.9302703722934536,2.8073549220576046,2,0,https://paybank.utsonzx.cn/,1
27,7,1,2,0,0,3,0,0,0,0,0,0,0,1,0,0,0,0,1,3.9302703722934536,2.5216406363433186,2,0,https://paybank.drupiin.cn/,1
27,7,1,2,0,0,3,0,0,0,0,0,0,0,1,0,0,0,0,1,3.782122224145305,2.5216406363433186,2,0,https://paybank.prtybrv.cn/,1
27,7,1,2,0,0,3,0,0,0,0,0,0,0,1,0,0,0,0,1,4.032303242743953,2.5216406363433186,2,0,https://paybank.voxmvqn.cn/,1
27,7,1,2,0,0,3,0,0,0,0,0,0,0,1,0,0,0,0,1,4.060262039120377,2.5216406363433186,2,0,https://paybank.zgedgfb.cn/,1
27,7,1,2,0,0,3,0,0,0,0,0,0,0,1,0,0,0,0,1,3.8561962982193796,2.2359263506290326,2,0,https://paybank.ccuzazv.cn/,1
27,7,1,2,0,0,3,0,0,0,0,0,0,0,1,0,0,0,0,1,3.8561962982193796,2.8073549220576046,2,0,https://paybank.hxartso.cn/,1
27,7,1,2,0,0,3,0,0,0,0,0,0,0,1,0,0,0,0,1,3.8841550945958043,2.8073549220576046,2,0,https://paybank.skgmabo.cn/,1
26,6,1,2,0,0,3,0,0,0,0,0,0,0,1,0,0,0,0,1,3.95006375643621,2.584962500721156,2,0,https://paybank.phqedz.cn/,1
27,7,1,2,0,0,3,0,0,0,0,0,0,0,1,0,0,0,0,1,4.032303242743953,2.5216406363433186,2,0,https://paybank.tvujzxv.cn/,1
27,7,1,2,0,0,3,0,0,0,0,0,0,0,1,0,0,0,0,1,3.9582291686698783,2.8073549220576046,2,0,https://paybank.bslitxm.cn/,1
27,7,1,2,0,0,3,0,0,0,0,0,0,0,1,0,0,0,0,1,3.9582291686698783,2.8073549220576046,2,0,https://paybank.gytuwik.cn/,1
27,7,1,2,0,0,3,0,0,0,0,0,0,0,1,0,0,0,0,1,3.8841550945958043,2.5216406363433186,2,0,https://paybank.ddahucf.cn/,1
27,7,1,2,0,0,3,0,0,0,0,0,0,0,1,0,0,0,0,1,4.106377316818026,2.8073549220576046,2,0,https://paybank.xadgfqw.cn/,1
27,7,1,2,0,0,3,0,0,0,0,0,0,0,1,0,0,0,0,1,3.8100810205217304,2.5216406363433186,2,0,https://paybank.annovmc.cn/,1
27,7,1,2,0,0,3,0,0,0,0,0,0,0,1,0,0,0,0,1,4.060262039120377,2.5216406363433186,2,0,https://paybank.cuiqggm.cn/,1
26,6,1,2,0,0,3,0,0,0,0,0,0,0,1,0,0,0,0,1,3.873140679513133,2.2516291673878226,2,0,https://paybank.sbbjdu.cn/,1
27,7,1,2,0,0,3,0,0,0,0,0,0,0,1,0,0,0,0,1,3.81008102052173,2.8073549220576046,2,0,https://paybank.bhsvken.cn/,1
27,7,1,2,0,0,3,0,0,0,0,0,0,0,1,0,0,0,0,1,3.9582291686698783,2.5216406363433186,2,0,https://paybank.uzzpwsd.cn/,1
27,7,1,2,0,0,3,0,0,0,0,0,0,0,1,0,0,0,0,1,4.0043444463675275,2.8073549220576046,2,0,https://paybank.nowifea.cn/,1
26,7,0,2,0,0,2,0,0,0,0,0,0,0,1,0,0,0,0,1,3.9312089489103235,2.2359263506290326,2,0,https://paybank.wzckwzx.cn,1
26,7,0,2,0,0,2,0,0,0,0,0,0,0,1,0,0,0,0,1,3.9021748142117283,2.5216406363433186,2,0,https://paybank.scutemm.cn,1
26,7,0,2,0,0,2,0,0,0,0,0,0,0,1,0,0,0,0,1,3.8252517372886516,2.2359263506290326,2,0,https://paybank.bokxboy.cn,1
25,6,0,2,0,0,2,0,0,0,0,0,0,0,1,0,0,0,0,1,3.813660689688186,1.9182958340544896,2,0,https://paybank.wbdhdb.cn,1
26,7,0,2,0,0,2,0,0,0,0,0,0,0,1,0,0,0,0,1,3.95006375643621,2.8073549220576046,2,0,https://paybank.utsonzx.cn,1
26,7,0,2,0,0,2,0,0,0,0,0,0,0,1,0,0,0,0,1,3.95006375643621,2.5216406363433186,2,0,https://paybank.drupiin.cn,1
26,7,0,2,0,0,2,0,0,0,0,0,0,0,1,0,0,0,0,1,3.7962176025900565,2.5216406363433186,2,0,https://paybank.prtybrv.cn,1
26,7,0,2,0,0,2,0,0,0,0,0,0,0,1,0,0,0,0,1,4.056020968057882,2.8073549220576046,2,0,https://paybank.ynvuqml.cn,1
26,7,0,2,0,0,2,0,0,0,0,0,0,0,1,0,0,0,0,1,4.056020968057882,2.5216406363433186,2,0,https://paybank.voxmvqn.cn,1
26,7,0,2,0,0,2,0,0,0,0,0,0,0,1,0,0,0,0,1,4.085055102756478,2.5216406363433186,2,0,https://paybank.zgedgfb.cn,1
26,7,0,2,0,0,2,0,0,0,0,0,0,0,1,0,0,0,0,1,3.873140679513133,2.2359263506290326,2,0,https://paybank.ccuzazv.cn,1
26,7,0,2,0,0,2,0,0,0,0,0,0,0,1,0,0,0,0,1,3.873140679513133,2.8073549220576046,2,0,https://paybank.hxartso.cn,1
26,7,0,2,0,0,2,0,0,0,0,0,0,0,1,0,0,0,0,1,3.9021748142117283,2.8073549220576046,2,0,https://paybank.skgmabo.cn,1
25,6,0,2,0,0,2,0,0,0,0,0,0,0,1,0,0,0,0,1,3.9736606896881863,2.584962500721156,2,0,https://paybank.phqedz.cn,1
26,7,0,2,0,0,2,0,0,0,0,0,0,0,1,0,0,0,0,1,4.056020968057882,2.5216406363433186,2,0,https://paybank.tvujzxv.cn,1
26,7,0,2,0,0,2,0,0,0,0,0,0,0,1,0,0,0,0,1,3.9790978911348054,2.8073549220576046,2,0,https://paybank.bslitxm.cn,1
26,7,0,2,0,0,2,0,0,0,0,0,0,0,1,0,0,0,0,1,3.9790978911348054,2.8073549220576046,2,0,https://paybank.gytuwik.cn,1
26,7,0,2,0,0,2,0,0,0,0,0,0,0,1,0,0,0,0,1,3.9021748142117283,2.5216406363433186,2,0,https://paybank.ddahucf.cn,1
26,7,0,2,0,0,2,0,0,0,0,0,0,0,1,0,0,0,0,1,4.13294404498096,2.8073549220576046,2,0,https://paybank.xadgfqw.cn,1
26,7,0,2,0,0,2,0,0,0,0,0,0,0,1,0,0,0,0,1,3.825251737288651,2.5216406363433186,2,0,https://paybank.annovmc.cn,1
26,7,0,2,0,0,2,0,0,0,0,0,0,0,1,0,0,0,0,1,4.085055102756478,2.5216406363433186,2,0,https://paybank.cuiqggm.cn,1
25,6,0,2,0,0,2,0,0,0,0,0,0,0,1,0,0,0,0,1,3.8936606896881862,2.2516291673878226,2,0,https://paybank.sbbjdu.cn,1
26,7,0,2,0,0,2,0,0,0,0,0,0,0,1,0,0,0,0,1,3.8252517372886516,2.8073549220576046,2,0,https://paybank.bhsvken.cn,1
26,7,0,2,0,0,2,0,0,0,0,0,0,0,1,0,0,0,0,1,3.9790978911348054,2.5216406363433186,2,0,https://paybank.uzzpwsd.cn,1
26,7,0,2,0,0,2,0,0,0,0,0,0,0,1,0,0,0,0,1,4.026986833359287,2.8073549220576046,2,0,https://paybank.nowifea.cn,1
39,10,1,2,0,0,3,0,1,0,0,0,0,0,1,0,0,0,0,1,3.9191403594995746,2.6464393446710157,3,0,https://anetflix.saltliness.com/?access,1
27,7,1,2,0,0,3,0,0,0,0,0,0,0,1,0,0,0,0,1,3.9582291686698783,2.8073549220576046,2,0,https://paybank.lexswnk.cn/,1
27,7,1,2,0,0,3,0,0,0,0,0,0,0,1,0,0,0,0,1,3.736006946447656,2.5216406363433186,2,0,https://paybank.appcmiy.cn/,1
41,6,8,3,0,0,3,0,1,0,0,0,12,0,1,0,0,0,0,1,4.405855662943599,1.9182958340544896,5,0,https://s.kemkes.go.id/7nmnd2b?7234107972,1
26,6,1,2,0,0,3,0,0,0,0,0,0,0,1,0,0,0,0,1,4.056020968057882,2.584962500721156,2,0,https://paybank.modcrw.cn/,1
25,5,1,2,0,0,3,0,0,0,0,0,0,0,1,0,0,0,0,1,3.7834651896016473,2.321928094887362,2,0,https://paybank.agfbh.cn/,1
74,10,43,2,4,0,4,0,0,0,0,0,18,0,1,0,0,0,1,1,4.655484197254748,2.6464393446710157,3,0,https://anetflix.saltliness.com/861bc66c-6d31-da8b-b561-9f9eb721ada5/login,1
26,7,0,2,0,0,2,0,0,0,0,0,0,0,1,0,0,0,0,1,3.9790978911348054,2.8073549220576046,2,0,https://paybank.lexswnk.cn,1
26,7,0,2,0,0,2,0,0,0,0,0,0,0,1,0,0,0,0,1,3.7483286603655745,2.5216406363433186,2,0,https://paybank.appcmiy.cn,1
25,6,0,2,0,0,2,0,0,0,0,0,0,0,1,0,0,0,0,1,4.083856189774725,2.584962500721156,2,0,https://paybank.modcrw.cn,1
24,5,0,2,0,0,2,0,0,0,0,0,0,0,1,0,0,0,0,1,3.8035088547976783,2.321928094887362,2,0,https://paybank.agfbh.cn,1
25,6,0,2,0,0,2,0,0,0,0,0,0,0,1,0,0,0,0,1,3.8936606896881862,2.584962500721156,2,0,https://paybank.bamczq.cn,1
27,8,0,2,0,0,2,0,0,0,0,0,0,0,1,0,0,0,0,1,3.986187965046303,3.0,2,0,https://paybank.qotbcrzs.cn,1
25,6,0,2,0,0,2,0,0,0,0,0,0,0,1,0,0,0,0,1,3.763856189774725,2.2516291673878226,2,0,https://paybank.bwttvk.cn,1
25,6,0,2,0,0,2,0,0,0,0,0,0,0,1,0,0,0,0,1,4.083856189774725,2.584962500721156,2,0,https://paybank.vjedqh.cn,1
25,6,0,2,0,0,2,0,0,0,0,0,0,0,1,0,0,0,0,1,3.9736606896881863,2.584962500721156,2,0,https://paybank.fsugqn.cn,1
25,6,0,2,0,0,2,0,0,0,0,0,0,0,1,0,0,0,0,1,4.053660689688186,2.584962500721156,2,0,https://paybank.wevong.cn,1
18,6,0,1,0,0,2,0,0,0,0,0,0,0,1,0,0,0,0,0,3.725480556997868,2.584962500721156,3,0,https://seoiya.com,1
24,12,0,1,0,0,2,0,0,0,0,0,0,0,1,0,0,0,0,0,3.751629167387823,3.0220552088742005,3,0,https://colokshiowla.com,1
25,13,0,1,2,0,2,0,0,0,0,0,0,0,1,0,0,0,0,0,3.9736606896881863,3.0269868333592873,3,0,https://rise-of-indie.com,1
25,13,0,1,0,0,2,0,0,0,0,0,0,0,1,0,0,0,0,0,3.8936606896881862,3.3927474104487847,3,0,https://mycityexplore.com,1
22,10,0,1,0,0,2,0,0,0,0,0,0,0,1,0,0,0,0,0,3.6069367321753214,2.9219280948873623,3,0,https://santhotels.com,1
41,5,10,2,2,0,4,0,0,0,0,0,0,0,1,0,0,0,0,1,3.9251360057595335,2.321928094887362,2,0,https://homepage-trezo.ghost.io/suite-en/,1
35,5,6,2,1,0,3,0,0,0,0,0,0,0,1,0,0,0,0,1,4.014438730983428,2.321928094887362,2,0,https://global-learn.ghost.io/suite,1
36,5,7,2,1,0,4,0,0,0,0,0,0,0,1,0,0,0,0,1,3.9959065984842455,2.321928094887362,2,0,https://global-learn.ghost.io/suite/,1
31,18,1,1,0,0,3,0,0,0,0,0,0,0,1,0,0,0,0,0,3.8858280691364318,3.1916116417513787,3,0,https://servicepeagefrance.org/,1
40,18,10,2,0,0,3,0,0,0,0,0,0,0,1,0,0,0,0,0,4.046439344671016,3.1916116417513787,3,0,https://servicepeagefrance.org/index.php,1
40,18,1,1,0,0,4,0,0,0,0,0,0,0,1,0,0,0,0,0,3.9250705203641822,3.1916116417513787,3,0,https://servicepeagefrance.org/#/captcha,1
30,13,1,2,1,0,3,0,0,0,0,0,0,0,1,0,0,0,0,1,4.056564762130955,3.0269868333592873,3,0,https://del.ivery-express.com/,1
35,13,6,2,1,0,3,0,0,0,0,0,0,0,1,0,0,0,1,1,4.2290037311070545,3.0269868333592873,3,0,https://del.ivery-express.com/login,1
25,13,0,1,0,0,2,0,0,0,0,0,0,0,1,0,0,0,0,0,3.429275070710714,2.8150724101159437,3,0,https://dstarhotspots.com,1
21,9,0,1,0,0,2,0,0,0,0,0,0,0,1,0,0,0,0,0,3.558518613048906,2.5032583347756456,3,0,https://duoitsduo.com,1
24,12,0,1,0,0,2,0,0,0,0,0,0,0,1,0,0,0,0,0,3.9701755214643453,2.8553885422075336,3,0,https://lifelineeasy.com,1
21,9,0,1,0,0,2,0,0,0,0,0,0,0,1,0,0,0,0,0,3.6897037321995474,2.725480556997868,3,0,https://mybbstuff.com,1
357,8,9,4,10,1,4,0,1,1,0,0,63,0,1,0,0,0,1,2,5.911331753297784,2.75,3,0,https://u46089505.ct.sendgrid.net/ls/click?upn=u001.V1WjEc4eoJEddTdzISo87KjyG4TwZ-2BqDPX5XrGd-2BEP9K2qYDSSL8Yd0Oec58QFQH9Dv3_3ErjSJWdslHeuQ-2FXxvSILhH61VcAnNBam4STv9CAkSAlgGLJvkEEoYvEs88xOP2VmdB6Nv0KMp-2BPu9LNjVMjSSZNsZg1RSxsLqhLYWBzGXbftfpJeqLj3VfKkXRyUjhSMQSpsxafuJS6sg8z7WoJE-2Fb4vV1ucRx0F8SLDq0ccupdxc-2BEG-2Bz1Pjp5fTon0yHM-2BYvUwvUf9CO91JuXPd3Zow-3D-3D,1
27,14,1,1,0,0,3,0,0,0,0,0,0,0,1,0,0,0,0,0,3.6898916687500067,3.039148671903071,3,0,https://searchdestatus.com/,1
36,14,10,2,0,0,3,0,0,0,0,0,0,0,1,0,0,0,0,0,4.239097917988786,3.4677201004744993,3,0,https://votrepeageulys.com/index.php,1
36,14,1,1,0,0,4,0,0,0,0,0,0,0,1,0,0,0,0,0,4.030493056757482,3.4677201004744993,3,0,https://votrepeageulys.com/#/captcha,1
27,14,1,1,0,0,3,0,0,0,0,0,0,0,1,0,0,0,0,0,4.0043444463675275,3.4677201004744993,3,0,https://votrepeageulys.com/,1
20,8,0,1,1,0,2,0,0,0,0,0,0,0,1,0,0,0,0,0,3.784183719779189,2.5,3,0,https://brass-dd.com,1
22,10,0,1,0,0,2,0,0,0,0,0,0,0,1,0,0,0,0,0,3.9139770731827523,2.9219280948873623,3,0,https://enclavesfl.com,1
24,12,0,1,0,0,2,0,0,0,0,0,0,0,1,0,0,0,0,0,4.001629167387823,3.4182958340544896,3,0,https://elkhartgifts.com,1
31,15,0,2,1,0,2,0,0,0,0,0,0,0,1,1,0,0,0,1,3.84888461662912,3.272905595320056,3,0,https://www.ameli-mescompte.com,1
28,15,1,1,0,0,3,0,0,0,0,0,0,0,1,0,0,0,0,0,3.655045546825804,3.056564762130954,3,0,https://consultantusama.com/,1
39,15,1,1,1,0,3,0,1,1,0,0,0,0,1,0,0,0,0,0,4.016583155904197,3.272905595320056,3,0,https://ameli-mescompte.com/?useremail=,1
23,5,7,1,0,0,3,0,0,0,0,0,1,0,1,0,0,0,0,0,4.023136955868885,2.321928094887362,2,0,https://cutly.in/TAsF6I,1
27,8,6,1,0,0,3,0,0,0,0,0,1,0,1,0,0,0,0,0,3.9302703722934536,2.75,4,0,https://shorturl.asia/8iEGW,1
76,13,32,2,3,0,8,0,0,0,0,0,13,0,1,0,0,0,0,1,4.497155802575669,3.0850551027564768,3,0,https://wordpress-211839-0.cloudclusters.net/wp-content/uploads/2026/05/bla/,1
85,13,41,3,3,0,8,0,0,0,0,0,13,0,1,0,0,0,1,1,4.576594395206382,3.0850551027564768,3,0,https://wordpress-211839-0.cloudclusters.net/wp-content/uploads/2026/05/bla/login.php,1
42,14,0,2,0,0,2,0,0,0,0,0,8,0,0,0,0,0,0,1,4.243158791671846,3.2359263506290326,4,0,http://allegrolokalnie.oferta22342279.shop,1
31,8,1,2,0,0,3,0,0,0,0,0,7,0,1,0,0,0,1,1,4.453880987666651,3.0,5,1,https://allegro.195748b2.click/,1
31,8,1,2,0,0,3,0,0,0,0,0,7,0,1,0,0,0,1,1,4.389364858634393,2.75,5,1,https://allegro.163725v3.click/,1
43,9,8,2,2,0,3,0,0,0,0,0,0,0,1,0,0,0,0,1,4.303830742923251,2.94770277922009,3,0,https://upheld-access.wixstudio.com/web-eng,1
44,9,7,2,2,0,3,0,0,0,0,0,0,0,1,0,0,0,1,1,4.2744551302868965,2.94770277922009,3,0,https://secure-iomoonpy.wixstudio.com/en-nav,1
44,9,7,2,2,0,3,0,0,0,0,0,0,0,1,0,0,0,1,1,4.2744551302868965,2.94770277922009,3,0,https://secure-iomoonpy.wixstudio.com/nav-en,1
49,9,9,2,2,0,3,0,0,0,0,0,0,0,0,0,0,0,0,1,4.042882292918191,2.94770277922009,3,0,http://startedio-trxorapps.wixstudio.com/en-start,1
30,8,0,2,0,0,2,0,0,0,0,0,7,0,1,0,0,0,1,1,4.481727678869737,3.0,5,1,https://allegro.195748b2.click,1
40,9,5,2,1,0,3,0,0,0,0,0,0,0,1,0,0,0,0,1,4.146439344671016,2.94770277922009,3,0,https://upholdslog-in.wixstudio.com/usen,1
45,9,9,2,2,0,3,0,0,0,0,0,0,0,0,0,0,0,0,1,4.063749485074333,2.94770277922009,3,0,http://startstrezur-io.wixstudio.com/start-en,1
30,8,0,2,0,0,2,0,0,0,0,0,7,0,1,0,0,0,1,1,4.41506101220307,2.75,5,1,https://allegro.163725v3.click,1
45,9,6,2,3,0,3,0,0,0,0,0,0,0,0,0,0,0,0,1,4.296865596089289,2.94770277922009,3,0,http://io-coinledgar-apps.wixstudio.com/en-us,1
50,9,6,2,3,0,3,0,0,0,0,0,3,0,1,0,0,0,0,1,4.4234651896016475,2.94770277922009,3,0,https://io-coinledgar-apps.wixstudio.com:443/en-us,1
42,6,4,2,3,0,3,0,0,0,0,0,0,0,1,0,0,0,0,1,3.740315565986995,2.584962500721156,3,0,https://trezor-io-start-uss.zapier.app/uss,1
32,6,1,2,0,0,3,0,0,0,0,0,0,0,1,0,0,0,0,1,3.4772170014624826,2.584962500721156,3,0,https://iotrzrrstart.zapier.app/,1
42,9,5,2,1,0,3,0,0,0,0,0,0,0,1,0,0,0,0,1,4.2072117677593,2.94770277922009,3,0,https://cointrackr-apps.wixstudio.com/usen,1
43,9,6,2,2,0,3,0,0,0,0,0,0,0,1,0,0,0,1,1,4.36174295212495,2.94770277922009,3,0,https://swap-jupyter-us.wixstudio.com/login,1
37,8,0,2,0,0,2,0,0,0,0,0,7,0,0,0,0,0,1,1,4.355138758211739,2.75,5,1,http://allegrolokalnie.163725v3.click,1
41,9,7,3,0,0,3,0,0,0,0,0,0,0,1,0,0,0,0,1,3.830010773323189,2.725480556997868,6,0,https://bradescco.cbstorebr.com.br/splash,1
48,9,5,2,1,0,3,0,0,0,0,0,3,0,1,0,0,0,0,1,4.464661719245795,2.94770277922009,3,0,https://trade-hypreliqued.wixstudio.com:443/enus,1
43,9,5,2,1,0,3,0,0,0,0,0,0,0,0,0,0,0,0,1,4.332786847524101,2.94770277922009,3,0,http://trade-hypreliqued.wixstudio.com/enus,1
43,9,5,2,1,0,3,0,0,0,0,0,0,0,1,0,0,0,0,1,4.190929511009918,2.94770277922009,3,0,https://expert-velodrome.wixstudio.com/enus,1
41,9,5,2,1,0,3,0,0,0,0,0,0,0,1,0,0,0,0,1,4.092325102644249,2.94770277922009,3,0,https://io-moonpayapps.wixstudio.com/enus,1
41,9,5,2,1,0,3,0,0,0,0,0,0,0,0,0,0,0,0,1,4.222690418935625,2.94770277922009,3,0,http://cointrackr-apps.wixstudio.com/usen,1
46,9,5,2,1,0,3,0,0,0,0,0,3,0,1,0,0,0,0,1,4.354552444952288,2.94770277922009,3,0,https://cointrackr-apps.wixstudio.com:443/usen,1
46,9,6,2,3,0,3,0,0,0,0,0,0,0,1,0,0,0,0,1,4.284006521086277,2.94770277922009,3,0,https://io-coinledgar-apps.wixstudio.com/en-us,1
46,9,6,2,2,0,3,0,0,0,0,0,0,0,1,0,0,0,0,1,4.2924925977289545,2.94770277922009,3,0,https://homestart-ldjercdn.wixstudio.com/us-en,1
43,9,5,2,1,0,3,0,0,0,0,0,0,0,0,0,0,0,0,1,4.248841720211617,2.94770277922009,3,0,http://ldgreapps-started.wixstudio.com/usen,1
29,12,1,2,1,0,3,0,0,0,0,0,7,0,1,1,0,0,0,1,4.254195650150781,3.584962500721156,3,0,https://www.info-9726105.pro/,1
40,12,12,3,1,0,3,0,0,0,0,0,7,0,1,1,0,0,0,1,4.287326145256008,3.584962500721156,3,0,https://www.info-9726105.pro/captcha.php,1
30,12,1,2,1,0,3,0,0,0,0,0,7,0,1,0,0,0,0,1,4.389898095464288,3.584962500721156,3,0,https://paul.info-9726105.pro/,1
41,12,12,3,1,0,3,0,0,0,0,0,7,0,1,0,0,0,0,1,4.301839504248711,3.584962500721156,3,0,https://paul.info-9726105.pro/captcha.php,1
33,12,1,2,1,0,3,0,0,0,0,0,7,0,1,0,0,0,0,1,4.369707376737533,3.584962500721156,3,0,https://olivier.info-9726105.pro/,1
44,12,12,3,1,0,3,0,0,0,0,0,7,0,1,0,0,0,0,1,4.410818766650533,3.584962500721156,3,0,https://olivier.info-9726105.pro/captcha.php,1
32,12,1,2,1,0,3,0,0,0,0,0,7,0,1,0,0,0,0,1,4.452819531114783,3.584962500721156,3,0,https://gerard.info-9726105.pro/,1
43,12,12,3,1,0,3,0,0,0,0,0,7,0,1,0,0,0,0,1,4.399777185227269,3.584962500721156,3,0,https://gerard.info-9726105.pro/captcha.php,1
33,12,1,2,1,0,3,0,0,0,0,0,7,0,1,0,0,0,0,1,4.392582755590971,3.584962500721156,3,0,https://jeremie.info-9726105.pro/,1
44,12,12,3,1,0,3,0,0,0,0,0,7,0,1,0,0,0,0,1,4.427975300790612,3.584962500721156,3,0,https://jeremie.info-9726105.pro/captcha.php,1
46,12,3,6,0,0,4,0,0,0,0,0,10,1,1,0,0,0,1,5,4.134990152123812,2.3553885422075336,3,0,https://75.166.205.92.host.secureserver.net/d/,1
45,18,0,2,0,0,2,0,0,0,0,0,11,0,0,0,0,0,0,1,4.374860596185444,3.3921472236645345,3,0,http://allegrolokalnie.ofertaa53265745425.cfd,1
28,11,1,2,0,0,3,0,0,0,0,0,7,0,1,1,0,0,0,1,4.110577243331642,3.277613436819116,3,0,https://www.urge5718504.pro/,1
39,11,12,3,0,0,3,0,0,0,0,0,7,0,1,1,0,0,0,1,4.172989962830091,3.277613436819116,3,0,https://www.urge5718504.pro/captcha.php,1
30,11,1,2,0,0,3,0,0,0,0,0,7,0,1,0,0,0,0,1,4.164735178725505,3.277613436819116,3,0,https://weber.urge5718504.pro/,1
41,11,12,3,0,0,3,0,0,0,0,0,7,0,1,0,0,0,0,1,4.232211382973752,3.277613436819116,3,0,https://weber.urge5718504.pro/captcha.php,1
31,11,1,2,0,0,3,0,0,0,0,0,7,0,1,0,0,0,0,1,4.324848729602135,3.277613436819116,3,0,https://fatima.urge5718504.pro/,1
42,11,12,3,0,0,3,0,0,0,0,0,7,0,1,0,0,0,0,1,4.252453066090017,3.277613436819116,3,0,https://fatima.urge5718504.pro/captcha.php,1
33,11,1,2,0,0,3,0,0,0,0,0,7,0,1,0,0,0,0,1,4.124256907946324,3.277613436819116,3,0,https://philippe.urge5718504.pro/,1
44,11,12,3,0,0,3,0,0,0,0,0,7,0,1,0,0,0,0,1,4.1352347434897885,3.277613436819116,3,0,https://philippe.urge5718504.pro/captcha.php,1
32,11,1,2,0,0,3,0,0,0,0,0,7,0,1,0,0,0,0,1,4.077819531114783,3.277613436819116,3,0,https://gregory.urge5718504.pro/,1
43,11,12,3,0,0,3,0,0,0,0,0,7,0,1,0,0,0,0,1,4.184774568998513,3.277613436819116,3,0,https://gregory.urge5718504.pro/captcha.php,1
28,6,1,2,1,0,3,0,0,0,0,0,0,0,1,0,0,0,0,1,3.797902689682947,2.2516291673878226,3,0,https://pnc-nine.vercel.app/,1
38,6,1,3,2,0,3,0,0,0,0,0,6,0,1,0,0,0,0,1,4.168465671110589,2.2516291673878226,5,0,https://link-dana-250000.darksr.my.id/,1
44,6,1,2,4,0,3,0,0,0,0,0,0,0,1,0,0,0,1,1,4.052246460435169,2.584962500721156,3,0,https://secure-one-week--onlyesu.replit.app/,1
33,12,5,2,1,0,4,0,0,0,0,0,0,0,1,1,0,0,0,1,4.104407755459851,3.4182958340544896,3,1,https://www.gov-parkingd.top/com/,1
33,12,5,2,1,0,4,0,0,0,0,0,0,0,1,1,0,0,0,1,4.043801694853791,3.2516291673878226,3,1,https://www.gov-parkinga.top/com/,1
34,12,5,2,1,0,4,0,0,0,0,0,0,0,1,1,0,0,0,1,4.0796786498829745,3.2516291673878226,4,0,https://www.gov-parkinga.shop/com/,1
30,6,1,2,1,0,3,0,0,0,0,0,0,0,1,0,0,0,0,1,4.056564762130955,2.2516291673878226,2,0,https://upheld-desk.framer.ai/,1
36,6,1,2,2,0,3,0,0,0,0,0,6,0,1,0,0,0,0,1,4.009523959475164,2.2516291673878226,3,0,https://more-root-411216.framer.app/,1
38,6,1,2,2,0,3,0,0,0,0,0,0,0,1,0,0,0,1,1,4.253863368422077,2.2516291673878226,3,0,https://mail-midco-support.weebly.com/,1
61,6,1,2,4,0,3,0,0,0,0,0,6,0,1,0,0,0,0,1,4.608261362758672,2.2516291673878226,3,0,https://auth4cgdnb-556-38dhdee-authorize-response.weebly.com/,1
30,6,1,2,0,0,3,0,0,0,0,0,0,0,1,0,0,0,0,1,3.8150610122030697,2.2516291673878226,3,0,https://yahooobcbb.weebly.com/,1
32,6,1,2,0,0,3,0,0,0,0,0,1,0,1,0,0,0,0,1,4.155639062229566,2.2516291673878226,3,0,https://edyuyu7oikop.weebly.com/,1
43,6,1,2,2,0,3,0,0,0,0,0,6,0,1,0,0,0,0,1,4.350342370830228,2.2516291673878226,3,0,https://decisive-concept-891331.framer.app/,1
28,6,1,2,1,0,3,0,0,0,0,0,1,0,1,0,0,0,0,1,4.253434386188784,2.2516291673878226,3,0,https://1aueb-gr.weebly.com/,1
34,6,1,2,0,0,3,0,0,0,0,0,0,0,1,0,0,0,0,1,4.0166871954689665,2.2516291673878226,3,0,https://wrightttpattcu.weebly.com/,1
30,6,1,2,0,0,3,0,0,0,0,0,0,0,1,0,0,0,0,1,4.231401845392172,2.2516291673878226,3,0,https://gtmfrancez.weebly.com/,1
48,7,1,2,4,0,3,0,0,0,0,0,4,0,1,0,0,0,0,1,4.3894608760283615,2.5216406363433186,2,0,https://bellsouth-att-sign-in-6d37a8.webflow.io/,1
45,7,1,2,3,0,3,0,0,0,0,0,1,0,1,0,0,0,0,1,4.082388163769218,2.5216406363433186,2,0,https://nicos-awesome-site-1eeead.webflow.io/,1
31,6,1,2,0,0,3,0,0,0,0,0,1,0,1,0,0,0,0,1,4.014860327200948,2.2516291673878226,3,0,https://outlookowa2.weebly.com/,1
49,6,1,2,2,0,3,0,0,0,0,0,6,0,1,0,0,0,0,1,4.501866476503355,2.2516291673878226,3,0,https://trustworthy-technology-839760.framer.app/,1
35,6,1,2,0,0,3,0,0,0,0,0,3,0,1,0,0,0,0,1,4.414438730983427,2.2516291673878226,3,0,https://8navupdte67fffs.weebly.com/,1
47,10,1,2,1,0,3,0,0,0,0,0,6,0,1,0,0,0,0,1,4.418757405182868,2.8464393446710154,3,0,https://btinternetdgfhgh-100706.weeblysite.com/,1
39,6,1,2,0,0,3,0,0,0,0,0,0,0,1,0,0,0,0,1,4.141064001347103,2.2516291673878226,3,0,https://onlinecourrielwebca.weebly.com/,1
45,6,1,2,0,0,3,0,0,0,0,0,0,0,1,0,0,0,0,1,4.041092818215358,2.2516291673878226,7,0,https://proprodbtemailauthibt.framer.website/,1
36,7,1,2,1,0,3,0,0,0,0,0,0,0,1,0,0,0,0,1,4.138830127032208,2.5216406363433186,2,0,https://multi-factorauth.webflow.io/,1
39,6,1,2,2,0,3,0,0,0,0,0,6,0,1,0,0,0,0,1,4.436186437355485,2.2516291673878226,3,0,https://plucky-group-224183.framer.app/,1
61,6,1,2,3,0,3,0,0,0,0,0,0,0,1,0,0,0,1,1,4.190491797916638,2.2516291673878226,7,0,https://webmail-support-administration-center.framer.website/,1
41,6,1,2,2,0,3,0,0,0,0,0,6,0,1,0,0,0,0,1,4.357075175138721,2.2516291673878226,3,0,https://invisible-path-670355.framer.app/,1
34,6,1,2,0,0,3,0,0,0,0,0,4,0,1,0,0,0,0,1,4.172185915404347,2.2516291673878226,3,0,https://outlookowa2026.weebly.com/,1
40,12,1,2,1,0,3,0,0,0,0,0,2,0,1,0,0,0,0,1,4.184183719779189,3.0220552088742005,3,0,https://site-gjm5oov1p.godaddysites.com/,1
34,6,1,2,1,0,3,0,0,0,0,0,0,0,1,0,0,0,0,1,4.197325708706504,2.2516291673878226,3,0,https://webmail-unibas.weebly.com/,1
30,6,1,2,0,0,3,0,0,0,0,0,0,0,1,0,0,0,0,1,4.123231428797621,2.2516291673878226,3,0,https://hlmdrnserv.weebly.com/,1
39,6,1,2,0,0,3,0,0,0,0,0,2,0,1,0,0,0,0,1,4.387465039153175,2.2516291673878226,3,0,https://kjghfxdfgchjk26msgs.weebly.com/,1
39,6,1,2,0,0,3,0,0,0,0,0,0,0,1,0,0,0,0,1,4.214262795507958,2.2516291673878226,3,0,https://kjytdtruyukufjdhjck.weebly.com/,1
46,6,1,2,3,0,3,0,0,0,0,0,0,0,1,0,0,0,1,1,4.156304282370468,2.2516291673878226,2,0,https://mail-spectrum-net-loginhtml.framer.ai/,1
36,7,1,2,2,0,3,0,0,0,0,0,6,0,1,0,0,0,0,1,4.329239931817579,2.5216406363433186,2,0,https://posta-mfa-218337.webflow.io/,1
46,6,1,2,0,0,3,0,0,0,0,0,0,0,1,0,0,0,0,1,4.1128260215009025,2.2516291673878226,3,0,https://estaciorequestcancellation.weebly.com/,1
39,6,1,2,2,0,3,0,0,0,0,0,6,0,1,0,0,0,0,1,4.387465039153175,2.2516291673878226,3,0,https://witty-dragon-229707.framer.app/,1
34,6,1,2,2,0,3,0,0,0,0,0,0,0,1,0,0,0,0,1,4.256149238118269,2.2516291673878226,3,0,https://anadolu-edu-tr.weebly.com/,1
44,6,1,2,0,0,3,0,0,0,0,0,0,0,1,0,0,0,1,1,4.0067919149806235,2.2516291673878226,3,0,https://rogersmembercentetrlogin.weebly.com/,1
39,6,1,2,2,0,3,0,0,0,0,0,6,0,1,0,0,0,0,1,4.490029141717278,2.2516291673878226,3,0,https://breezy-onion-695203.framer.app/,1
36,6,1,2,0,0,3,0,0,0,0,0,0,0,1,0,0,0,0,1,4.104243668758971,2.2516291673878226,3,0,https://xfinitycomccastt.weebly.com/,1
38,6,1,2,0,0,3,0,0,0,0,0,0,0,1,0,0,0,0,1,4.113206053476119,2.2516291673878226,3,0,https://networkiingtelekom.weebly.com/,1
32,7,1,2,1,0,3,0,0,0,0,0,0,0,1,0,0,0,0,1,4.140319531114783,2.5216406363433186,2,0,https://multi-factor.webflow.io/,1
31,6,1,2,0,0,3,0,0,0,0,0,0,0,1,0,0,0,0,1,4.15565155225257,2.2516291673878226,3,0,https://heklservnic.weebly.com/,1
29,6,1,2,0,0,3,0,0,0,0,0,0,0,1,0,0,0,0,1,3.995237891380887,2.2516291673878226,3,0,https://amisnetsi.weebly.com/,1
40,6,1,2,2,0,3,0,0,0,0,0,6,0,1,0,0,0,0,1,4.296439344671016,2.2516291673878226,3,0,https://unique-humans-559749.framer.app/,1
31,6,1,2,0,0,3,0,0,0,0,0,0,0,1,0,0,0,0,1,4.039211536948157,2.2516291673878226,3,0,https://vrfeverwise.weebly.com/,1
39,6,1,2,2,0,3,0,0,0,0,0,6,0,1,0,0,0,0,1,4.355539077670187,2.2516291673878226,3,0,https://hungry-heron-649221.framer.app/,1
36,6,1,2,0,0,3,0,0,0,0,0,3,0,1,0,0,0,0,1,4.294653473544342,2.2516291673878226,3,0,https://office365spaines.weebly.com/,1
37,6,1,2,0,0,3,0,0,0,0,0,5,0,1,0,0,0,0,1,4.208924987016683,2.2516291673878226,3,0,https://activatepass58895.weebly.com/,1
32,6,1,2,0,0,3,0,0,0,0,0,0,0,1,0,0,0,0,1,4.093139062229566,2.2516291673878226,3,0,https://admindepthpl.weebly.com/,1
41,6,1,2,2,0,3,0,0,0,0,0,6,0,1,0,0,0,0,1,4.424267553240269,2.2516291673878226,3,0,https://tough-biscuits-004851.framer.app/,1
44,6,1,2,2,0,3,0,0,0,0,0,6,0,1,0,0,0,0,1,4.31705292530797,2.2516291673878226,3,0,https://special-retention-140123.framer.app/,1
34,6,1,2,1,0,3,0,0,0,0,0,0,0,1,0,0,0,0,1,4.373796296941799,2.2516291673878226,3,0,https://quironsalud-es.weebly.com/,1
35,10,1,2,1,0,3,0,0,0,0,0,6,0,1,0,0,0,0,1,4.550292659616669,2.8464393446710154,3,0,https://mndx-106249.weeblysite.com/,1
30,6,1,2,0,0,3,0,0,0,0,0,0,0,1,0,0,0,0,1,4.056564762130955,2.2516291673878226,3,0,https://oduiddoikd.weebly.com/,1
28,6,1,2,0,0,3,0,0,0,0,0,2,0,1,0,0,0,0,1,4.280394654123194,2.2516291673878226,3,0,https://zimbra01.weebly.com/,1
38,6,1,2,1,0,3,0,0,0,0,0,0,0,1,0,0,0,0,1,4.188331131693838,2.2516291673878226,3,0,https://liberty-university.weebly.com/,1
45,6,1,2,2,0,3,0,0,0,0,0,6,0,1,0,0,0,0,1,4.320096297369663,2.2516291673878226,3,0,https://brilliant-artboard-531043.framer.app/,1
37,9,0,2,1,0,2,0,0,0,0,0,6,0,0,0,0,0,0,1,4.409192812265793,2.94770277922009,3,0,http://allegrolokalinie.pl-478892.cfd,1
25,7,1,1,0,0,3,0,1,0,0,0,4,0,1,0,0,0,0,0,3.9132696895151087,2.5216406363433186,3,0,https://wshtapp.com/?1234,1
41,14,0,2,0,0,2,0,0,0,0,0,8,0,0,0,0,0,0,1,4.159517480745797,3.378783493486176,3,0,http://allegrolokalnie.oferta38557637.lat,1
44,17,0,2,1,0,2,0,0,0,0,0,4,0,0,0,0,0,0,1,4.126950016748872,3.337175341123077,3,0,http://allegrolokalnie.lokalna-ofeta6767.sbs,1
43,14,1,2,0,0,3,0,0,0,0,0,8,0,1,0,0,0,0,1,4.219885615610767,3.378783493486176,3,0,https://allegrolokalnie.oferta38557637.lat/,1
40,6,1,2,1,0,3,0,0,0,0,0,0,0,1,0,0,0,0,1,3.9439427079182687,2.2516291673878226,3,0,https://shppee-oficiialtinta.vercel.app/,1
34,7,1,2,1,0,3,0,0,0,0,0,0,0,1,0,0,0,0,1,4.101881223476018,2.5216406363433186,3,0,https://anulsocg-gmps.duckdns.org/,1
43,7,10,3,1,0,3,0,0,0,0,0,0,0,1,0,0,0,0,1,4.268719696310997,2.5216406363433186,3,0,https://anulsocg-gmps.duckdns.org/index.php,1
78,6,1,3,6,0,3,0,0,0,0,0,26,0,1,0,0,0,0,2,4.722409872731031,2.584962500721156,3,0,https://82db346f-64aa-4d0b-92cf-f635f34a330c-00-2gve7ebk35g2h.worf.replit.dev/,1
36,20,3,1,0,0,3,0,0,0,0,0,0,0,1,0,0,0,0,0,3.930225265800904,3.3037016960573484,4,0,https://baccredomaticacceson.help/pa,1
32,16,3,1,0,0,3,0,0,0,0,0,0,0,1,0,0,0,0,0,3.8431390622295662,3.0,4,0,https://baciniciarsesion.help/pa,1
26,10,3,1,0,0,3,0,0,0,0,0,0,0,1,0,0,0,0,0,3.6321921215711943,2.4464393446710155,4,0,https://bacacceder.help/pa,1
25,9,3,1,0,0,3,0,0,0,0,0,0,0,1,0,0,0,0,0,3.5932696895151084,2.94770277922009,4,0,https://bacportal.help/pa,1
25,9,3,1,0,0,3,0,0,0,0,0,0,0,1,0,0,0,0,0,3.6430741894285696,2.725480556997868,4,0,https://bacentrar.help/pa,1
25,9,3,1,0,0,3,0,0,0,0,0,0,0,1,0,0,0,0,0,3.452878689342031,2.197159723424149,4,0,https://bacaccess.help/pa,1
26,10,3,1,0,0,3,0,0,0,0,0,0,0,1,0,0,0,0,0,3.6612262562697895,2.6464393446710157,4,0,https://accesorbac.help/pa,1
25,9,3,1,0,0,3,0,0,0,0,0,0,0,1,0,0,0,0,0,3.452878689342031,2.197159723424149,4,0,https://accessbac.help/pa,1
22,6,3,1,0,0,3,0,0,0,0,0,0,0,1,0,0,0,0,0,3.5383105956150063,2.2516291673878226,4,0,https://bacsso.help/pa,1
25,9,3,1,0,0,3,0,0,0,0,0,0,0,1,0,0,0,0,0,3.5932696895151084,2.94770277922009,4,0,https://portalbac.help/pa,1
32,16,3,1,0,0,3,0,0,0,0,0,0,0,1,0,0,0,0,0,3.8431390622295662,3.0,4,0,https://iniciarsesionbac.help/pa,1
27,5,1,2,1,0,3,0,0,0,0,0,0,0,1,0,0,0,0,1,3.986187965046303,2.321928094887362,3,0,https://lok-tert.myvnc.com/,1
27,11,3,1,0,0,3,0,0,0,0,0,0,0,1,0,0,0,0,0,3.828237501842955,3.095795255000934,4,0,https://micuentabac.help/pa,1
25,9,3,1,0,0,3,0,0,0,0,0,0,0,1,0,0,0,0,0,3.6430741894285696,2.725480556997868,4,0,https://entrarbac.help/pa,1
36,5,10,3,1,0,3,0,0,0,0,0,0,0,1,0,0,0,0,1,4.218128820706467,2.321928094887362,3,0,https://lok-tert.myvnc.com/index.php,1
24,8,3,1,0,0,3,0,0,0,0,0,0,0,1,0,0,0,1,0,3.855388542207534,3.0,4,0,https://loginbac.help/pa,1
36,20,3,1,0,0,3,0,0,0,0,0,0,0,1,0,0,0,0,0,3.8746697102453487,3.2037016960573483,4,0,https://baccredomaticaccesoi.help/pa,1
36,20,3,1,0,0,3,0,0,0,0,0,0,0,1,0,0,0,0,0,3.8218881955261783,3.1086949695628423,4,0,https://baccredomaticaccesoc.help/pa,1
36,20,3,1,0,0,3,0,0,0,0,0,0,0,1,0,0,0,0,0,3.8400832519721115,3.165957320949175,4,0,https://baccredomaticaccesoe.help/pa,1
26,10,3,1,0,0,3,0,0,0,0,0,0,0,1,0,0,0,0,0,3.5552690446481177,2.4464393446710155,4,0,https://accesosbac.help/pa,1
26,10,3,1,0,0,3,0,0,0,0,0,0,0,1,0,0,0,0,0,3.6612262562697895,2.6464393446710157,4,0,https://accesozbac.help/pa,1
26,10,3,1,0,0,3,0,0,0,0,0,0,0,1,0,0,0,0,0,3.5364142371222305,2.3709505944546687,4,0,https://accesoabac.help/pa,1
26,10,3,1,0,0,3,0,0,0,0,0,0,0,1,0,0,0,0,0,3.5364142371222305,2.321928094887362,4,0,https://accesocbac.help/pa,1
25,9,4,1,0,0,3,0,0,0,0,0,0,0,1,0,0,0,0,0,3.9736606896881863,2.94770277922009,3,0,https://birevents.com/ftx,1
29,5,9,2,0,0,4,0,0,0,0,0,0,0,1,1,0,0,0,1,3.8664331502253835,2.321928094887362,2,0,https://www.maxig.cl/xinfini/,1
23,5,6,1,0,0,3,0,0,0,0,0,1,0,1,0,0,0,0,0,4.023136955868885,2.321928094887362,3,0,https://clkgo.net/gH9Wj,1
39,13,1,2,0,0,3,0,0,0,0,0,0,0,1,0,0,0,0,1,4.12426856462778,3.3927474104487847,7,0,https://bradesco.gerenciadorpj.digital/,1
47,6,23,2,1,1,5,0,0,0,0,0,0,0,0,0,0,0,0,1,4.347587661184009,2.2516291673878226,2,0,http://dutrkqs.mmtofz.cn/fkhghticg/lub-iu_loui/,1
27,11,3,1,0,0,3,0,0,0,0,0,0,0,1,0,0,0,0,0,3.828237501842955,3.095795255000934,4,0,https://bacmicuenta.help/pa,1
30,6,1,2,0,0,3,0,0,0,0,0,10,0,1,0,0,0,0,1,4.056564762130955,2.2516291673878226,3,0,https://2345665432.vercel.app/,1
32,6,1,2,2,0,3,0,0,0,0,0,0,0,1,0,0,0,0,1,3.9139097655573916,2.2516291673878226,3,0,https://shopee-br-aq.vercel.app/,1
30,7,1,2,0,0,3,0,0,0,0,0,1,0,1,0,0,0,0,1,3.8444138295776114,2.5216406363433186,7,0,https://glico.static2.website/,1
32,6,1,2,1,0,3,0,0,0,0,0,0,0,1,0,0,0,0,1,3.690120407472074,2.2516291673878226,3,0,https://app-apexshop.vercel.app/,1
36,6,1,2,1,0,3,0,0,0,0,0,0,0,1,0,0,0,0,1,4.027719015921098,2.2516291673878226,3,0,https://shoppebr-oficial.vercel.app/,1
36,6,1,2,1,0,3,0,0,0,0,0,0,0,1,0,0,0,0,1,4.016875695766564,2.2516291673878226,3,0,https://shpeebr-oficials.vercel.app/,1
145,12,16,2,0,5,3,0,1,5,4,0,3,0,1,0,0,0,0,1,4.592403473700396,3.4182958340544896,4,0,https://pay.highcompanyt.shop/nWrxGWvBjEwZ654?utm_source=organic&amp;amp;utm_campaign=&amp;amp;utm_medium=&amp;amp;utm_content=&amp;amp;utm_term=,1
34,2,1,2,2,0,3,0,0,0,0,0,2,0,1,0,0,0,0,1,3.9513101799829666,1.0,2,0,https://lnlcl0-sesi0n-llean.xo.je/,1
35,3,1,2,1,0,3,0,0,0,0,0,0,0,1,0,0,0,1,1,4.264578373902384,1.584962500721156,2,0,https://superlogin-pchincha.zya.me/,1
36,6,1,2,3,0,3,0,0,0,0,0,4,0,1,0,0,0,0,1,4.2527152789797045,2.2516291673878226,3,0,https://bhd-leon-2026-rd.vercel.app/,1
41,5,1,2,0,0,3,0,1,1,0,0,1,0,1,0,0,0,0,1,4.1898860782540055,1.9219280948873623,3,0,https://gestionsecuritybac.iceiy.com/?i=1,1
29,16,1,1,1,0,3,0,0,0,0,0,0,0,1,0,0,0,0,0,4.0472990984266435,3.327819531114783,3,0,https://france-peageinfo.com/,1
33,16,1,2,1,0,3,0,0,0,0,0,0,0,1,1,0,0,0,1,4.12728313431329,3.327819531114783,3,0,https://www.france-peageinfo.com/,1
53,5,27,4,0,0,7,0,0,0,0,0,0,0,1,0,0,1,0,1,4.2670540023892265,2.321928094887362,5,0,https://bapedi.aserv.co.za/~optimikr//sol//index.html,1
39,11,1,2,0,0,3,0,0,0,0,0,0,0,1,0,0,0,0,1,4.006573937300012,2.8453509366224368,7,0,https://netempresa.novaagencia.digital/,1
33,8,0,2,0,0,2,0,0,0,0,0,0,0,1,0,0,0,0,1,4.12728313431329,2.75,7,0,https://bradesco.bloqueio.digital,1
41,15,11,1,0,0,4,0,0,0,0,0,0,0,1,0,0,0,0,0,4.043544614839371,3.1898980954642875,6,0,https://elshadaydigital.online/provincia/,1
137,19,89,2,12,0,4,0,0,0,0,0,7,0,1,0,0,0,0,1,4.705481250538673,3.747413039531642,4,0,https://allegrolokalnie.letnie-okazje642544.cyou/oferta/Meble-tarasowe---ogrodowe-Nowoczesny-gruby-profil-Aluminium-Dostawa-Gratis-xngfl4,1
50,6,1,2,5,0,3,0,0,0,0,0,0,0,0,0,0,0,0,1,4.2561746300696415,2.2516291673878226,3,0,http://dop-cancele-compra-bhd-aqui-dom.weebly.com/,1
78,6,0,3,6,0,2,0,0,0,0,0,30,0,1,0,0,0,0,2,4.760620770055982,2.584962500721156,3,0,https://33947294-da73-4a53-8b06-a9c421bc016c-00-3p4ufgg4h88di.riker.replit.dev,1
77,5,44,2,5,0,4,0,0,0,0,0,12,0,1,0,0,0,0,1,4.911195106829918,2.321928094887362,3,1,https://allegrolokalnie.76510.top/oferta/Felgi-VOLKSWAGEN-17-cali-5x112-sdl7e,1
55,8,18,4,0,0,4,0,0,0,0,0,0,0,1,1,0,0,0,2,4.190742559790769,2.75,4,0,https://www.facturearea.sviluppo.host/index/details.php,1
44,8,7,3,0,0,4,0,0,0,0,0,0,0,1,1,0,0,0,2,4.220128777433188,2.75,4,0,https://www.facturearea.sviluppo.host/index/,1
40,8,7,2,0,0,4,0,0,0,0,0,0,0,1,0,0,0,0,1,4.146439344671016,2.75,4,0,https://facturearea.sviluppo.host/index/,1
51,8,18,3,0,0,4,0,0,0,0,0,0,0,1,0,0,0,0,1,4.1139166467682795,2.75,4,0,https://facturearea.sviluppo.host/index/details.php,1
37,6,1,2,0,0,3,0,0,0,0,0,0,0,1,0,0,0,0,1,4.005958095007847,2.2516291673878226,3,0,https://uivasorteofficial.vercel.app/,1
44,4,1,2,4,0,3,0,0,0,0,0,2,0,1,0,0,0,0,1,4.237285311573267,2.0,4,0,https://bnp-paribas-line-com-69ym.bolt.host/,1
53,4,10,3,4,0,3,0,0,0,0,0,2,0,1,0,0,0,0,1,4.338321577360472,2.0,4,0,https://bnp-paribas-line-com-69ym.bolt.host/index.php,1
51,8,1,2,1,0,3,0,0,0,0,0,0,0,1,0,0,0,0,1,4.270779391866319,2.25,3,0,https://procesosfalabellavirtual-ilxo.onrender.com/,1
38,7,1,2,1,0,3,0,0,0,0,0,0,0,1,0,0,0,0,1,4.1261067112569885,2.5216406363433186,3,0,https://socgen-annulation.duckdns.org/,1
47,7,10,3,1,0,3,0,0,0,0,0,0,0,1,0,0,0,0,1,4.218546564029314,2.5216406363433186,3,0,https://socgen-annulation.duckdns.org/index.php,1
74,14,18,2,0,0,4,0,1,1,0,0,8,0,1,0,0,0,0,1,5.168648635782276,3.378783493486176,2,0,https://certificado.cidconsultoria.es/RAIOLANETWORKSES/?839GH120LK=78QWErT,1
42,11,10,3,0,0,3,0,0,0,0,0,0,0,1,0,0,0,1,1,4.008056339745007,3.277613436819116,6,0,https://nikok.lingardedkb.online/login.php,1
39,8,19,1,0,0,7,0,0,0,0,0,0,0,1,0,0,0,1,0,3.966788835138644,2.5,3,0,https://microcix.com/tmp/dkb/dkb/Login/,1
82,12,32,3,2,0,5,0,0,0,0,0,3,0,1,0,0,0,1,1,4.450131801402826,3.0220552088742005,3,0,https://kunedenservice-pu1os37ybz.live-website.com/kundenservice/content/login.php,1
61,7,0,3,5,0,2,0,0,0,0,0,4,0,1,0,0,0,0,2,4.615346666128009,2.5216406363433186,3,0,https://formulario-digital-citas-ajyh-2026.cr-web.workers.dev,1
71,7,10,3,5,0,3,0,0,0,0,0,4,0,1,0,0,0,0,2,4.5651908735325994,2.5216406363433186,3,0,https://formulario-digital-citas-ajyh-2026.cr-web.workers.dev/servicios,1
53,7,0,3,4,0,2,0,0,0,0,0,4,0,1,0,0,0,0,2,4.447273228507969,2.5216406363433186,3,0,https://registro-digital-ambh-2026.cr-web.workers.dev,1
63,7,10,3,4,0,3,0,0,0,0,0,4,0,1,0,0,0,0,2,4.412147242005824,2.5216406363433186,3,0,https://registro-digital-ambh-2026.cr-web.workers.dev/servicios,1
239,7,189,2,6,3,3,0,0,0,0,0,32,0,1,0,0,0,0,1,5.8492179987509,2.128085278891395,3,0,https://blingcompte0029-dot-yamm-track.appspot.com/2JbvZRzHIGWotWNKzj49MrBC6i1FvTe5EOb_-8DSsgVphHsw_ngEO_LrYorCQ9UFc-5l7zDleO7c0uBsfb5LP4abzfvAXr9UII0XOcmCD0JTWwd8KZoUhFh-Ex8sFZjxfEtXB7Z6MCwdJt4bptycgEg2D1AOBQkqIJJ29XnFWukDWIPHHbV5kEbRtls0,1
43,8,23,1,0,0,5,0,0,0,0,0,5,0,1,0,0,0,0,0,4.580578057571858,2.75,3,0,https://7265wfgf.lat/xgruwsge/dRXn8r/OlnbtJ,1
42,6,23,1,0,0,5,0,0,0,0,0,3,0,1,0,0,0,0,0,4.490548304185255,2.2516291673878226,4,0,https://2hhy6g.hair/xgruwsge/dRXn8r/OlnbtJ,1
77,11,26,2,1,0,5,0,1,1,0,0,5,0,1,0,0,0,0,1,4.80570220999337,3.095795255000934,3,0,https://klelnanzeigen-deutch.quantumcbts.com/receive/order/sdMC03hioEl?r=0x14,1
38,9,6,2,1,0,3,0,0,0,0,0,0,0,0,0,0,0,0,1,4.0632025132158525,2.94770277922009,3,0,http://ioweb-trexo.wixstudio.com/start,1
43,8,23,1,0,0,5,0,0,0,0,0,5,0,1,0,0,0,0,0,4.514188453565502,2.75,3,0,https://1525hwyt.lat/xgruwsge/dRXn8r/OlnbtJ,1
33,6,0,2,0,0,2,0,0,0,0,0,4,0,0,0,0,0,0,1,3.9912157102019847,2.2516291673878226,3,1,http://allegrolokalnie.4542og.top,1
37,5,1,2,0,0,3,0,1,1,0,0,5,0,1,0,0,0,0,1,4.432294243948856,1.9219280948873623,3,0,https://bhdoline2026rd.iceiy.com/?i=1,1
193,6,26,8,5,6,5,0,1,2,1,0,31,0,1,0,0,0,0,1,5.668878557706908,2.2516291673878226,2,0,https://klelnanzeigen-deutch.voicie.cc/receive/order/fm7BBT-c6Ct?r=0x14&__cf_chl_rt_tk=52ub5PLB6mT2uIwybSZalMitstj_uesS.DwNBrPoPHI-1779454918-1.0.1.1-NcfEX1AKmFwOc.GPuIXG3IF45b5H3.vmYLcrXr4QBJU,1
193,6,26,7,5,5,5,0,1,2,1,0,33,0,1,0,0,0,0,1,5.661215605860029,2.2516291673878226,2,0,https://klelnanzeigen-deutch.voicie.cc/receive/order/fm7BBT-c6Ct?r=0x14&__cf_chl_rt_tk=w8rIJ82kVKh50ZbTwAjnFl9qO9z4at4PZMwfGbJFxEk-1779454911-1.0.1.1-BRJgOkRJ20hb.QUqFSJTJh5FTQbNh.vLhUCac3bp9Bk,1
71,6,26,2,2,0,5,0,1,1,0,0,5,0,1,0,0,0,0,1,4.735611513956682,2.2516291673878226,2,0,https://klelnanzeigen-deutch.voicie.cc/receive/order/fm7BBT-c6Ct?r=0x14,1
64,22,26,3,0,0,4,0,0,0,0,0,0,0,1,1,0,0,0,1,4.214768072054203,3.5160276412662306,3,0,https://www.multipropositolosandes.com/GillesPelletier/afmq.html,1
116,5,42,4,2,0,6,0,1,1,0,0,52,0,1,0,0,0,0,1,4.848716663602011,2.321928094887362,3,0,https://p0nt-bra-fidelis1.dynv6.net/B8420266/755498457442026/mobile/index.php?hash=15867159226a0fa9f35152d2.36982946,1
42,9,6,2,2,0,3,0,0,0,0,0,0,0,0,0,0,0,0,1,4.123645696227706,2.94770277922009,3,0,http://startstrezur-io.wixstudio.com/en-us,1
41,9,6,2,2,0,3,0,0,0,0,0,0,0,1,0,0,0,0,1,4.253059016443833,2.94770277922009,3,0,https://bridgeweb-hub.wixstudio.com/us-en,1
42,9,6,2,2,0,3,0,0,0,0,0,0,0,0,0,0,0,0,1,4.171264743846754,2.94770277922009,3,0,http://trezurstart-app.wixstudio.com/en-us,1
83,16,10,2,0,0,4,0,1,1,0,0,27,0,1,0,0,0,0,1,5.09625671463105,3.625,4,0,https://allegro.auckj48534920312.shop/lokalnie/?id=5r5H5x2L5b2d8j9b1G9j9V2E3T4c2z4I,1
48,9,8,2,2,0,3,0,0,0,0,0,0,0,1,0,0,0,0,1,4.063388283228294,2.94770277922009,3,0,https://access-desktopapps.wixstudio.com/my-site,1
33,4,1,2,0,0,3,0,0,0,0,0,3,0,1,0,0,0,0,1,4.354852073838349,1.5,5,0,https://3duzy5sgifg2i.kimi.place/,1
27,14,1,1,1,0,3,0,0,0,0,0,0,0,1,0,0,0,0,0,4.032303242743953,3.378783493486176,3,0,https://bcr-lngresoweb.lat/,1
24,9,1,1,1,0,3,0,0,0,0,0,0,0,1,0,0,0,1,0,3.9072682296173893,2.94770277922009,5,1,https://red-local.click/,1
30,13,1,1,0,0,3,0,0,0,0,0,0,0,1,0,0,0,0,0,3.602910079649727,2.7192945256669794,7,0,https://assistentebia.digital/,1
42,6,1,2,2,0,3,0,0,0,0,0,1,0,1,0,0,0,0,1,4.028407600989611,2.2516291673878226,3,0,https://v0-vendas-sodresantoro.vercel.app/,1
193,6,26,5,4,8,5,0,1,2,1,0,35,0,1,0,0,0,0,1,5.671599588274328,2.2516291673878226,2,0,https://klelnanzeigen-deutch.voicie.cc/receive/order/JoitlV_wzK_?r=0x15&__cf_chl_rt_tk=HE6QK41cCFmee8ESZWqw4KJiajW5lUS2hvUgxg0UrV4-1779448493-1.0.1.1-fzS812PuzuGvVWxvJALmfwZXZ_0OThR7HxYRdR3s778,1
193,6,26,6,4,9,5,0,1,2,1,0,30,0,1,0,0,0,0,1,5.64176404422956,2.2516291673878226,2,0,https://klelnanzeigen-deutch.voicie.cc/receive/order/JoitlV_wzK_?r=0x15&__cf_chl_rt_tk=ig.7kpGpCYynJ1qrdEVeFV9QEFPnsW76FdHj7EGR2aw-1779448487-1.0.1.1-VMhzd2mtLFUtiQ8U3GSjIDRh1mydMesa_tSC6_gBxK4,1
71,6,26,2,1,2,5,0,1,1,0,0,3,0,1,0,0,0,0,1,4.662100514676772,2.2516291673878226,2,0,https://klelnanzeigen-deutch.voicie.cc/receive/order/JoitlV_wzK_?r=0x15,1
27,10,1,2,0,0,3,0,0,0,0,0,7,0,1,1,0,0,0,1,3.9582291686698783,2.9219280948873623,3,0,https://www.grv5718513.pro/,1
38,10,12,3,0,0,3,0,0,0,0,0,7,0,1,1,0,0,0,1,4.053609671726371,2.9219280948873623,3,0,https://www.grv5718513.pro/captcha.php,1
31,10,1,2,0,0,3,0,0,0,0,0,7,0,1,0,0,0,0,1,4.195816471537619,2.9219280948873623,3,0,https://nassabi.grv5718513.pro/,1
42,10,12,3,0,0,3,0,0,0,0,0,7,0,1,0,0,0,0,1,4.168886994558423,2.9219280948873623,3,0,https://nassabi.grv5718513.pro/captcha.php,1
29,10,1,2,0,0,3,0,0,0,0,0,7,0,1,0,0,0,0,1,4.21126073643228,2.9219280948873623,3,0,https://amina.grv5718513.pro/,1
40,10,12,3,0,0,3,0,0,0,0,0,7,0,1,0,0,0,0,1,4.156198332810096,2.9219280948873623,3,0,https://amina.grv5718513.pro/captcha.php,1
31,10,1,2,0,0,3,0,0,0,0,0,7,0,1,0,0,0,0,1,4.195816471537619,2.9219280948873623,3,0,https://charles.grv5718513.pro/,1
42,10,12,3,0,0,3,0,0,0,0,0,7,0,1,0,0,0,0,1,4.103294434983103,2.9219280948873623,3,0,https://charles.grv5718513.pro/captcha.php,1
30,10,1,2,0,0,3,0,0,0,0,0,7,0,1,0,0,0,0,1,4.2817276788697365,2.9219280948873623,3,0,https://sabine.grv5718513.pro/,1
240,5,13,2,0,0,3,0,1,2,1,2,31,0,1,0,0,0,0,1,5.829595985515683,2.321928094887362,3,0,https://kleinanzeigen.096gz.com/218389217743?mail=W0NBVENIXQ%3D%3D&meta=rlWjMKWwLJ50LJqyVwb1YPWhLJ1yVwbvKUHlAzRkKUIzMGOzVRAuqTAbGJHtGJScoTIlVvjvL2uuqS9cMPV6YGRjZQV5BQLkZmt0ZGNfVaAypaMcL2HvBvWeoTIcozShrzIcM2IhVvjvqUyjMFV6VzAuqTAboJIsoJScoPW9,1
41,10,12,3,0,0,3,0,0,0,0,0,7,0,1,0,0,0,0,1,4.250623273270421,2.9219280948873623,3,0,https://sabine.grv5718513.pro/captcha.php,1
232,5,13,2,0,0,3,0,1,2,1,2,35,0,1,0,0,0,0,1,5.733341246532591,2.321928094887362,3,0,https://kleinanzeigen.096gz.com/782823666570?mail=W1lPVVJd&meta=rlWjMKWwLJ50LJqyVwb1YPWhLJ1yVwbvKUHlAmL0KUIzMGOzVSyiqKVtGJScoTIlVvjvL2uuqS9cMPV6YGRjZQV5Zmt2AGt0ZGDfVaAypaMcL2HvBvWeoTIcozShrzIcM2IhVvjvqUyjMFV6Vz1unJkypy9jpz8vsD%3D%3D,1
32,5,0,2,0,0,2,0,0,0,0,0,5,0,0,0,0,0,0,1,4.375,2.321928094887362,3,0,http://allegrolokalnie.58176.cfd,1
43,9,16,2,2,0,3,0,0,0,0,0,5,0,1,0,0,0,1,1,4.5165109063587545,2.197159723424149,3,0,https://pairs.rakkuhara.com/login-81b7-45ad,1
28,8,5,2,0,0,3,0,0,0,0,0,0,0,1,1,0,0,0,1,4.039148671903071,2.75,2,0,https://www.dageyuan.cn/home,1
55,8,1,2,0,0,3,0,1,1,1,0,4,0,1,0,0,0,1,1,4.70827698609459,2.75,3,0,https://login.zhiyi024.com/?ig4zmeyDqubB&amp;type=ponta,1
58,10,1,2,0,0,3,0,1,1,1,0,0,0,1,1,0,0,0,1,4.916098400591526,3.1219280948873624,3,0,https://www.fulaikeduo.com/?GMtqfHydXIQO&amp;type=jrepoint,1
32,12,5,2,0,0,3,0,0,0,0,0,0,0,1,1,0,0,0,1,4.241729296672175,3.188721875540867,2,0,https://www.laikexingqiu.cn/home,1
56,7,1,3,4,0,3,0,0,0,0,0,4,0,1,0,0,0,0,2,4.648536118672228,2.5216406363433186,3,0,https://formulario-digital-2026-amnj.cr-web.workers.dev/,1
33,7,1,2,1,0,3,0,0,0,0,0,0,0,1,0,0,0,0,1,4.066677073707229,2.5216406363433186,3,0,https://annulation-s.duckdns.org/,1
42,7,10,3,1,0,3,0,0,0,0,0,0,0,1,0,0,0,0,1,4.198532530221198,2.5216406363433186,3,0,https://annulation-s.duckdns.org/index.php,1
23,10,1,1,1,0,3,0,0,0,0,0,0,0,1,0,0,0,0,0,3.675310868912364,2.4464393446710155,3,0,https://snnbc-bnkk.com/,1
23,10,1,1,1,0,3,0,0,0,0,0,0,0,1,0,0,0,0,0,3.7622673906514943,2.6464393446710157,3,0,https://snnbc-bnkj.com/,1
23,10,1,1,1,0,3,0,0,0,0,0,0,0,1,0,0,0,0,0,3.7622673906514943,2.6464393446710157,3,0,https://snnbc-bnki.com/,1
23,10,1,1,1,0,3,0,0,0,0,0,0,0,1,0,0,0,0,0,3.675310868912364,2.6464393446710157,3,0,https://snnbc-bnkh.com/,1
23,10,1,1,1,0,3,0,0,0,0,0,0,0,1,0,0,0,0,0,3.7622673906514943,2.6464393446710157,3,0,https://snnbc-bnkg.com/,1
23,10,1,1,1,0,3,0,0,0,0,0,0,0,1,0,0,0,0,0,3.7622673906514943,2.6464393446710157,3,0,https://snnbc-bnkf.com/,1
23,10,1,1,1,0,3,0,0,0,0,0,0,0,1,0,0,0,0,0,3.7622673906514943,2.6464393446710157,3,0,https://snnbc-bnke.com/,1
23,10,1,1,1,0,3,0,0,0,0,0,0,0,1,0,0,0,0,0,3.7622673906514943,2.6464393446710157,3,0,https://snnbc-bnkd.com/,1
23,10,1,1,1,0,3,0,0,0,0,0,0,0,1,0,0,0,0,0,3.642489673166126,2.4464393446710155,3,0,https://snnbc-bnkc.com/,1
23,10,1,1,1,0,3,0,0,0,0,0,0,0,1,0,0,0,0,0,3.642489673166126,2.3709505944546687,3,0,https://snnbc-bnkb.com/,1
23,10,1,1,1,0,3,0,0,0,0,0,0,0,1,0,0,0,0,0,3.7622673906514943,2.6464393446710157,3,0,https://snnbc-bnka.com/,1
30,6,9,2,1,0,3,0,0,0,0,0,0,0,1,0,0,0,0,1,3.9362434129830604,2.584962500721156,2,0,https://brt.gzsbyo.cc/track-it,1
37,4,14,3,0,0,4,0,0,0,0,0,7,0,0,0,0,0,0,1,4.013111135723804,2.0,2,0,http://a1263367.xsph.ru/adda/adob.php,1
42,6,22,3,0,0,4,0,0,0,0,1,3,0,1,0,0,0,0,0,4.510899565429859,2.584962500721156,5,0,https://emspro.co.za/logs/index%20(4).html,1
75,25,38,2,0,0,4,0,0,0,0,0,0,0,1,0,0,0,0,0,4.1777580243741665,3.1092750707107135,3,0,https://vintagevoltageengineering.com/GrowingContigoLLC/KennethLinares.html,1
99,36,41,3,8,0,3,0,0,0,0,0,36,0,1,0,0,0,1,1,4.565944843355754,3.6943856825877637,5,1,https://vkiaril.ca6a8b74-32ac-45ea-84f0-fb607b8789ab.click/64cde040-2235-45be-a3f6-4dcd6c886dbe.php,1
72,5,16,4,5,0,4,0,0,0,0,0,10,0,1,0,0,0,2,2,4.3977433709726075,2.321928094887362,4,0,https://meine-secureeline-login.91-218-65-223.plesk.page/intel/login.php,1
521,8,19,9,1,0,3,0,1,1,0,37,96,0,1,0,0,0,0,1,5.206767878180405,2.5,3,0,https://join.wwfindia.org/nature-warrior.php?source=%22%2F%3E%3Cimg%20src%3D%22https%3A%2F%2Fgoogle.com%2FwyFp7fKX3WVRb.jpg%22%20onerror%3D%22window.location%3DdecodeURIComponent%28atob%28%27Njg3NDc0NzA3MzNhMmYyZjc2NmI2OTYxNzI2OTZjMmU2MzYxMzY2MTM4NjIzNzM0MmQzMzMyNjE2MzJkMzQzNTY1NjEyZDM4MzQ2NjMwMmQ2NjYyMzYzMDM3NjIzODM3MzgzOTYxNjIyZTYzNmM2OTYzNmIyZjM2MzQ2MzY0NjUzMDM0MzAyZDMyMzIzMzM1MmQzNDM1NjI2NTJkNjEzMzY2MzYyZDM0NjQ2MzY0MzY2MzM4MzgzNjY0NjI2NTJlNzA2ODcw%27%29.replace%28%2F%28..%29%2Fg%2C%20%27%25%241%27%29%29%3B%22%3E,1
42,9,6,2,2,0,3,0,0,0,0,0,0,0,1,0,0,0,0,1,4.076026648608658,2.94770277922009,3,0,https://desk-suiteapps.wixstudio.com/us-en,1
44,9,6,2,2,0,3,0,0,0,0,0,0,0,1,0,0,0,0,1,4.263313653112509,2.94770277922009,3,0,https://projects-bridges.wixstudio.com/us-en,1
48,9,6,2,2,0,3,0,0,0,0,0,0,0,1,0,0,0,0,1,4.195982616074134,2.94770277922009,3,0,https://started-bridge-trezr.wixstudio.com/auths,1
42,9,8,2,1,0,3,0,0,0,0,0,0,0,1,0,0,0,0,1,4.157214970851921,2.94770277922009,3,0,https://desktoplivex.wixstudio.com/my-site,1
47,9,6,2,3,0,3,0,0,0,0,0,0,0,1,0,0,0,0,1,4.2303584057727965,2.94770277922009,3,0,https://en-desktops-ledgxer.wixstudio.com/us-en,1
45,9,6,2,3,0,3,0,0,0,0,0,0,0,1,0,0,0,0,1,4.2691964294707,2.94770277922009,3,0,https://eng-desktop-ldger.wixstudio.com/us-en,1
44,9,8,2,1,0,3,0,0,0,0,0,0,0,1,0,0,0,0,1,4.062069267379024,2.94770277922009,3,0,https://desktop-server.wixstudio.com/desktop,1
41,9,5,2,1,0,3,0,0,0,0,0,0,0,1,0,0,0,0,1,4.271470906740503,2.94770277922009,3,0,https://ledgro-liveapp.wixstudio.com/live,1
34,6,0,2,0,0,2,0,0,0,0,0,4,0,1,0,0,0,0,1,4.124083797069061,2.584962500721156,3,1,https://allegrolokalnie.6583og.top,1
78,16,44,3,1,0,7,0,0,0,0,0,0,0,1,0,0,0,0,1,4.276092643075475,3.375,3,0,https://wendy.mystagingwebsite.com/wp-content/plugins/sincous/public/index.php,1
40,14,10,2,1,0,3,0,0,0,0,0,1,0,1,1,0,0,0,1,4.215311532225103,3.1820058147602137,3,0,https://www.h5-shoumizhibo.com/arewaenen,1
40,14,11,2,1,0,4,0,0,0,0,0,1,0,0,1,0,0,0,1,4.184183719779189,3.1820058147602137,3,0,http://www.h5-shoumizhibo.com/arewaenen/,1
41,14,11,2,1,0,4,0,0,0,0,0,1,0,1,1,0,0,0,1,4.198777004512549,3.1820058147602137,3,0,https://www.h5-shoumizhibo.com/arewaenen/,1
72,13,21,3,2,0,5,0,0,0,0,0,14,0,1,0,0,0,0,1,4.780851828270856,3.238901256602631,3,0,https://wordpress-1628565-6437000.cloudwaysapps.com/ZERRZEE/auth/log.php,1
51,8,1,2,0,0,3,0,1,1,0,0,26,0,1,0,0,0,0,1,4.309995078140829,2.75,3,0,https://7213455123465813475836354.blogspot.com/?m=1,1
47,8,1,2,0,0,3,0,0,0,0,0,25,0,1,0,0,0,0,1,4.187805214283435,2.75,3,0,https://7213455123465813475836354.blogspot.com/,1
41,11,0,2,0,0,2,0,0,0,0,0,9,0,1,0,0,0,1,1,4.277926089825635,2.663532754804255,5,1,https://allegrolokalnie.pl655383454.click,1
83,6,45,3,2,0,5,0,0,0,0,0,24,0,1,0,0,0,0,1,4.861510407939917,1.9182958340544896,2,0,https://nardowy-site-clients.armann.se/797310df979004ae9651651e893a4bf2/PL/card.php,1
35,9,10,2,0,0,3,0,0,0,0,0,0,0,1,1,0,0,0,1,3.9217212310452405,2.725480556997868,3,0,https://www.qavnative.com/arewaenen,1
35,9,11,2,0,0,4,0,0,0,0,0,0,0,0,1,0,0,0,1,3.829003731107054,2.725480556997868,3,0,http://www.qavnative.com/arewaenen/,1
73,45,0,2,6,0,2,0,0,0,0,0,5,0,1,0,0,0,0,1,4.435644936300411,4.146756984930102,3,0,https://allegrolokalnie.ploferta-telefon-pixel-10-pro-512gb-gwarancja.sbs,1
148,10,57,5,5,0,7,0,1,2,1,0,25,0,1,0,0,0,0,1,4.954371910816518,2.9219280948873623,3,0,https://firebasestorage.googleapis.com/v0/b/thtnwallnwdmn11.appspot.com/o/R1-mmmnneuusuumm.html?alt=media&token=cfc51f89-70e9-4bd8-9687-ac00c985f612,1
36,9,11,2,0,0,4,0,0,0,0,0,0,0,1,1,0,0,0,1,3.9057645846554525,2.725480556997868,3,0,https://www.qavnative.com/arewaenen/,1
41,7,0,2,2,0,2,0,0,0,0,0,4,0,0,0,0,0,0,1,4.442679443536939,2.8073549220576046,3,0,http://cosmic-raindrop-2e0f38.netlify.app,1
43,7,1,2,2,0,3,0,0,0,0,0,4,0,1,0,0,0,0,1,4.443365626644182,2.8073549220576046,3,0,https://cosmic-raindrop-2e0f38.netlify.app/,1
343,3,9,3,9,1,4,0,1,1,0,0,53,0,0,0,0,0,1,1,5.8898859935579,1.584962500721156,3,0,http://url414.ucf.edu/ls/click?upn=u001.LlD2eeb7FrRssjXcZFaIAMnowgiUb-2B1Tx1A2RKmSgQNLJBfP6NaPquBjNQwWZcwctFZN_Z1dd0htOOzW9IbQkDigg21O85PkWPViQFI1pxYS26jhRVslTzucNk-2Brr0OlXHVFv6EQiIlwVMKwZP3N2OfqlxSnAj8pg2-2FqQIwVIhWNb7nAJbh4liBWTOAWkSm6PTRK33hSyHB4LJo7frdZ-2FvavfiQKu-2B2rqy2bBuBG3ZKF4W-2BFCZQYseHx5rN3DXx-2BAJvXERCnZy6rH8Z6kJLnVPaZlMA-3D-3D,1
36,15,9,2,0,0,3,0,0,0,0,0,0,0,1,0,0,0,0,0,4.051462154039801,3.240223928941852,3,0,https://adwaidsolutions.com/vcn.html,1
31,18,1,1,0,0,3,0,0,0,0,0,0,0,1,0,0,0,0,0,3.9503441981686898,3.1916116417513787,3,0,https://servicepeagefrance.com/,1
35,18,1,2,0,0,3,0,0,0,0,0,0,0,1,1,0,0,0,1,4.04716007463276,3.1916116417513787,3,0,https://www.servicepeagefrance.com/,1
42,9,12,2,0,0,4,0,0,0,0,0,2,0,1,0,0,0,0,1,4.481254029767084,2.725480556997868,3,0,https://nuoewpjc.formester.com/f/7SMdnVig4,1
72,13,21,3,2,0,5,0,0,0,0,0,14,0,1,0,0,0,0,1,4.801820925553175,3.238901256602631,3,0,https://wordpress-1627681-6431917.cloudwaysapps.com/AFRERTA/auth/log.php,1
50,8,1,2,0,0,3,0,0,0,0,0,28,0,1,0,0,0,0,1,3.8888840705376357,2.75,3,0,https://2454352567345245262433464343.blogspot.com/,1
30,7,0,2,1,0,2,0,0,0,0,0,0,0,0,0,0,0,0,1,4.031401845392172,2.5216406363433186,2,0,http://agoda-ddubai.webflow.io,1
32,7,1,2,1,0,3,0,0,0,0,0,0,0,1,0,0,0,0,1,4.093139062229566,2.5216406363433186,2,0,https://agoda-ddubai.webflow.io/,1
33,13,4,2,1,0,3,0,0,0,0,0,0,0,1,1,0,0,1,1,4.0060710131011685,3.3927474104487847,3,0,https://www.account-aplem.com/web,1
33,13,5,2,1,0,4,0,0,0,0,0,0,0,0,1,0,0,1,1,3.907734270742486,3.3927474104487847,3,0,http://www.account-aplem.com/web/,1
34,13,5,2,1,0,4,0,0,0,0,0,0,0,1,1,0,0,1,1,3.984234164652489,3.3927474104487847,3,0,https://www.account-aplem.com/web/,1
36,16,0,2,2,0,2,0,0,0,0,0,6,0,0,0,0,0,0,1,4.120635070586275,3.577819531114783,4,0,http://allegro.pl-oferta-543383.shop,1
36,8,0,2,0,0,2,0,0,0,0,0,8,0,0,0,0,0,0,1,4.371178126382216,2.25,4,0,http://allegrolokalnie.58475843.cyou,1
42,8,16,2,2,0,3,0,0,0,0,0,5,0,1,0,0,0,1,1,4.540545101092633,2.5,3,0,https://pairs.momallku.com/login-81b7-45ad,1
39,6,7,2,0,0,4,0,0,0,0,0,0,0,1,0,0,0,0,1,4.4261772187513015,2.584962500721156,2,0,https://anuschkatmader.github.io/MAKRO/,1
25,6,0,2,0,0,2,0,0,0,0,0,1,0,1,0,0,0,0,1,3.9434651896016475,2.2516291673878226,3,1,https://AMAZ0N.pikfgk.top,1
28,13,1,1,1,0,3,0,0,0,0,0,0,0,1,0,0,0,1,0,3.6689869584530608,2.931208948910323,5,1,https://sitio-oficial.click/,1
27,13,0,1,1,0,2,0,0,0,0,0,0,0,1,0,0,0,1,0,3.676390632579626,2.931208948910323,5,1,https://sitio-oficial.click,1
55,6,1,2,4,0,3,0,0,0,0,0,1,0,1,0,0,0,2,1,4.224529660698472,2.2516291673878226,3,0,https://battery-support-ledger-livelogin-e7.vercel.app/,1
32,6,1,2,2,0,3,0,0,0,0,0,0,0,1,0,0,0,0,1,4.015319531114783,2.2516291673878226,2,0,https://holdup-app-io.framer.ai/,1
46,9,6,2,2,0,3,0,0,0,0,0,0,0,0,0,0,0,0,1,4.120750542731344,2.94770277922009,3,0,http://startedio-trxorapps.wixstudio.com/us-en,1
39,9,6,2,1,0,3,0,0,0,0,0,0,0,0,0,0,0,0,1,4.2117021424282175,2.94770277922009,3,0,http://bridge-trezz.wixstudio.com/intro,1
80,4,65,1,0,0,4,0,0,0,0,0,10,0,1,0,0,0,0,0,4.759829508503262,2.0,2,0,https://ipfs.io/ipfs/bafybeigkdzwrfaszzbdgf6urvbd2bcm2f53dk5plz3yunv57uvdipmc7kq,1
88,9,1,3,0,0,3,0,0,0,0,0,10,0,1,0,0,0,0,2,4.835931374993908,2.94770277922009,4,1,https://bafybeigkdzwrfaszzbdgf6urvbd2bcm2f53dk5plz3yunv57uvdipmc7kq.ipfs.inbrowser.link/,1
33,6,1,2,2,0,3,0,0,0,0,0,0,0,1,0,0,0,0,1,4.020926316000352,2.2516291673878226,2,0,https://auth-upheld-en.framer.ai/,1
41,9,7,2,1,0,3,0,0,0,0,0,0,0,1,0,0,0,0,1,4.238666566058884,2.94770277922009,3,0,https://startbridges.wixstudio.com/en-app,1
41,9,6,2,2,0,3,0,0,0,0,0,0,0,0,0,0,0,0,1,4.183430895168874,2.94770277922009,3,0,http://app-suitetrezr.wixstudio.com/us-en,1
40,6,9,2,4,0,3,0,0,0,0,0,1,0,1,0,0,0,0,1,4.184183719779189,2.584962500721156,3,0,https://ledger-i-liv.zapier.app/web-us-1,1
33,12,1,2,0,0,3,0,0,0,0,0,11,0,0,0,0,0,0,1,4.354852073838349,2.918295834054489,4,0,http://allegro.9823592301h5.bond/,1
34,12,1,2,0,0,3,0,0,0,0,0,11,0,1,0,0,0,0,1,4.418201444127885,2.918295834054489,4,0,https://allegro.9823592301h5.bond/,1
246,21,159,3,0,0,4,0,0,0,0,0,30,0,1,0,0,0,0,1,5.569593324894666,3.499227541723357,6,0,https://indexmxhwnvfiu4wu2106429vfm4odq2fqwt6pnfzup3iwdwxy.restaurantedugandolfo.com.br/authenticationtokenDeyJhbGciOiJIUzI1NiIsInR5cCI6IkpXVCJ9yJvcmlnaW5hbFVybCI6Imh0dHBzOi8vbWFpbGVyLWkxZHh4dGE3aWJvbHoweG5lbXVpZms3d2dieGI1YjN5bXQzZG5lbXVpZms3d2/,1
265,21,158,4,0,0,3,1,0,0,0,0,30,0,1,0,1,0,0,1,5.653296135007245,3.499227541723357,6,0,https://indexmXHwnvFiU4WU2106429VFM4ODQ2fQWT6PNFzuP3Iwdwxy.restaurantedugandolfo.com.br/authenticationtokenDeyJhbGciOiJIUzI1NiIsInR5cCI6IkpXVCJ9yJvcmlnaW5hbFVybCI6Imh0dHBzOi8vbWFpbGVyLWkxZHh4dGE3aWJvbHoweG5lbXVpZms3d2dieGI1YjN5bXQzZG5lbXVpZms3d2#phish@phishtank.com,1
54,6,1,2,0,0,3,0,1,1,1,0,0,0,1,0,0,0,1,1,4.64795347418537,2.2516291673878226,3,0,https://login.ntgxjj.com/?VEtEvPEuUlEX&amp;type=vpoint,1
62,14,1,2,0,0,3,0,1,1,1,0,2,0,1,0,0,0,1,1,4.822922673493043,3.039148671903071,3,0,https://login.fengdunjiudian.com/?SVLu4eakW6mJ&amp;type=vpoint,1
57,11,1,2,0,0,3,0,1,1,1,0,1,0,1,1,0,0,0,1,4.7692200056894665,3.095795255000934,3,0,https://www.gkdtanhuamu.com/?eqUEW1dsxhhT&amp;type=vpoint,1
54,6,1,2,0,0,3,0,1,1,1,0,2,0,1,0,0,0,1,1,4.898134492784017,2.2516291673878226,3,0,https://login.zsyjfs.com/?eJTBKE7YJKA6&amp;type=vpoint,1
57,9,1,2,0,0,3,0,1,1,1,0,3,0,1,1,0,0,0,1,4.677200488183563,3.169925001442312,3,0,https://www.wfruichen.com/?vcwesmC5W1W3&amp;type=jrepoint,1
65,19,1,2,1,0,3,0,1,1,1,0,3,0,1,1,0,0,0,1,4.7332839677696725,3.155565013329719,3,0,https://www.sense-international.com/?t1MEAy8r7xVO&amp;type=vpoint,1
55,7,1,2,0,0,3,0,1,1,1,0,4,0,1,1,0,0,0,1,4.962822440640044,2.8073549220576046,3,0,https://www.ekun365.com/?AqNLOrhCmX1R&amp;type=jrepoint,1
56,6,1,2,0,0,3,0,1,1,1,0,1,0,1,0,0,0,1,1,4.874057377298847,2.2516291673878226,3,0,https://login.okayea.com/?ENExLuOVrS1Z&amp;type=jrepoint,1
33,13,5,2,0,0,3,0,0,0,0,0,0,0,1,1,0,0,0,1,4.066677073707229,2.8150724101159437,2,0,https://www.yongqingxiang.cn/home,1
52,6,1,2,0,0,3,0,1,1,1,0,3,0,1,1,0,0,0,1,4.818241583892492,2.584962500721156,3,0,https://www.yajugs.com/?7GTDq79PrytM&amp;type=vpoint,1
56,6,1,2,0,0,3,0,1,1,1,0,0,0,1,0,0,0,1,1,4.641565412858599,2.2516291673878226,3,0,https://login.yooumi.com/?FyZPoDsFkDKe&amp;type=jrepoint,1
51,6,1,2,0,0,3,0,1,1,1,0,4,0,1,1,0,0,0,1,4.873309900752604,2.2516291673878226,3,0,https://www.kxy881.com/?MwOK2WFjBNGV&amp;type=ponta,1
51,6,1,2,0,0,3,0,1,1,1,0,6,0,1,1,0,0,0,1,4.843706469295213,2.2516291673878226,3,0,https://www.yr0575.com/?iWGSTY9SXm4P&amp;type=ponta,1
51,6,1,2,0,0,3,0,1,1,1,0,5,0,1,1,0,0,0,1,4.726059410471684,2.2516291673878226,3,0,https://www.hbzmhw.com/?99Ak50GS3rBb&amp;type=ponta,1
54,7,1,2,0,0,3,0,1,1,1,0,5,0,1,0,0,0,1,1,4.796101622333518,2.2359263506290326,3,0,https://login.zjyz001.com/?LzmCiS96FSWn&amp;type=ponta,1
54,6,1,2,0,0,3,0,1,1,1,0,2,0,1,1,0,0,0,1,4.796101622333518,2.2516291673878226,3,0,https://www.okayea.com/?7JJH4lLbhPrO&amp;type=jrepoint,1
27,7,5,2,0,0,3,0,0,0,0,0,3,0,1,1,0,0,0,1,3.782122224145305,2.5216406363433186,2,0,https://www.shop366.cn/home,1
37,15,10,2,0,0,3,0,0,0,0,0,0,0,1,0,0,0,0,0,4.005958095007847,3.0062389286533895,3,0,https://lavilifescience.com/uuuu.html,1
33,5,0,2,2,0,2,0,0,0,0,0,2,0,1,0,0,0,0,1,4.150158513166728,1.9219280948873623,4,0,https://amber-darla-31.tiiny.site,1
48,15,1,3,0,0,3,0,0,0,0,0,0,0,1,1,0,0,0,2,4.133075324227177,3.1898980954642875,3,0,https://www.spoitfypayments.fratellibettoni.com/,1
129,7,44,4,0,2,3,0,1,1,0,0,10,0,1,0,0,0,0,2,5.33582878715349,2.2359263506290326,5,0,https://yfjvrlkp3qf7plngthgafb5avdthojxenrq4sjghbrd4g2vdlozq.ario3.arweave.io.vn/wVNYrU_cC_etppnMAoegqOZ3JuRsYckkxwxHw2qjW7M?eta=,1
76,7,44,3,0,2,3,0,1,1,0,0,4,0,1,0,0,0,0,1,5.150768592584979,2.2359263506290326,5,0,https://ario3.arweave.io.vn/wVNYrU_cC_etppnMAoegqOZ3JuRsYckkxwxHw2qjW7M?eta=,1
46,6,9,2,1,0,3,0,0,0,0,0,1,0,1,0,0,0,0,1,4.039199457415841,2.584962500721156,2,0,https://dennisriani2-design.github.io/onedrive,1
47,6,10,2,1,0,4,0,0,0,0,0,1,0,1,0,0,0,0,1,4.032763587096138,2.584962500721156,2,0,https://dennisriani2-design.github.io/onedrive/,1
21,9,0,1,1,0,2,0,0,0,0,0,0,0,1,0,0,0,0,0,3.6897037321995474,2.725480556997868,3,0,https://tg-akksma.com,1
52,8,22,3,0,0,5,0,0,0,0,0,0,0,1,0,0,0,0,1,3.9957242774854347,2.75,4,0,https://frtiiips.sviluppo.host/serafi/page/index.php,1
28,6,6,2,0,0,3,0,0,0,0,0,0,0,0,0,0,0,0,1,3.9407598325400897,2.584962500721156,3,0,http://usps.xupqez.one/uqjmw,1
47,11,21,3,0,1,4,0,0,0,0,0,0,0,0,1,0,0,1,1,4.245870234564298,2.413088436425758,3,0,http://www.davidlillis.com/ox_roots/verify.html,1
54,22,18,3,0,0,5,0,0,0,0,0,0,0,1,0,0,0,0,0,4.426209613980979,3.6069367321753214,5,0,https://yellowcloverconsulting.co.za/js/Dir/index.html,1
40,15,13,2,0,0,3,0,0,0,0,0,0,0,1,0,0,0,0,0,4.146439344671016,3.0062389286533895,3,0,https://lavilifescience.com/Mailbox.html,1
27,6,1,2,1,0,3,0,0,0,0,0,0,0,0,0,0,0,0,1,4.032303242743953,2.2516291673878226,3,0,http://loggs-mu.vercel.app/,1
28,6,1,2,1,0,3,0,0,0,0,0,0,0,1,0,0,0,0,1,4.039148671903071,2.2516291673878226,3,0,https://loggs-mu.vercel.app/,1
31,6,1,2,0,0,3,0,0,0,0,0,0,0,1,0,0,0,0,1,4.002268084440845,2.2516291673878226,3,0,https://securreways.weebly.com/,1
36,5,16,3,0,0,4,0,0,0,0,0,0,0,1,0,0,0,1,0,3.909256168518586,1.3709505944546687,6,0,https://shssc.edu.bd/santd/login.php,1
54,6,30,2,1,0,4,0,0,0,0,1,2,0,1,0,0,0,0,1,4.476747687188397,2.584962500721156,2,0,https://freasw.github.io/Attacthment-DO/Document%20off,1
28,16,1,1,1,0,3,0,0,0,0,0,0,0,1,0,0,0,0,0,3.6725535823855564,3.0306390622295662,2,0,https://prime-memebrship.su/,1
44,8,24,1,0,0,3,0,0,0,0,0,6,0,1,0,0,0,0,0,4.470573095811686,2.1556390622295662,3,0,https://gravatar.com/rainybelieverc22f60be37,1
50,14,10,4,1,0,3,0,0,0,0,0,0,0,0,1,0,0,1,2,4.033786320494366,3.235926350629033,3,0,http://www.investment.cs-clientlogin.com/login.php,1
88,9,1,3,0,0,3,0,0,0,0,0,10,0,1,0,0,0,0,2,4.927975300790612,2.94770277922009,4,1,https://bafybeiaxtu5mpc3vkx5ujripufxannqemuhdwjshqg7kxq62a4dc2fs4o4.ipfs.inbrowser.link/,1
48,13,23,2,1,0,5,0,0,0,0,0,0,0,1,0,0,0,0,0,4.173533209849189,3.238901256602631,3,0,https://caitlinduffus.com/wp-admin/net/safe.html,1
28,2,3,2,0,0,3,0,0,0,0,0,0,0,1,0,0,0,0,1,3.6820058147602137,1.0,2,0,https://smartpostie.eu.cc/ee,1
60,6,36,3,1,0,7,0,0,0,0,0,0,0,1,0,0,0,0,1,4.128388354269105,2.2516291673878226,3,0,https://dayon.kdense.com/wp-content/llc/home/fonts/jino.html,1
40,15,6,2,1,0,3,0,0,0,0,0,0,0,1,0,0,0,2,1,4.227567157116929,3.640223928941852,3,0,https://client.portal-jbsecure.com/login,1
54,6,9,2,1,0,3,0,0,0,0,0,3,0,1,0,0,0,0,1,4.113309670420984,2.584962500721156,2,0,https://djaloliddinovasaodat345-alt.github.io/instabot,1
55,6,10,2,1,0,4,0,0,0,0,0,3,0,1,0,0,0,0,1,4.11062670603501,2.584962500721156,2,0,https://djaloliddinovasaodat345-alt.github.io/instabot/,1
43,4,1,3,0,0,3,0,0,0,0,0,0,0,1,1,0,0,0,2,4.149663522386258,2.0,2,0,https://www.credienlineaecuadovali.hstn.me/,1
57,11,31,3,0,1,4,0,0,0,0,0,0,0,0,1,0,0,0,1,4.22966057582695,2.413088436425758,3,0,http://www.davidlillis.com/Janine_files/verification.html,1
26,6,7,1,0,0,5,0,0,0,0,0,0,0,1,0,0,0,0,0,3.551428065028507,2.584962500721156,4,0,https://dolvax.casa/so/co/,1
25,6,6,1,0,0,4,0,0,0,0,0,0,0,1,0,0,0,0,0,3.5932696895151084,2.584962500721156,4,0,https://dolvax.casa/so/co,1
93,25,53,3,0,0,4,0,0,0,0,0,0,0,0,1,0,0,0,1,4.292395741883382,3.1092750707107135,3,0,http://www.vintagevoltageengineering.com/laqamelculturalsociety/justinlasloopendocaccess.html,1
23,5,1,2,0,0,3,0,0,0,0,0,2,0,0,0,0,0,0,1,3.7622673906514943,2.321928094887362,3,0,http://xa90p.pages.dev/,1
24,5,1,2,0,0,3,0,0,0,0,0,2,0,1,0,0,0,0,1,3.7720552088742005,2.321928094887362,3,0,https://xa90p.pages.dev/,1
33,20,1,1,2,0,3,0,0,0,0,0,6,0,1,0,0,0,0,0,4.184862968552385,3.784183719779189,3,0,https://pdf-statement-370813.com/,1
59,5,16,6,0,0,4,0,1,1,0,0,12,0,1,0,0,0,0,1,4.490457193642899,2.321928094887362,4,0,https://aizhara.apsny.land/assfv43/log.php?ip=54.38.153.179,1
40,4,21,2,0,0,5,0,0,0,0,0,8,0,1,1,0,0,0,1,4.143942707918269,2.0,2,0,https://www.powr.io/microblog/i/41133563,1
36,4,21,1,0,0,5,0,0,0,0,0,8,0,1,0,0,0,0,0,4.138830127032208,2.0,2,0,https://powr.io/microblog/i/41133563,1
36,4,21,1,0,0,5,0,0,0,0,0,8,0,1,0,0,0,0,0,4.083274571476652,2.0,2,0,https://powr.io/microblog/i/41133464,1
40,4,21,2,0,0,5,0,0,0,0,0,8,0,1,1,0,0,0,1,4.093942707918269,2.0,2,0,https://www.powr.io/microblog/i/41133464,1
43,6,1,2,2,0,3,0,0,0,0,0,6,0,1,0,0,0,0,1,4.489877254551159,2.2516291673878226,3,0,https://thrilled-network-863150.framer.app/,1
39,4,24,1,1,0,5,0,0,0,0,0,8,0,1,0,0,0,0,0,4.346192206475308,2.0,2,0,https://powr.io/form-builder/i/41113749,1
43,4,24,2,1,0,5,0,0,0,0,0,8,0,1,1,0,0,0,1,4.34186497602557,2.0,2,0,https://www.powr.io/form-builder/i/41113749,1
33,6,1,2,1,0,3,0,0,0,0,0,0,0,0,0,0,0,0,1,4.112427831414106,2.2516291673878226,3,0,http://pymes-negocios.vercel.app/,1
34,6,1,2,1,0,3,0,0,0,0,0,0,0,1,0,0,0,0,1,4.101881223476018,2.2516291673878226,3,0,https://pymes-negocios.vercel.app/,1
49,6,5,2,0,0,3,0,0,0,0,0,0,0,1,0,0,0,0,1,4.076259272987572,2.2516291673878226,7,0,https://proprodbtemailauthibt.framer.website/page,1
60,9,1,2,1,0,3,0,0,0,0,0,5,0,1,0,0,0,0,1,4.531401845392172,2.94770277922009,3,0,https://beneficioenlinearegistro-7e2bfd9b3de1.herokuapp.com/,1
36,4,21,1,0,0,5,0,0,0,0,0,8,0,1,0,0,0,0,0,4.215354779870082,2.0,2,0,https://powr.io/microblog/i/40743719,1
40,4,21,2,0,0,5,0,0,0,0,0,8,0,1,1,0,0,0,1,4.212814895472356,2.0,2,0,https://www.powr.io/microblog/i/40743719,1
34,13,7,2,0,0,4,0,0,0,0,0,0,0,1,0,0,0,0,0,3.947613208833767,3.238901256602631,5,0,https://naileditcakes.co.za/skafs/,1
33,13,6,2,0,0,3,0,0,0,0,0,0,0,1,0,0,0,0,0,3.9683403313485464,3.238901256602631,5,0,https://naileditcakes.co.za/skafs,1
42,6,1,2,2,0,3,0,0,0,0,0,6,0,1,0,0,0,0,1,4.157214970851921,2.2516291673878226,3,0,https://strategic-tulip-117151.framer.app/,1
89,12,35,3,2,0,6,0,0,0,0,0,4,0,1,0,0,0,0,1,4.615453796667092,3.188721875540867,3,0,https://dl103aksjdb2-slgnin-primember.wilertvision.com/sahklrjqs/asvlaks/mobile/index.php,1
42,16,14,2,0,0,4,0,0,0,0,0,0,0,1,0,0,0,0,0,4.0799503875701,3.452819531114783,3,0,https://dieschweizerpost.com/pages/ban.php,1
44,14,1,2,2,0,3,0,0,0,0,0,2,0,1,0,0,0,0,1,4.235015641798043,3.235926350629033,3,0,https://oyster-app-gm48s.ondigitalocean.app/,1
22,9,1,1,1,0,3,0,0,0,0,0,0,0,1,0,0,0,0,0,3.8796640049025943,2.5032583347756456,3,0,https://nlb-banka.com/,1
23,8,1,1,1,0,4,0,0,0,0,0,0,0,1,0,0,0,0,0,3.9148663038831,2.5,3,0,https://nlb-klik.com/#/,1
24,13,1,3,0,0,4,0,0,0,0,0,10,1,1,0,0,0,0,0,3.7720552088742005,2.9689185639620974,0,0,https://31.57.201.196/#/,1
81,7,1,2,4,0,3,0,1,0,0,0,17,0,1,0,0,0,0,1,4.766492788116427,2.8073549220576046,3,0,https://6a0a7305b332df1f4dba8a72--peaceful-croquembouche-e372ce.netlify.app/?naps,1
42,7,0,2,2,0,2,0,0,0,0,0,2,0,0,0,0,0,0,1,4.338396886909941,2.8073549220576046,3,0,http://thriving-belekoy-aae7c3.netlify.app,1
44,7,1,2,2,0,3,0,0,0,0,0,2,0,1,0,0,0,0,1,4.390805482076982,2.8073549220576046,3,0,https://thriving-belekoy-aae7c3.netlify.app/,1
42,7,1,2,2,0,3,0,0,0,0,0,3,0,1,0,0,0,0,1,4.243158791671846,2.8073549220576046,3,0,https://stunning-kulfi-2ae33b.netlify.app/,1
40,7,0,2,2,0,2,0,0,0,0,0,3,0,0,0,0,0,0,1,4.234183719779189,2.8073549220576046,3,0,http://stunning-kulfi-2ae33b.netlify.app,1
43,6,0,2,2,0,2,0,0,0,0,0,0,0,0,0,0,0,0,1,4.332786847524101,2.2516291673878226,3,0,http://reimagined-funicular-jmjb.vercel.app,1
45,6,1,2,2,0,3,0,0,0,0,0,0,0,1,0,0,0,0,1,4.385754484978179,2.2516291673878226,3,0,https://reimagined-funicular-jmjb.vercel.app/,1
20,2,6,1,0,0,3,0,0,0,0,0,1,0,1,0,0,0,0,0,3.6464393446710157,1.0,3,0,https://ln.run/OgOO5,1
24,2,3,2,0,0,3,0,0,0,0,0,0,0,1,0,0,0,0,1,3.542481250360578,1.0,2,0,https://seurcbn.eu.cc/es,1
37,9,16,1,0,0,4,0,0,0,0,0,0,0,1,0,0,0,0,0,3.864198297769022,2.725480556997868,3,0,https://snanmtaic.com/GoamracvanCnfa/,1
33,8,13,1,0,0,4,0,0,0,0,0,0,0,1,0,0,0,0,0,4.112427831414106,2.75,3,0,https://sebvisom.com/GiatnACnatO/,1
33,9,12,1,0,0,4,0,0,0,0,0,0,0,1,0,0,0,0,0,4.0060710131011685,2.725480556997868,3,0,https://sebneisla.com/HomeMNatas/,1
34,8,14,1,0,0,4,0,0,0,0,0,0,0,1,0,0,0,0,0,3.947613208833767,2.75,3,0,https://seblotnb.com/HomaTancaita/,1
40,10,18,1,0,0,4,0,0,0,0,0,0,0,1,0,0,0,0,0,3.832332871750515,2.721928094887362,3,0,https://homsonatna.com/HoartmnCantanSgj/,1
29,7,10,1,0,0,3,0,0,0,0,0,0,0,1,0,0,0,0,0,4.185230132909402,2.8073549220576046,3,0,https://tinyurl.com/ubochiake,1
83,4,1,3,0,0,3,0,0,0,0,0,10,0,1,0,0,0,0,2,4.6903460583453755,2.0,4,1,https://bafkreidd7oopsftop6ryfffvda5is4jcdppj524225nunmpncbaliieury.ipfs.dweb.link/,1
88,9,1,3,0,0,3,0,0,0,0,0,6,0,1,0,0,0,0,2,4.793333579972836,2.94770277922009,4,1,https://bafkreic2jnoqycq2lnvqnqrdetpyy56i4ufqzpx2srscpgibjxlxjcdgoa.ipfs.inbrowser.link/,1
87,9,0,3,0,0,2,0,0,0,0,0,10,0,1,0,0,0,0,2,4.814347627928587,2.94770277922009,4,1,https://bafkreiauldv5bljehrubjngbk2p7y4zxdf72gu7ldenbqegsec4htw5s4a.ipfs.inbrowser.link,1
81,4,0,3,0,0,2,0,0,0,0,0,7,0,0,0,0,0,0,2,4.759439281053207,2.0,4,1,http://bafkreifyh6tqbcm3w3hza5yhlmnkxtcoar2f3jnmr5jqflsirpdcsilsja.ipfs.dweb.link,1
83,4,1,3,0,0,3,0,0,0,0,0,7,0,1,0,0,0,0,2,4.756029835624695,2.0,4,1,https://bafkreifyh6tqbcm3w3hza5yhlmnkxtcoar2f3jnmr5jqflsirpdcsilsja.ipfs.dweb.link/,1
84,6,61,2,1,0,6,0,0,0,0,0,7,0,1,0,0,0,0,1,5.039356226448468,1.9182958340544896,3,0,https://docs.google.com/drawings/d/1DcWa6DU2csnpdwXF6v7iDqiVvUWpa9-uSbWmX7jJavY/edit,1
84,6,61,2,0,0,6,0,0,0,0,0,5,0,1,0,0,0,0,1,5.223996405071407,1.9182958340544896,3,0,https://docs.google.com/drawings/d/16lhzvFNCKHaFOP3l4zmJPKkQwLVpoUjYiGbjJG2Ahtg/edit,1
84,6,61,2,1,0,6,0,0,0,0,0,11,0,1,0,0,0,0,1,5.286438220521842,1.9182958340544896,3,0,https://docs.google.com/drawings/d/1q2Z9uAASm7zHMgI39PpFXBKa-GJ0oFk37geK8X5yToM/edit,1
84,6,61,2,0,0,6,0,0,0,0,0,8,0,1,0,0,0,0,1,5.18221336930561,1.9182958340544896,3,0,https://docs.google.com/drawings/d/1fysTFPqymWzrNOSaGb61MgEMWJq2Lx9Mfj2Im1g6gdU/edit,1
26,8,7,1,1,0,3,0,0,0,0,0,3,0,1,0,0,0,0,0,4.209867121904036,3.0,2,0,https://qr-codes.io/3On36z,1
72,10,1,2,0,0,3,0,1,0,0,0,0,0,1,0,0,0,0,1,4.323373481990215,3.1219280948873624,3,0,https://signreviewauthaoergaierfovgbakermkmb.drnathhome.com/?jrthbasertb,1
27,3,13,1,0,0,3,0,0,0,0,0,2,0,1,0,0,0,0,0,4.430632409490748,1.584962500721156,2,0,https://zpr.io/GFL7KQnBfU6W,1
47,7,1,5,0,0,3,0,0,0,0,0,1,0,1,0,0,0,0,4,4.189930011519816,2.5216406363433186,3,0,https://kiortderscdvbu.z9.web.core.windows.net/,1
22,4,7,1,0,0,3,0,0,0,0,0,2,0,1,0,0,0,0,0,3.970573095811685,2.0,2,0,https://scnv.io/Ve92eS,1
57,13,13,2,2,0,4,0,0,0,0,0,18,0,1,0,0,0,0,1,4.440186891616423,3.0850551027564768,3,0,https://wordpress-211683-0.cloudclusters.net/91997399289/,1
18,3,4,1,0,0,3,0,0,0,0,0,1,0,1,0,0,0,0,0,3.683542362433231,1.584962500721156,2,0,https://mub.me/RN3,1
44,9,18,3,0,0,6,0,0,0,0,0,0,0,1,0,0,0,0,1,4.123204629558406,2.94770277922009,3,0,https://mada.jdevcloud.com/mu/sa/fi/corr.php,1
22,4,7,1,0,0,3,0,0,0,0,0,2,0,1,0,0,0,0,0,3.6069367321753214,1.5,2,0,https://psee.io/6ssrf3,1
44,7,25,1,0,0,6,0,0,0,0,0,0,0,1,0,0,0,0,0,3.634346106732794,2.5216406363433186,3,0,https://tetracm.com/tetrastyle/fonts/assets/,1
46,2,2,3,1,0,6,0,1,1,0,0,0,0,1,0,0,0,0,1,4.381620107948734,1.0,2,0,https://l.wl.co/l?u=https://qr-codes.io/AZDqCN,1
46,2,2,3,1,0,6,0,1,1,0,0,1,0,1,0,0,0,0,1,4.32173124920605,1.0,2,0,https://l.wl.co/l?u=https://qr-codes.io/5eWUPe,1
26,8,7,1,1,0,3,0,0,0,0,0,0,0,1,0,0,0,0,0,4.209867121904036,3.0,2,0,https://qr-codes.io/AZDqCN,1
26,8,7,1,1,0,3,0,0,0,0,0,1,0,1,0,0,0,0,0,4.103909910282364,3.0,2,0,https://qr-codes.io/5eWUPe,1
85,14,1,3,0,0,3,0,1,0,0,0,0,0,1,0,0,0,1,1,4.43716833174023,3.3248629576173565,6,0,https://webappscurenewpaymntverifyngmngesaowdbajwdbawubeay.miguelcatalano.com.ar/?yyy,1
68,6,1,3,0,0,3,0,1,0,0,0,1,0,1,0,0,0,0,1,4.269478886209433,2.584962500721156,6,0,https://manageappsacountscureemeneketehemenehnhgg.point2.biz.id/?yyy,1
21,6,0,2,0,0,2,0,0,0,0,0,0,0,0,0,0,0,0,1,3.8208888513501886,2.584962500721156,3,0,http://dpd.bnrzvq.ink,1
23,7,0,2,0,0,2,0,0,0,0,0,0,0,0,0,0,0,0,1,3.8492239123906247,2.8073549220576046,4,0,http://dpd.bvxqmtp.cyou,1
21,6,0,2,0,0,2,0,0,0,0,0,0,0,0,0,0,0,0,1,3.594465636961452,2.584962500721156,3,0,http://dpd.kplznw.ink,1
22,7,0,2,0,0,2,0,0,0,0,0,0,0,0,0,0,0,0,1,3.6978458230844127,2.8073549220576046,3,0,http://dpd.kznwqpl.ink,1
24,9,0,2,0,0,2,0,0,0,0,0,0,0,0,0,0,0,0,1,3.9387218755408675,3.169925001442312,3,0,http://dpd.pkrlqvbnz.cfd,1
22,6,0,2,0,0,2,0,0,0,0,0,0,0,0,0,0,0,0,1,3.8796640049025943,2.584962500721156,4,0,http://dpd.xqtrvm.cyou,1
25,9,0,2,0,0,2,0,0,0,0,0,0,0,0,0,0,0,0,1,3.9736606896881863,3.169925001442312,4,0,http://dpd.zqplrvbnk.club,1
31,11,5,2,1,0,4,0,0,0,0,0,0,0,0,1,0,0,0,1,3.6955011488173954,3.095795255000934,3,1,http://www.pcn-noticeb.top/com/,1
31,11,5,2,1,0,4,0,0,0,0,0,0,0,0,1,0,0,0,1,3.5908201005000877,2.8453509366224368,3,1,http://www.pcn-noticec.top/com/,1
31,11,4,2,1,0,3,0,0,0,0,0,0,0,1,1,0,0,0,1,3.7356660681024447,2.9139770731827523,3,1,https://www.pcn-noticee.top/com,1
31,11,5,2,1,0,4,0,0,0,0,0,0,0,0,1,0,0,0,1,3.6309850197851374,2.9139770731827523,3,1,http://www.pcn-noticee.top/com/,1
31,11,4,2,1,0,3,0,0,0,0,0,0,0,1,1,0,0,0,1,3.8001821971347027,3.095795255000934,3,1,https://www.pcn-noticef.top/com,1
31,11,5,2,1,0,4,0,0,0,0,0,0,0,0,1,0,0,0,1,3.6955011488173954,3.095795255000934,3,1,http://www.pcn-noticef.top/com/,1
31,11,4,2,1,0,3,0,0,0,0,0,0,0,1,1,0,0,0,1,3.7356660681024447,2.9139770731827523,3,1,https://www.pcn-noticei.top/com,1
31,11,5,2,1,0,4,0,0,0,0,0,0,0,0,1,0,0,0,1,3.6309850197851374,2.9139770731827523,3,1,http://www.pcn-noticei.top/com/,1
31,11,5,2,1,0,4,0,0,0,0,0,0,0,0,1,0,0,0,1,3.6955011488173954,3.095795255000934,3,1,http://www.pcn-noticej.top/com/,1
31,11,5,2,1,0,4,0,0,0,0,0,0,0,0,1,0,0,0,1,3.6955011488173954,3.095795255000934,3,1,http://www.pcn-noticek.top/com/,1
31,11,5,2,1,0,4,0,0,0,0,0,0,0,0,1,0,0,0,1,3.6309850197851374,3.095795255000934,3,1,http://www.pcn-noticem.top/com/,1
31,11,5,2,1,0,4,0,0,0,0,0,0,0,0,1,0,0,0,1,3.6066338100379287,2.8453509366224368,3,1,http://www.pcn-noticen.top/com/,1
31,11,4,2,1,0,3,0,0,0,0,0,0,0,1,1,0,0,0,1,3.6955011488173954,2.9139770731827523,3,1,https://www.pcn-noticeo.top/com,1
31,11,5,2,1,0,4,0,0,0,0,0,0,0,0,1,0,0,0,1,3.5908201005000877,2.9139770731827523,3,1,http://www.pcn-noticeo.top/com/,1
31,11,4,2,1,0,3,0,0,0,0,0,0,0,1,1,0,0,0,1,3.8001821971347027,3.095795255000934,3,1,https://www.pcn-noticer.top/com,1
31,11,5,2,1,0,4,0,0,0,0,0,0,0,0,1,0,0,0,1,3.6955011488173954,3.095795255000934,3,1,http://www.pcn-noticer.top/com/,1
31,11,4,2,1,0,3,0,0,0,0,0,0,0,1,1,0,0,0,1,3.6837421818302896,2.9139770731827523,3,1,https://www.pcn-noticet.top/com,1
31,11,5,2,1,0,4,0,0,0,0,0,0,0,0,1,0,0,0,1,3.5790611335129823,2.9139770731827523,3,1,http://www.pcn-noticet.top/com/,1
31,11,4,2,1,0,3,0,0,0,0,0,0,0,1,1,0,0,0,1,3.8001821971347027,3.095795255000934,3,1,https://www.pcn-noticeu.top/com,1
31,11,5,2,1,0,4,0,0,0,0,0,0,0,0,1,0,0,0,1,3.6955011488173954,3.095795255000934,3,1,http://www.pcn-noticeu.top/com/,1
31,11,4,2,1,0,3,0,0,0,0,0,0,0,1,1,0,0,0,1,3.6955011488173954,3.095795255000934,3,1,https://www.pcn-noticew.top/com,1
31,11,5,2,1,0,4,0,0,0,0,0,0,0,0,1,0,0,0,1,3.5908201005000877,3.095795255000934,3,1,http://www.pcn-noticew.top/com/,1
31,11,4,2,1,0,3,0,0,0,0,0,0,0,1,1,0,0,0,1,3.8001821971347027,3.095795255000934,3,1,https://www.pcn-noticey.top/com,1
31,11,5,2,1,0,4,0,0,0,0,0,0,0,0,1,0,0,0,1,3.6955011488173954,3.095795255000934,3,1,http://www.pcn-noticey.top/com/,1
31,11,5,2,1,0,4,0,0,0,0,0,0,0,0,1,0,0,0,1,3.6955011488173954,3.095795255000934,3,1,http://www.pcn-noticez.top/com/,1
32,11,4,2,1,0,3,0,0,0,0,0,0,0,1,1,0,0,0,1,3.9056390622295662,2.9139770731827523,4,0,https://www.pcn-noticie.cyou/com,1
32,11,5,2,1,0,4,0,0,0,0,0,0,0,0,1,0,0,0,1,3.8042292966721747,2.9139770731827523,4,0,http://www.pcn-noticie.cyou/com/,1
32,11,4,2,1,0,3,0,0,0,0,0,0,0,1,1,0,0,0,1,3.79595859334435,2.9139770731827523,4,0,https://www.pcn-noticie.shop/com,1
32,11,5,2,1,0,4,0,0,0,0,0,0,0,0,1,0,0,0,1,3.7570488277869583,2.9139770731827523,4,0,http://www.pcn-noticie.shop/com/,1
31,11,4,2,1,0,3,0,0,0,0,0,0,0,1,1,0,0,0,1,3.7356660681024447,2.9139770731827523,3,1,https://www.pcn-noticie.top/com,1
31,11,5,2,1,0,4,0,0,0,0,0,0,0,0,1,0,0,0,1,3.6309850197851374,2.9139770731827523,3,1,http://www.pcn-noticie.top/com/,1
32,11,4,2,1,0,3,0,0,0,0,0,0,0,1,1,0,0,0,1,3.9056390622295662,2.9139770731827523,4,0,https://www.pcn-noticiq.cyou/com,1
32,11,5,2,1,0,4,0,0,0,0,0,0,0,0,1,0,0,0,1,3.8042292966721747,2.9139770731827523,4,0,http://www.pcn-noticiq.cyou/com/,1
32,11,4,2,1,0,3,0,0,0,0,0,0,0,1,1,0,0,0,1,3.79595859334435,2.9139770731827523,4,0,https://www.pcn-noticiq.shop/com,1
32,11,5,2,1,0,4,0,0,0,0,0,0,0,0,1,0,0,0,1,3.7570488277869583,2.9139770731827523,4,0,http://www.pcn-noticiq.shop/com/,1
31,11,4,2,1,0,3,0,0,0,0,0,0,0,1,1,0,0,0,1,3.7356660681024447,2.9139770731827523,3,1,https://www.pcn-noticiq.top/com,1
31,11,5,2,1,0,4,0,0,0,0,0,0,0,0,1,0,0,0,1,3.6309850197851374,2.9139770731827523,3,1,http://www.pcn-noticiq.top/com/,1
32,11,4,2,1,0,3,0,0,0,0,0,0,0,1,1,0,0,0,1,3.9056390622295662,2.9139770731827523,4,0,https://www.pcn-noticir.cyou/com,1
32,11,5,2,1,0,4,0,0,0,0,0,0,0,0,1,0,0,0,1,3.8042292966721747,2.9139770731827523,4,0,http://www.pcn-noticir.cyou/com/,1
32,11,4,2,1,0,3,0,0,0,0,0,0,0,1,1,0,0,0,1,3.79595859334435,2.9139770731827523,4,0,https://www.pcn-noticir.shop/com,1
32,11,5,2,1,0,4,0,0,0,0,0,0,0,0,1,0,0,0,1,3.7570488277869583,2.9139770731827523,4,0,http://www.pcn-noticir.shop/com/,1
31,11,4,2,1,0,3,0,0,0,0,0,0,0,1,1,0,0,0,1,3.7356660681024447,2.9139770731827523,3,1,https://www.pcn-noticir.top/com,1
31,11,5,2,1,0,4,0,0,0,0,0,0,0,0,1,0,0,0,1,3.6309850197851374,2.9139770731827523,3,1,http://www.pcn-noticir.top/com/,1
32,11,4,2,1,0,3,0,0,0,0,0,0,0,1,1,0,0,0,1,3.8042292966721747,2.7321588913645702,4,0,https://www.pcn-noticit.cyou/com,1
32,11,5,2,1,0,4,0,0,0,0,0,0,0,0,1,0,0,0,1,3.702819531114783,2.7321588913645702,4,0,http://www.pcn-noticit.cyou/com/,1
32,11,4,2,1,0,3,0,0,0,0,0,0,0,1,1,0,0,0,1,3.6945488277869583,2.7321588913645702,4,0,https://www.pcn-noticit.shop/com,1
32,11,5,2,1,0,4,0,0,0,0,0,0,0,0,1,0,0,0,1,3.6556390622295662,2.7321588913645702,4,0,http://www.pcn-noticit.shop/com/,1
31,11,4,2,1,0,3,0,0,0,0,0,0,0,1,1,0,0,0,1,3.6192260527980316,2.7321588913645702,3,1,https://www.pcn-noticit.top/com,1
31,11,5,2,1,0,4,0,0,0,0,0,0,0,0,1,0,0,0,1,3.5145450044807243,2.7321588913645702,3,1,http://www.pcn-noticit.top/com/,1
32,11,4,2,1,0,3,0,0,0,0,0,0,0,1,1,0,0,0,1,3.8042292966721747,2.9139770731827523,4,0,https://www.pcn-noticiw.cyou/com,1
32,11,5,2,1,0,4,0,0,0,0,0,0,0,0,1,0,0,0,1,3.702819531114783,2.9139770731827523,4,0,http://www.pcn-noticiw.cyou/com/,1
32,11,4,2,1,0,3,0,0,0,0,0,0,0,1,1,0,0,0,1,3.6945488277869583,2.9139770731827523,4,0,https://www.pcn-noticiw.shop/com,1
32,11,5,2,1,0,4,0,0,0,0,0,0,0,0,1,0,0,0,1,3.6556390622295662,2.9139770731827523,4,0,http://www.pcn-noticiw.shop/com/,1
31,11,4,2,1,0,3,0,0,0,0,0,0,0,1,1,0,0,0,1,3.6309850197851374,2.9139770731827523,3,1,https://www.pcn-noticiw.top/com,1
31,11,5,2,1,0,4,0,0,0,0,0,0,0,0,1,0,0,0,1,3.5263039714678297,2.9139770731827523,3,1,http://www.pcn-noticiw.top/com/,1
32,11,4,2,1,0,3,0,0,0,0,0,0,0,1,1,0,0,0,1,3.8431390622295662,2.9139770731827523,4,0,https://www.pcn-noticiy.cyou/com,1
32,11,5,2,1,0,4,0,0,0,0,0,0,0,0,1,0,0,0,1,3.7417292966721747,2.9139770731827523,4,0,http://www.pcn-noticiy.cyou/com/,1
32,11,4,2,1,0,3,0,0,0,0,0,0,0,1,1,0,0,0,1,3.79595859334435,2.9139770731827523,4,0,https://www.pcn-noticiy.shop/com,1
32,11,5,2,1,0,4,0,0,0,0,0,0,0,0,1,0,0,0,1,3.7570488277869583,2.9139770731827523,4,0,http://www.pcn-noticiy.shop/com/,1
31,11,4,2,1,0,3,0,0,0,0,0,0,0,1,1,0,0,0,1,3.7356660681024447,2.9139770731827523,3,1,https://www.pcn-noticiy.top/com,1
31,11,5,2,1,0,4,0,0,0,0,0,0,0,0,1,0,0,0,1,3.6309850197851374,2.9139770731827523,3,1,http://www.pcn-noticiy.top/com/,1
31,11,4,2,1,0,3,0,0,0,0,0,0,0,1,1,0,0,0,1,3.8001821971347027,3.095795255000934,3,1,https://www.pcn-noticrd.top/com,1
31,11,5,2,1,0,4,0,0,0,0,0,0,0,0,1,0,0,0,1,3.6955011488173954,3.095795255000934,3,1,http://www.pcn-noticrd.top/com/,1
31,11,5,2,1,0,4,0,0,0,0,0,0,0,0,1,0,0,0,1,3.6955011488173954,3.095795255000934,3,1,http://www.pcn-noticre.top/com/,1
31,11,4,2,1,0,3,0,0,0,0,0,0,0,1,1,0,0,0,1,3.8001821971347027,3.095795255000934,3,1,https://www.pcn-noticre.top/com,1
31,11,4,2,1,0,3,0,0,0,0,0,0,0,1,1,0,0,0,1,3.8001821971347027,3.095795255000934,3,1,https://www.pcn-noticrf.top/com,1
31,11,5,2,1,0,4,0,0,0,0,0,0,0,0,1,0,0,0,1,3.6955011488173954,3.095795255000934,3,1,http://www.pcn-noticrf.top/com/,1
31,11,4,2,1,0,3,0,0,0,0,0,0,0,1,1,0,0,0,1,3.7356660681024447,3.095795255000934,3,1,https://www.pcn-noticrh.top/com,1
31,11,5,2,1,0,4,0,0,0,0,0,0,0,0,1,0,0,0,1,3.6309850197851374,3.095795255000934,3,1,http://www.pcn-noticrh.top/com/,1
31,11,4,2,1,0,3,0,0,0,0,0,0,0,1,1,0,0,0,1,3.8001821971347027,3.095795255000934,3,1,https://www.pcn-noticrl.top/com,1
31,11,5,2,1,0,4,0,0,0,0,0,0,0,0,1,0,0,0,1,3.6955011488173954,3.095795255000934,3,1,http://www.pcn-noticrl.top/com/,1
31,11,5,2,1,0,4,0,0,0,0,0,0,0,0,1,0,0,0,1,3.5790611335129823,2.9139770731827523,3,1,http://www.pcn-noticta.top/com/,1
32,11,4,2,1,0,3,0,0,0,0,0,0,0,1,1,0,0,0,1,3.8667292966721747,2.9139770731827523,4,0,https://www.pcn-notictb.cyou/com,1
32,11,5,2,1,0,4,0,0,0,0,0,0,0,0,1,0,0,0,1,3.765319531114783,2.9139770731827523,4,0,http://www.pcn-notictb.cyou/com/,1
31,11,4,2,1,0,3,0,0,0,0,0,0,0,1,1,0,0,0,1,3.6837421818302896,2.9139770731827523,3,1,https://www.pcn-notictb.top/com,1
31,11,5,2,1,0,4,0,0,0,0,0,0,0,0,1,0,0,0,1,3.5790611335129823,2.9139770731827523,3,1,http://www.pcn-notictb.top/com/,1
32,11,4,2,1,0,3,0,0,0,0,0,0,0,1,1,0,0,0,1,3.7539280318460246,2.663532754804255,4,0,https://www.pcn-notictc.cyou/com,1
32,11,5,2,1,0,4,0,0,0,0,0,0,0,0,1,0,0,0,1,3.652518266288633,2.663532754804255,4,0,http://www.pcn-notictc.cyou/com/,1
32,11,4,2,1,0,3,0,0,0,0,0,0,0,1,1,0,0,0,1,3.6556390622295662,2.663532754804255,4,0,https://www.pcn-notictc.shop/com,1
32,11,5,2,1,0,4,0,0,0,0,0,0,0,0,1,0,0,0,1,3.6167292966721747,2.663532754804255,4,0,http://www.pcn-notictc.shop/com/,1
32,11,4,2,1,0,3,0,0,0,0,0,0,0,1,1,0,0,0,1,3.7570488277869583,2.9139770731827523,4,0,https://www.pcn-notictj.shop/com,1
32,11,5,2,1,0,4,0,0,0,0,0,0,0,0,1,0,0,0,1,3.7181390622295662,2.9139770731827523,4,0,http://www.pcn-notictj.shop/com/,1
32,11,4,2,1,0,3,0,0,0,0,0,0,0,1,1,0,0,0,1,3.8667292966721747,2.9139770731827523,4,0,https://www.pcn-notictk.cyou/com,1
32,11,5,2,1,0,4,0,0,0,0,0,0,0,0,1,0,0,0,1,3.765319531114783,2.9139770731827523,4,0,http://www.pcn-notictk.cyou/com/,1
32,11,4,2,1,0,3,0,0,0,0,0,0,0,1,1,0,0,0,1,3.7570488277869583,2.9139770731827523,4,0,https://www.pcn-notictk.shop/com,1
32,11,5,2,1,0,4,0,0,0,0,0,0,0,0,1,0,0,0,1,3.7181390622295662,2.9139770731827523,4,0,http://www.pcn-notictk.shop/com/,1
32,11,5,2,1,0,4,0,0,0,0,0,0,0,0,1,0,0,0,1,3.765319531114783,2.9139770731827523,4,0,http://www.pcn-notictl.cyou/com/,1
32,11,5,2,1,0,4,0,0,0,0,0,0,0,0,1,0,0,0,1,3.7181390622295662,2.9139770731827523,4,0,http://www.pcn-notictl.shop/com/,1
31,11,5,2,1,0,4,0,0,0,0,0,0,0,0,1,0,0,0,1,3.5790611335129823,2.9139770731827523,3,1,http://www.pcn-notictl.top/com/,1
32,11,4,2,1,0,3,0,0,0,0,0,0,0,1,1,0,0,0,1,3.8042292966721747,2.9139770731827523,4,0,https://www.pcn-notictm.cyou/com,1
32,11,5,2,1,0,4,0,0,0,0,0,0,0,0,1,0,0,0,1,3.702819531114783,2.9139770731827523,4,0,http://www.pcn-notictm.cyou/com/,1
32,11,4,2,1,0,3,0,0,0,0,0,0,0,1,1,0,0,0,1,3.7806390622295662,2.663532754804255,4,0,https://www.pcn-notictn.cyou/com,1
32,11,5,2,1,0,4,0,0,0,0,0,0,0,0,1,0,0,0,1,3.6792292966721747,2.663532754804255,4,0,http://www.pcn-notictn.cyou/com/,1
32,11,4,2,1,0,3,0,0,0,0,0,0,0,1,1,0,0,0,1,3.67095859334435,2.663532754804255,4,0,https://www.pcn-notictn.shop/com,1
32,11,5,2,1,0,4,0,0,0,0,0,0,0,0,1,0,0,0,1,3.6320488277869583,2.663532754804255,4,0,http://www.pcn-notictn.shop/com/,1
31,11,5,2,1,0,4,0,0,0,0,0,0,0,0,1,0,0,0,1,3.5790611335129823,2.9139770731827523,3,1,http://www.pcn-noticts.top/com/,1
31,11,4,2,1,0,3,0,0,0,0,0,0,0,1,1,0,0,0,1,3.6837421818302896,2.9139770731827523,3,1,https://www.pcn-notictu.top/com,1
31,11,5,2,1,0,4,0,0,0,0,0,0,0,0,1,0,0,0,1,3.5790611335129823,2.9139770731827523,3,1,http://www.pcn-notictu.top/com/,1
32,11,4,2,1,0,3,0,0,0,0,0,0,0,1,1,0,0,0,1,3.8667292966721747,2.9139770731827523,4,0,https://www.pcn-notictv.cyou/com,1
32,11,5,2,1,0,4,0,0,0,0,0,0,0,0,1,0,0,0,1,3.765319531114783,2.9139770731827523,4,0,http://www.pcn-notictv.cyou/com/,1
32,11,4,2,1,0,3,0,0,0,0,0,0,0,1,1,0,0,0,1,3.7570488277869583,2.9139770731827523,4,0,https://www.pcn-notictv.shop/com,1
32,11,5,2,1,0,4,0,0,0,0,0,0,0,0,1,0,0,0,1,3.7181390622295662,2.9139770731827523,4,0,http://www.pcn-notictv.shop/com/,1
31,11,4,2,1,0,3,0,0,0,0,0,0,0,1,1,0,0,0,1,3.6837421818302896,2.9139770731827523,3,1,https://www.pcn-notictv.top/com,1
31,11,5,2,1,0,4,0,0,0,0,0,0,0,0,1,0,0,0,1,3.5790611335129823,2.9139770731827523,3,1,http://www.pcn-notictv.top/com/,1
32,11,4,2,1,0,3,0,0,0,0,0,0,0,1,1,0,0,0,1,3.8667292966721747,2.9139770731827523,4,0,https://www.pcn-notictx.cyou/com,1
32,11,5,2,1,0,4,0,0,0,0,0,0,0,0,1,0,0,0,1,3.765319531114783,2.9139770731827523,4,0,http://www.pcn-notictx.cyou/com/,1
32,11,4,2,1,0,3,0,0,0,0,0,0,0,1,1,0,0,0,1,3.7570488277869583,2.9139770731827523,4,0,https://www.pcn-notictx.shop/com,1
32,11,5,2,1,0,4,0,0,0,0,0,0,0,0,1,0,0,0,1,3.7181390622295662,2.9139770731827523,4,0,http://www.pcn-notictx.shop/com/,1
31,11,4,2,1,0,3,0,0,0,0,0,0,0,1,1,0,0,0,1,3.6837421818302896,2.9139770731827523,3,1,https://www.pcn-notictx.top/com,1
31,11,5,2,1,0,4,0,0,0,0,0,0,0,0,1,0,0,0,1,3.5790611335129823,2.9139770731827523,3,1,http://www.pcn-notictx.top/com/,1
32,11,5,2,1,0,4,0,0,0,0,0,0,0,0,1,0,0,0,1,3.765319531114783,2.9139770731827523,4,0,http://www.pcn-notictz.cyou/com/,1
31,11,5,2,1,0,4,0,0,0,0,0,0,0,0,1,0,0,0,1,3.5790611335129823,2.9139770731827523,3,1,http://www.pcn-notictz.top/com/,1
32,11,4,2,1,0,3,0,0,0,0,0,0,0,1,1,0,0,0,1,3.9056390622295662,3.095795255000934,4,0,https://www.pcn-noticua.cyou/com,1
32,11,5,2,1,0,4,0,0,0,0,0,0,0,0,1,0,0,0,1,3.8042292966721747,3.095795255000934,4,0,http://www.pcn-noticua.cyou/com/,1
32,11,4,2,1,0,3,0,0,0,0,0,0,0,1,1,0,0,0,1,3.85845859334435,3.095795255000934,4,0,https://www.pcn-noticua.shop/com,1
32,11,5,2,1,0,4,0,0,0,0,0,0,0,0,1,0,0,0,1,3.8195488277869583,3.095795255000934,4,0,http://www.pcn-noticua.shop/com/,1
31,11,4,2,1,0,3,0,0,0,0,0,0,0,1,1,0,0,0,1,3.8001821971347027,3.095795255000934,3,1,https://www.pcn-noticua.top/com,1
31,11,5,2,1,0,4,0,0,0,0,0,0,0,0,1,0,0,0,1,3.6955011488173954,3.095795255000934,3,1,http://www.pcn-noticua.top/com/,1
32,11,5,2,1,0,4,0,0,0,0,0,0,0,0,1,0,0,0,1,3.8042292966721747,3.095795255000934,4,0,http://www.pcn-noticub.cyou/com/,1
32,11,4,2,1,0,3,0,0,0,0,0,0,0,1,1,0,0,0,1,3.9056390622295662,3.095795255000934,4,0,https://www.pcn-noticub.cyou/com,1
32,11,5,2,1,0,4,0,0,0,0,0,0,0,0,1,0,0,0,1,3.8195488277869583,3.095795255000934,4,0,http://www.pcn-noticub.shop/com/,1
32,11,4,2,1,0,3,0,0,0,0,0,0,0,1,1,0,0,0,1,3.85845859334435,3.095795255000934,4,0,https://www.pcn-noticub.shop/com,1
31,11,5,2,1,0,4,0,0,0,0,0,0,0,0,1,0,0,0,1,3.6955011488173954,3.095795255000934,3,1,http://www.pcn-noticub.top/com/,1
31,11,4,2,1,0,3,0,0,0,0,0,0,0,1,1,0,0,0,1,3.8001821971347027,3.095795255000934,3,1,https://www.pcn-noticub.top/com,1
32,11,4,2,1,0,3,0,0,0,0,0,0,0,1,1,0,0,0,1,3.792837797403416,2.8453509366224368,4,0,https://www.pcn-noticuc.cyou/com,1
32,11,5,2,1,0,4,0,0,0,0,0,0,0,0,1,0,0,0,1,3.6914280318460246,2.8453509366224368,4,0,http://www.pcn-noticuc.cyou/com/,1
32,11,4,2,1,0,3,0,0,0,0,0,0,0,1,1,0,0,0,1,3.7570488277869583,2.8453509366224368,4,0,https://www.pcn-noticuc.shop/com,1
32,11,5,2,1,0,4,0,0,0,0,0,0,0,0,1,0,0,0,1,3.7181390622295662,2.8453509366224368,4,0,http://www.pcn-noticuc.shop/com/,1
31,11,4,2,1,0,3,0,0,0,0,0,0,0,1,1,0,0,0,1,3.6955011488173954,2.8453509366224368,3,1,https://www.pcn-noticuc.top/com,1
31,11,5,2,1,0,4,0,0,0,0,0,0,0,0,1,0,0,0,1,3.5908201005000877,2.8453509366224368,3,1,http://www.pcn-noticuc.top/com/,1
32,11,5,2,1,0,4,0,0,0,0,0,0,0,0,1,0,0,0,1,3.8042292966721747,3.095795255000934,4,0,http://www.pcn-noticud.cyou/com/,1
32,11,5,2,1,0,4,0,0,0,0,0,0,0,0,1,0,0,0,1,3.8195488277869583,3.095795255000934,4,0,http://www.pcn-noticud.shop/com/,1
31,11,5,2,1,0,4,0,0,0,0,0,0,0,0,1,0,0,0,1,3.6955011488173954,3.095795255000934,3,1,http://www.pcn-noticud.top/com/,1
32,11,5,2,1,0,4,0,0,0,0,0,0,0,0,1,0,0,0,1,3.8042292966721747,3.095795255000934,4,0,http://www.pcn-noticue.cyou/com/,1
32,11,4,2,1,0,3,0,0,0,0,0,0,0,1,1,0,0,0,1,3.85845859334435,3.095795255000934,4,0,https://www.pcn-noticue.shop/com,1
32,11,5,2,1,0,4,0,0,0,0,0,0,0,0,1,0,0,0,1,3.8195488277869583,3.095795255000934,4,0,http://www.pcn-noticue.shop/com/,1
32,11,5,2,1,0,4,0,0,0,0,0,0,0,0,1,0,0,0,1,3.8042292966721747,3.095795255000934,4,0,http://www.pcn-noticuf.cyou/com/,1
32,11,5,2,1,0,4,0,0,0,0,0,0,0,0,1,0,0,0,1,3.8195488277869583,3.095795255000934,4,0,http://www.pcn-noticuf.shop/com/,1
31,11,5,2,1,0,4,0,0,0,0,0,0,0,0,1,0,0,0,1,3.6955011488173954,3.095795255000934,3,1,http://www.pcn-noticuf.top/com/,1
32,11,5,2,1,0,4,0,0,0,0,0,0,0,0,1,0,0,0,1,3.8042292966721747,3.095795255000934,4,0,http://www.pcn-noticug.cyou/com/,1
32,11,4,2,1,0,3,0,0,0,0,0,0,0,1,1,0,0,0,1,3.9056390622295662,3.095795255000934,4,0,https://www.pcn-noticug.cyou/com,1
32,11,4,2,1,0,3,0,0,0,0,0,0,0,1,1,0,0,0,1,3.85845859334435,3.095795255000934,4,0,https://www.pcn-noticug.shop/com,1
32,11,5,2,1,0,4,0,0,0,0,0,0,0,0,1,0,0,0,1,3.8195488277869583,3.095795255000934,4,0,http://www.pcn-noticug.shop/com/,1
32,11,4,2,1,0,3,0,0,0,0,0,0,0,1,1,0,0,0,1,3.8431390622295662,3.095795255000934,4,0,https://www.pcn-noticuh.cyou/com,1
32,11,5,2,1,0,4,0,0,0,0,0,0,0,0,1,0,0,0,1,3.7417292966721747,3.095795255000934,4,0,http://www.pcn-noticuh.cyou/com/,1
32,11,4,2,1,0,3,0,0,0,0,0,0,0,1,1,0,0,0,1,3.7723683589017414,3.095795255000934,4,0,https://www.pcn-noticuh.shop/com,1
32,11,5,2,1,0,4,0,0,0,0,0,0,0,0,1,0,0,0,1,3.73345859334435,3.095795255000934,4,0,http://www.pcn-noticuh.shop/com/,1
32,11,4,2,1,0,3,0,0,0,0,0,0,0,1,1,0,0,0,1,3.8431390622295662,2.9139770731827523,4,0,https://www.pcn-noticui.cyou/com,1
32,11,5,2,1,0,4,0,0,0,0,0,0,0,0,1,0,0,0,1,3.7417292966721747,2.9139770731827523,4,0,http://www.pcn-noticui.cyou/com/,1
32,11,4,2,1,0,3,0,0,0,0,0,0,0,1,1,0,0,0,1,3.79595859334435,2.9139770731827523,4,0,https://www.pcn-noticui.shop/com,1
32,11,5,2,1,0,4,0,0,0,0,0,0,0,0,1,0,0,0,1,3.7570488277869583,2.9139770731827523,4,0,http://www.pcn-noticui.shop/com/,1
32,11,4,2,1,0,3,0,0,0,0,0,0,0,1,1,0,0,0,1,3.9056390622295662,3.095795255000934,4,0,https://www.pcn-noticuj.cyou/com,1
32,11,5,2,1,0,4,0,0,0,0,0,0,0,0,1,0,0,0,1,3.8042292966721747,3.095795255000934,4,0,http://www.pcn-noticuj.cyou/com/,1
32,11,5,2,1,0,4,0,0,0,0,0,0,0,0,1,0,0,0,1,3.8195488277869583,3.095795255000934,4,0,http://www.pcn-noticuj.shop/com/,1
32,11,4,2,1,0,3,0,0,0,0,0,0,0,1,1,0,0,0,1,3.85845859334435,3.095795255000934,4,0,https://www.pcn-noticuj.shop/com,1
32,11,4,2,1,0,3,0,0,0,0,0,0,0,1,1,0,0,0,1,3.85845859334435,3.095795255000934,4,0,https://www.pcn-noticuk.shop/com,1
32,11,5,2,1,0,4,0,0,0,0,0,0,0,0,1,0,0,0,1,3.8195488277869583,3.095795255000934,4,0,http://www.pcn-noticuk.shop/com/,1
31,11,4,2,1,0,3,0,0,0,0,0,0,0,1,1,0,0,0,1,3.8001821971347027,3.095795255000934,3,1,https://www.pcn-noticuk.top/com,1
31,11,5,2,1,0,4,0,0,0,0,0,0,0,0,1,0,0,0,1,3.6955011488173954,3.095795255000934,3,1,http://www.pcn-noticuk.top/com/,1
32,11,4,2,1,0,3,0,0,0,0,0,0,0,1,1,0,0,0,1,3.8431390622295662,3.095795255000934,4,0,https://www.pcn-noticum.cyou/com,1
32,11,5,2,1,0,4,0,0,0,0,0,0,0,0,1,0,0,0,1,3.7417292966721747,3.095795255000934,4,0,http://www.pcn-noticum.cyou/com/,1
32,11,4,2,1,0,3,0,0,0,0,0,0,0,1,1,0,0,0,1,3.79595859334435,3.095795255000934,4,0,https://www.pcn-noticum.shop/com,1
32,11,5,2,1,0,4,0,0,0,0,0,0,0,0,1,0,0,0,1,3.7570488277869583,3.095795255000934,4,0,http://www.pcn-noticum.shop/com/,1
31,11,4,2,1,0,3,0,0,0,0,0,0,0,1,1,0,0,0,1,3.7356660681024447,3.095795255000934,3,1,https://www.pcn-noticum.top/com,1
31,11,5,2,1,0,4,0,0,0,0,0,0,0,0,1,0,0,0,1,3.6309850197851374,3.095795255000934,3,1,http://www.pcn-noticum.top/com/,1
32,11,5,2,1,0,4,0,0,0,0,0,0,0,0,1,0,0,0,1,3.7181390622295662,2.8453509366224368,4,0,http://www.pcn-noticun.cyou/com/,1
32,11,4,2,1,0,3,0,0,0,0,0,0,0,1,1,0,0,0,1,3.8195488277869583,2.8453509366224368,4,0,https://www.pcn-noticun.cyou/com,1
32,11,5,2,1,0,4,0,0,0,0,0,0,0,0,1,0,0,0,1,3.73345859334435,2.8453509366224368,4,0,http://www.pcn-noticun.shop/com/,1
32,11,4,2,1,0,3,0,0,0,0,0,0,0,1,1,0,0,0,1,3.7723683589017414,2.8453509366224368,4,0,https://www.pcn-noticun.shop/com,1
31,11,5,2,1,0,4,0,0,0,0,0,0,0,0,1,0,0,0,1,3.6066338100379287,2.8453509366224368,3,1,http://www.pcn-noticun.top/com/,1
31,11,4,2,1,0,3,0,0,0,0,0,0,0,1,1,0,0,0,1,3.711314858355236,2.8453509366224368,3,1,https://www.pcn-noticun.top/com,1
32,11,4,2,1,0,3,0,0,0,0,0,0,0,1,1,0,0,0,1,3.8042292966721747,2.9139770731827523,4,0,https://www.pcn-noticuo.cyou/com,1
32,11,5,2,1,0,4,0,0,0,0,0,0,0,0,1,0,0,0,1,3.702819531114783,2.9139770731827523,4,0,http://www.pcn-noticuo.cyou/com/,1
32,11,4,2,1,0,3,0,0,0,0,0,0,0,1,1,0,0,0,1,3.7570488277869583,2.9139770731827523,4,0,https://www.pcn-noticuo.shop/com,1
32,11,5,2,1,0,4,0,0,0,0,0,0,0,0,1,0,0,0,1,3.7181390622295662,2.9139770731827523,4,0,http://www.pcn-noticuo.shop/com/,1
32,11,4,2,1,0,3,0,0,0,0,0,0,0,1,1,0,0,0,1,3.8195488277869583,2.9139770731827523,4,0,https://www.pcn-noticup.cyou/com,1
32,11,5,2,1,0,4,0,0,0,0,0,0,0,0,1,0,0,0,1,3.7181390622295662,2.9139770731827523,4,0,http://www.pcn-noticup.cyou/com/,1
32,11,4,2,1,0,3,0,0,0,0,0,0,0,1,1,0,0,0,1,3.7570488277869583,2.9139770731827523,4,0,https://www.pcn-noticup.shop/com,1
32,11,5,2,1,0,4,0,0,0,0,0,0,0,0,1,0,0,0,1,3.7181390622295662,2.9139770731827523,4,0,http://www.pcn-noticup.shop/com/,1
31,11,4,2,1,0,3,0,0,0,0,0,0,0,1,1,0,0,0,1,3.6955011488173954,2.9139770731827523,3,1,https://www.pcn-noticup.top/com,1
31,11,5,2,1,0,4,0,0,0,0,0,0,0,0,1,0,0,0,1,3.5908201005000877,2.9139770731827523,3,1,http://www.pcn-noticup.top/com/,1
32,11,4,2,1,0,3,0,0,0,0,0,0,0,1,1,0,0,0,1,3.9056390622295662,3.095795255000934,4,0,https://www.pcn-noticuq.cyou/com,1
32,11,5,2,1,0,4,0,0,0,0,0,0,0,0,1,0,0,0,1,3.8042292966721747,3.095795255000934,4,0,http://www.pcn-noticuq.cyou/com/,1
32,11,4,2,1,0,3,0,0,0,0,0,0,0,1,1,0,0,0,1,3.85845859334435,3.095795255000934,4,0,https://www.pcn-noticuq.shop/com,1
32,11,5,2,1,0,4,0,0,0,0,0,0,0,0,1,0,0,0,1,3.8195488277869583,3.095795255000934,4,0,http://www.pcn-noticuq.shop/com/,1
31,11,4,2,1,0,3,0,0,0,0,0,0,0,1,1,0,0,0,1,3.8001821971347027,3.095795255000934,3,1,https://www.pcn-noticuq.top/com,1
31,11,5,2,1,0,4,0,0,0,0,0,0,0,0,1,0,0,0,1,3.6955011488173954,3.095795255000934,3,1,http://www.pcn-noticuq.top/com/,1
32,11,5,2,1,0,4,0,0,0,0,0,0,0,0,1,0,0,0,1,3.8042292966721747,3.095795255000934,4,0,http://www.pcn-noticur.cyou/com/,1
32,11,5,2,1,0,4,0,0,0,0,0,0,0,0,1,0,0,0,1,3.8195488277869583,3.095795255000934,4,0,http://www.pcn-noticur.shop/com/,1
31,11,5,2,1,0,4,0,0,0,0,0,0,0,0,1,0,0,0,1,3.6955011488173954,3.095795255000934,3,1,http://www.pcn-noticur.top/com/,1
32,11,4,2,1,0,3,0,0,0,0,0,0,0,1,1,0,0,0,1,3.8431390622295662,3.095795255000934,4,0,https://www.pcn-noticus.cyou/com,1
32,11,5,2,1,0,4,0,0,0,0,0,0,0,0,1,0,0,0,1,3.8042292966721747,3.095795255000934,4,0,http://www.pcn-noticus.cyou/com/,1
32,11,4,2,1,0,3,0,0,0,0,0,0,0,1,1,0,0,0,1,3.7723683589017414,3.095795255000934,4,0,https://www.pcn-noticus.shop/com,1
32,11,5,2,1,0,4,0,0,0,0,0,0,0,0,1,0,0,0,1,3.7570488277869583,3.095795255000934,4,0,http://www.pcn-noticus.shop/com/,1
31,11,4,2,1,0,3,0,0,0,0,0,0,0,1,1,0,0,0,1,3.7356660681024447,3.095795255000934,3,1,https://www.pcn-noticus.top/com,1
31,11,5,2,1,0,4,0,0,0,0,0,0,0,0,1,0,0,0,1,3.6955011488173954,3.095795255000934,3,1,http://www.pcn-noticus.top/com/,1
32,11,4,2,1,0,3,0,0,0,0,0,0,0,1,1,0,0,0,1,3.8042292966721747,2.9139770731827523,4,0,https://www.pcn-noticut.cyou/com,1
32,11,5,2,1,0,4,0,0,0,0,0,0,0,0,1,0,0,0,1,3.702819531114783,2.9139770731827523,4,0,http://www.pcn-noticut.cyou/com/,1
32,11,4,2,1,0,3,0,0,0,0,0,0,0,1,1,0,0,0,1,3.7570488277869583,2.9139770731827523,4,0,https://www.pcn-noticut.shop/com,1
32,11,5,2,1,0,4,0,0,0,0,0,0,0,0,1,0,0,0,1,3.7181390622295662,2.9139770731827523,4,0,http://www.pcn-noticut.shop/com/,1
32,11,4,2,1,0,3,0,0,0,0,0,0,0,1,1,0,0,0,1,3.8195488277869583,2.9139770731827523,4,0,https://www.pcn-noticuu.cyou/com,1
32,11,5,2,1,0,4,0,0,0,0,0,0,0,0,1,0,0,0,1,3.7181390622295662,2.9139770731827523,4,0,http://www.pcn-noticuu.cyou/com/,1
32,11,4,2,1,0,3,0,0,0,0,0,0,0,1,1,0,0,0,1,3.79595859334435,2.9139770731827523,4,0,https://www.pcn-noticuu.shop/com,1
32,11,5,2,1,0,4,0,0,0,0,0,0,0,0,1,0,0,0,1,3.7570488277869583,2.9139770731827523,4,0,http://www.pcn-noticuu.shop/com/,1
31,11,4,2,1,0,3,0,0,0,0,0,0,0,1,1,0,0,0,1,3.7356660681024447,2.9139770731827523,3,1,https://www.pcn-noticuu.top/com,1
31,11,5,2,1,0,4,0,0,0,0,0,0,0,0,1,0,0,0,1,3.6309850197851374,2.9139770731827523,3,1,http://www.pcn-noticuu.top/com/,1
32,11,5,2,1,0,4,0,0,0,0,0,0,0,0,1,0,0,0,1,3.8042292966721747,3.095795255000934,4,0,http://www.pcn-noticuv.cyou/com/,1
32,11,4,2,1,0,3,0,0,0,0,0,0,0,1,1,0,0,0,1,3.9056390622295662,3.095795255000934,4,0,https://www.pcn-noticuv.cyou/com,1
32,11,4,2,1,0,3,0,0,0,0,0,0,0,1,1,0,0,0,1,3.85845859334435,3.095795255000934,4,0,https://www.pcn-noticuv.shop/com,1
32,11,5,2,1,0,4,0,0,0,0,0,0,0,0,1,0,0,0,1,3.8195488277869583,3.095795255000934,4,0,http://www.pcn-noticuv.shop/com/,1
31,11,5,2,1,0,4,0,0,0,0,0,0,0,0,1,0,0,0,1,3.6955011488173954,3.095795255000934,3,1,http://www.pcn-noticuv.top/com/,1
31,11,4,2,1,0,3,0,0,0,0,0,0,0,1,1,0,0,0,1,3.8001821971347027,3.095795255000934,3,1,https://www.pcn-noticuv.top/com,1
32,11,4,2,1,0,3,0,0,0,0,0,0,0,1,1,0,0,0,1,3.8042292966721747,3.095795255000934,4,0,https://www.pcn-noticuw.cyou/com,1
32,11,5,2,1,0,4,0,0,0,0,0,0,0,0,1,0,0,0,1,3.702819531114783,3.095795255000934,4,0,http://www.pcn-noticuw.cyou/com/,1
32,11,4,2,1,0,3,0,0,0,0,0,0,0,1,1,0,0,0,1,3.7570488277869583,3.095795255000934,4,0,https://www.pcn-noticuw.shop/com,1
32,11,5,2,1,0,4,0,0,0,0,0,0,0,0,1,0,0,0,1,3.7181390622295662,3.095795255000934,4,0,http://www.pcn-noticuw.shop/com/,1
31,11,4,2,1,0,3,0,0,0,0,0,0,0,1,1,0,0,0,1,3.6955011488173954,3.095795255000934,3,1,https://www.pcn-noticuw.top/com,1
31,11,5,2,1,0,4,0,0,0,0,0,0,0,0,1,0,0,0,1,3.5908201005000877,3.095795255000934,3,1,http://www.pcn-noticuw.top/com/,1
32,11,4,2,1,0,3,0,0,0,0,0,0,0,1,1,0,0,0,1,3.9056390622295662,3.095795255000934,4,0,https://www.pcn-noticux.cyou/com,1
32,11,5,2,1,0,4,0,0,0,0,0,0,0,0,1,0,0,0,1,3.8042292966721747,3.095795255000934,4,0,http://www.pcn-noticux.cyou/com/,1
32,11,4,2,1,0,3,0,0,0,0,0,0,0,1,1,0,0,0,1,3.85845859334435,3.095795255000934,4,0,https://www.pcn-noticux.shop/com,1
32,11,5,2,1,0,4,0,0,0,0,0,0,0,0,1,0,0,0,1,3.8195488277869583,3.095795255000934,4,0,http://www.pcn-noticux.shop/com/,1
31,11,4,2,1,0,3,0,0,0,0,0,0,0,1,1,0,0,0,1,3.8001821971347027,3.095795255000934,3,1,https://www.pcn-noticux.top/com,1
31,11,5,2,1,0,4,0,0,0,0,0,0,0,0,1,0,0,0,1,3.6955011488173954,3.095795255000934,3,1,http://www.pcn-noticux.top/com/,1
32,11,4,2,1,0,3,0,0,0,0,0,0,0,1,1,0,0,0,1,3.8431390622295662,3.095795255000934,4,0,https://www.pcn-noticuy.cyou/com,1
32,11,5,2,1,0,4,0,0,0,0,0,0,0,0,1,0,0,0,1,3.7417292966721747,3.095795255000934,4,0,http://www.pcn-noticuy.cyou/com/,1
32,11,5,2,1,0,4,0,0,0,0,0,0,0,0,1,0,0,0,1,3.8195488277869583,3.095795255000934,4,0,http://www.pcn-noticuy.shop/com/,1
32,11,4,2,1,0,3,0,0,0,0,0,0,0,1,1,0,0,0,1,3.85845859334435,3.095795255000934,4,0,https://www.pcn-noticuy.shop/com,1
31,11,4,2,1,0,3,0,0,0,0,0,0,0,1,1,0,0,0,1,3.8001821971347027,3.095795255000934,3,1,https://www.pcn-noticuy.top/com,1
31,11,5,2,1,0,4,0,0,0,0,0,0,0,0,1,0,0,0,1,3.6955011488173954,3.095795255000934,3,1,http://www.pcn-noticuy.top/com/,1
32,11,4,2,1,0,3,0,0,0,0,0,0,0,1,1,0,0,0,1,3.9056390622295662,3.095795255000934,4,0,https://www.pcn-noticya.cyou/com,1
32,11,5,2,1,0,4,0,0,0,0,0,0,0,0,1,0,0,0,1,3.8042292966721747,3.095795255000934,4,0,http://www.pcn-noticya.cyou/com/,1
32,11,4,2,1,0,3,0,0,0,0,0,0,0,1,1,0,0,0,1,3.85845859334435,3.095795255000934,4,0,https://www.pcn-noticya.shop/com,1
32,11,5,2,1,0,4,0,0,0,0,0,0,0,0,1,0,0,0,1,3.8195488277869583,3.095795255000934,4,0,http://www.pcn-noticya.shop/com/,1
31,11,4,2,1,0,3,0,0,0,0,0,0,0,1,1,0,0,0,1,3.8001821971347027,3.095795255000934,3,1,https://www.pcn-noticya.top/com,1
31,11,5,2,1,0,4,0,0,0,0,0,0,0,0,1,0,0,0,1,3.6955011488173954,3.095795255000934,3,1,http://www.pcn-noticya.top/com/,1
32,11,4,2,1,0,3,0,0,0,0,0,0,0,1,1,0,0,0,1,3.9056390622295662,3.095795255000934,4,0,https://www.pcn-noticyb.cyou/com,1
32,11,5,2,1,0,4,0,0,0,0,0,0,0,0,1,0,0,0,1,3.8042292966721747,3.095795255000934,4,0,http://www.pcn-noticyb.cyou/com/,1
32,11,4,2,1,0,3,0,0,0,0,0,0,0,1,1,0,0,0,1,3.85845859334435,3.095795255000934,4,0,https://www.pcn-noticyb.shop/com,1
32,11,5,2,1,0,4,0,0,0,0,0,0,0,0,1,0,0,0,1,3.8195488277869583,3.095795255000934,4,0,http://www.pcn-noticyb.shop/com/,1
32,11,4,2,1,0,3,0,0,0,0,0,0,0,1,1,0,0,0,1,3.9056390622295662,3.095795255000934,4,0,https://www.pcn-noticyd.cyou/com,1
32,11,5,2,1,0,4,0,0,0,0,0,0,0,0,1,0,0,0,1,3.8042292966721747,3.095795255000934,4,0,http://www.pcn-noticyd.cyou/com/,1
32,11,4,2,1,0,3,0,0,0,0,0,0,0,1,1,0,0,0,1,3.85845859334435,3.095795255000934,4,0,https://www.pcn-noticyd.shop/com,1
32,11,5,2,1,0,4,0,0,0,0,0,0,0,0,1,0,0,0,1,3.8195488277869583,3.095795255000934,4,0,http://www.pcn-noticyd.shop/com/,1
31,11,4,2,1,0,3,0,0,0,0,0,0,0,1,1,0,0,0,1,3.8001821971347027,3.095795255000934,3,1,https://www.pcn-noticyd.top/com,1
31,11,5,2,1,0,4,0,0,0,0,0,0,0,0,1,0,0,0,1,3.6955011488173954,3.095795255000934,3,1,http://www.pcn-noticyd.top/com/,1
32,11,5,2,1,0,4,0,0,0,0,0,0,0,0,1,0,0,0,1,3.8042292966721747,3.095795255000934,4,0,http://www.pcn-noticye.cyou/com/,1
32,11,5,2,1,0,4,0,0,0,0,0,0,0,0,1,0,0,0,1,3.8195488277869583,3.095795255000934,4,0,http://www.pcn-noticye.shop/com/,1
31,11,5,2,1,0,4,0,0,0,0,0,0,0,0,1,0,0,0,1,3.6955011488173954,3.095795255000934,3,1,http://www.pcn-noticye.top/com/,1
32,11,5,2,1,0,4,0,0,0,0,0,0,0,0,1,0,0,0,1,3.8042292966721747,3.095795255000934,4,0,http://www.pcn-noticyf.cyou/com/,1
32,11,5,2,1,0,4,0,0,0,0,0,0,0,0,1,0,0,0,1,3.8195488277869583,3.095795255000934,4,0,http://www.pcn-noticyf.shop/com/,1
31,11,5,2,1,0,4,0,0,0,0,0,0,0,0,1,0,0,0,1,3.6955011488173954,3.095795255000934,3,1,http://www.pcn-noticyf.top/com/,1
32,11,5,2,1,0,4,0,0,0,0,0,0,0,0,1,0,0,0,1,3.8042292966721747,3.095795255000934,4,0,http://www.pcn-noticyg.cyou/com/,1
31,11,5,2,1,0,4,0,0,0,0,0,0,0,0,1,0,0,0,1,3.6955011488173954,3.095795255000934,3,1,http://www.pcn-noticyg.top/com/,1
32,11,4,2,1,0,3,0,0,0,0,0,0,0,1,1,0,0,0,1,3.8431390622295662,3.095795255000934,4,0,https://www.pcn-noticyh.cyou/com,1
32,11,5,2,1,0,4,0,0,0,0,0,0,0,0,1,0,0,0,1,3.7417292966721747,3.095795255000934,4,0,http://www.pcn-noticyh.cyou/com/,1
32,11,4,2,1,0,3,0,0,0,0,0,0,0,1,1,0,0,0,1,3.7723683589017414,3.095795255000934,4,0,https://www.pcn-noticyh.shop/com,1
32,11,5,2,1,0,4,0,0,0,0,0,0,0,0,1,0,0,0,1,3.73345859334435,3.095795255000934,4,0,http://www.pcn-noticyh.shop/com/,1
31,11,4,2,1,0,3,0,0,0,0,0,0,0,1,1,0,0,0,1,3.7356660681024447,3.095795255000934,3,1,https://www.pcn-noticyh.top/com,1
31,11,5,2,1,0,4,0,0,0,0,0,0,0,0,1,0,0,0,1,3.6309850197851374,3.095795255000934,3,1,http://www.pcn-noticyh.top/com/,1
32,11,4,2,1,0,3,0,0,0,0,0,0,0,1,1,0,0,0,1,3.8431390622295662,2.9139770731827523,4,0,https://www.pcn-noticyi.cyou/com,1
32,11,5,2,1,0,4,0,0,0,0,0,0,0,0,1,0,0,0,1,3.7417292966721747,2.9139770731827523,4,0,http://www.pcn-noticyi.cyou/com/,1
32,11,4,2,1,0,3,0,0,0,0,0,0,0,1,1,0,0,0,1,3.79595859334435,2.9139770731827523,4,0,https://www.pcn-noticyi.shop/com,1
32,11,5,2,1,0,4,0,0,0,0,0,0,0,0,1,0,0,0,1,3.7570488277869583,2.9139770731827523,4,0,http://www.pcn-noticyi.shop/com/,1
31,11,4,2,1,0,3,0,0,0,0,0,0,0,1,1,0,0,0,1,3.7356660681024447,2.9139770731827523,3,1,https://www.pcn-noticyi.top/com,1
31,11,5,2,1,0,4,0,0,0,0,0,0,0,0,1,0,0,0,1,3.6309850197851374,2.9139770731827523,3,1,http://www.pcn-noticyi.top/com/,1
32,11,4,2,1,0,3,0,0,0,0,0,0,0,1,1,0,0,0,1,3.9056390622295662,3.095795255000934,4,0,https://www.pcn-noticyj.cyou/com,1
32,11,5,2,1,0,4,0,0,0,0,0,0,0,0,1,0,0,0,1,3.8042292966721747,3.095795255000934,4,0,http://www.pcn-noticyj.cyou/com/,1
32,11,4,2,1,0,3,0,0,0,0,0,0,0,1,1,0,0,0,1,3.85845859334435,3.095795255000934,4,0,https://www.pcn-noticyj.shop/com,1
32,11,5,2,1,0,4,0,0,0,0,0,0,0,0,1,0,0,0,1,3.8195488277869583,3.095795255000934,4,0,http://www.pcn-noticyj.shop/com/,1
31,11,4,2,1,0,3,0,0,0,0,0,0,0,1,1,0,0,0,1,3.8001821971347027,3.095795255000934,3,1,https://www.pcn-noticyj.top/com,1
31,11,5,2,1,0,4,0,0,0,0,0,0,0,0,1,0,0,0,1,3.6955011488173954,3.095795255000934,3,1,http://www.pcn-noticyj.top/com/,1
32,11,4,2,1,0,3,0,0,0,0,0,0,0,1,1,0,0,0,1,3.8431390622295662,3.095795255000934,4,0,https://www.pcn-noticym.cyou/com,1
32,11,5,2,1,0,4,0,0,0,0,0,0,0,0,1,0,0,0,1,3.7417292966721747,3.095795255000934,4,0,http://www.pcn-noticym.cyou/com/,1
32,11,4,2,1,0,3,0,0,0,0,0,0,0,1,1,0,0,0,1,3.79595859334435,3.095795255000934,4,0,https://www.pcn-noticym.shop/com,1
32,11,5,2,1,0,4,0,0,0,0,0,0,0,0,1,0,0,0,1,3.7570488277869583,3.095795255000934,4,0,http://www.pcn-noticym.shop/com/,1
31,11,4,2,1,0,3,0,0,0,0,0,0,0,1,1,0,0,0,1,3.7356660681024447,3.095795255000934,3,1,https://www.pcn-noticym.top/com,1
31,11,5,2,1,0,4,0,0,0,0,0,0,0,0,1,0,0,0,1,3.6309850197851374,3.095795255000934,3,1,http://www.pcn-noticym.top/com/,1
32,11,4,2,1,0,3,0,0,0,0,0,0,0,1,1,0,0,0,1,3.8195488277869583,2.8453509366224368,4,0,https://www.pcn-noticyn.cyou/com,1
32,11,5,2,1,0,4,0,0,0,0,0,0,0,0,1,0,0,0,1,3.7181390622295662,2.8453509366224368,4,0,http://www.pcn-noticyn.cyou/com/,1
32,11,5,2,1,0,4,0,0,0,0,0,0,0,0,1,0,0,0,1,3.73345859334435,2.8453509366224368,4,0,http://www.pcn-noticyn.shop/com/,1
31,11,5,2,1,0,4,0,0,0,0,0,0,0,0,1,0,0,0,1,3.6066338100379287,2.8453509366224368,3,1,http://www.pcn-noticyn.top/com/,1
32,11,4,2,1,0,3,0,0,0,0,0,0,0,1,1,0,0,0,1,3.8042292966721747,2.9139770731827523,4,0,https://www.pcn-noticyo.cyou/com,1
32,11,5,2,1,0,4,0,0,0,0,0,0,0,0,1,0,0,0,1,3.702819531114783,2.9139770731827523,4,0,http://www.pcn-noticyo.cyou/com/,1
32,11,4,2,1,0,3,0,0,0,0,0,0,0,1,1,0,0,0,1,3.7570488277869583,2.9139770731827523,4,0,https://www.pcn-noticyo.shop/com,1
32,11,5,2,1,0,4,0,0,0,0,0,0,0,0,1,0,0,0,1,3.7181390622295662,2.9139770731827523,4,0,http://www.pcn-noticyo.shop/com/,1
31,11,4,2,1,0,3,0,0,0,0,0,0,0,1,1,0,0,0,1,3.6955011488173954,2.9139770731827523,3,1,https://www.pcn-noticyo.top/com,1
31,11,5,2,1,0,4,0,0,0,0,0,0,0,0,1,0,0,0,1,3.5908201005000877,2.9139770731827523,3,1,http://www.pcn-noticyo.top/com/,1
32,11,4,2,1,0,3,0,0,0,0,0,0,0,1,1,0,0,0,1,3.8195488277869583,2.9139770731827523,4,0,https://www.pcn-noticyp.cyou/com,1
32,11,5,2,1,0,4,0,0,0,0,0,0,0,0,1,0,0,0,1,3.7181390622295662,2.9139770731827523,4,0,http://www.pcn-noticyp.cyou/com/,1
32,11,4,2,1,0,3,0,0,0,0,0,0,0,1,1,0,0,0,1,3.7570488277869583,2.9139770731827523,4,0,https://www.pcn-noticyp.shop/com,1
32,11,5,2,1,0,4,0,0,0,0,0,0,0,0,1,0,0,0,1,3.7181390622295662,2.9139770731827523,4,0,http://www.pcn-noticyp.shop/com/,1
32,11,4,2,1,0,3,0,0,0,0,0,0,0,1,1,0,0,0,1,3.9056390622295662,3.095795255000934,4,0,https://www.pcn-noticyq.cyou/com,1
32,11,5,2,1,0,4,0,0,0,0,0,0,0,0,1,0,0,0,1,3.8042292966721747,3.095795255000934,4,0,http://www.pcn-noticyq.cyou/com/,1
32,11,4,2,1,0,3,0,0,0,0,0,0,0,1,1,0,0,0,1,3.85845859334435,3.095795255000934,4,0,https://www.pcn-noticyq.shop/com,1
32,11,5,2,1,0,4,0,0,0,0,0,0,0,0,1,0,0,0,1,3.8195488277869583,3.095795255000934,4,0,http://www.pcn-noticyq.shop/com/,1
31,11,4,2,1,0,3,0,0,0,0,0,0,0,1,1,0,0,0,1,3.8001821971347027,3.095795255000934,3,1,https://www.pcn-noticyq.top/com,1
31,11,5,2,1,0,4,0,0,0,0,0,0,0,0,1,0,0,0,1,3.6955011488173954,3.095795255000934,3,1,http://www.pcn-noticyq.top/com/,1
32,11,5,2,1,0,4,0,0,0,0,0,0,0,0,1,0,0,0,1,3.8042292966721747,3.095795255000934,4,0,http://www.pcn-noticyr.cyou/com/,1
32,11,5,2,1,0,4,0,0,0,0,0,0,0,0,1,0,0,0,1,3.8195488277869583,3.095795255000934,4,0,http://www.pcn-noticyr.shop/com/,1
31,11,5,2,1,0,4,0,0,0,0,0,0,0,0,1,0,0,0,1,3.6955011488173954,3.095795255000934,3,1,http://www.pcn-noticyr.top/com/,1
32,11,4,2,1,0,3,0,0,0,0,0,0,0,1,1,0,0,0,1,3.8431390622295662,3.095795255000934,4,0,https://www.pcn-noticys.cyou/com,1
32,11,5,2,1,0,4,0,0,0,0,0,0,0,0,1,0,0,0,1,3.8042292966721747,3.095795255000934,4,0,http://www.pcn-noticys.cyou/com/,1
32,11,4,2,1,0,3,0,0,0,0,0,0,0,1,1,0,0,0,1,3.7723683589017414,3.095795255000934,4,0,https://www.pcn-noticys.shop/com,1
32,11,5,2,1,0,4,0,0,0,0,0,0,0,0,1,0,0,0,1,3.7570488277869583,3.095795255000934,4,0,http://www.pcn-noticys.shop/com/,1
31,11,4,2,1,0,3,0,0,0,0,0,0,0,1,1,0,0,0,1,3.7356660681024447,3.095795255000934,3,1,https://www.pcn-noticys.top/com,1
31,11,5,2,1,0,4,0,0,0,0,0,0,0,0,1,0,0,0,1,3.6955011488173954,3.095795255000934,3,1,http://www.pcn-noticys.top/com/,1
32,11,4,2,1,0,3,0,0,0,0,0,0,0,1,1,0,0,0,1,3.8042292966721747,2.9139770731827523,4,0,https://www.pcn-noticyt.cyou/com,1
32,11,5,2,1,0,4,0,0,0,0,0,0,0,0,1,0,0,0,1,3.702819531114783,2.9139770731827523,4,0,http://www.pcn-noticyt.cyou/com/,1
32,11,4,2,1,0,3,0,0,0,0,0,0,0,1,1,0,0,0,1,3.7570488277869583,2.9139770731827523,4,0,https://www.pcn-noticyt.shop/com,1
32,11,5,2,1,0,4,0,0,0,0,0,0,0,0,1,0,0,0,1,3.7181390622295662,2.9139770731827523,4,0,http://www.pcn-noticyt.shop/com/,1
32,11,4,2,1,0,3,0,0,0,0,0,0,0,1,1,0,0,0,1,3.8431390622295662,3.095795255000934,4,0,https://www.pcn-noticyu.cyou/com,1
32,11,5,2,1,0,4,0,0,0,0,0,0,0,0,1,0,0,0,1,3.7417292966721747,3.095795255000934,4,0,http://www.pcn-noticyu.cyou/com/,1
32,11,4,2,1,0,3,0,0,0,0,0,0,0,1,1,0,0,0,1,3.85845859334435,3.095795255000934,4,0,https://www.pcn-noticyu.shop/com,1
32,11,5,2,1,0,4,0,0,0,0,0,0,0,0,1,0,0,0,1,3.8195488277869583,3.095795255000934,4,0,http://www.pcn-noticyu.shop/com/,1
32,11,5,2,1,0,4,0,0,0,0,0,0,0,0,1,0,0,0,1,3.8042292966721747,3.095795255000934,4,0,http://www.pcn-noticyv.cyou/com/,1
32,11,4,2,1,0,3,0,0,0,0,0,0,0,1,1,0,0,0,1,3.85845859334435,3.095795255000934,4,0,https://www.pcn-noticyv.shop/com,1
32,11,5,2,1,0,4,0,0,0,0,0,0,0,0,1,0,0,0,1,3.8195488277869583,3.095795255000934,4,0,http://www.pcn-noticyv.shop/com/,1
31,11,4,2,1,0,3,0,0,0,0,0,0,0,1,1,0,0,0,1,3.8001821971347027,3.095795255000934,3,1,https://www.pcn-noticyv.top/com,1
31,11,5,2,1,0,4,0,0,0,0,0,0,0,0,1,0,0,0,1,3.6955011488173954,3.095795255000934,3,1,http://www.pcn-noticyv.top/com/,1
32,11,5,2,1,0,4,0,0,0,0,0,0,0,0,1,0,0,0,1,3.702819531114783,3.095795255000934,4,0,http://www.pcn-noticyw.cyou/com/,1
32,11,4,2,1,0,3,0,0,0,0,0,0,0,1,1,0,0,0,1,3.7570488277869583,3.095795255000934,4,0,https://www.pcn-noticyw.shop/com,1
32,11,5,2,1,0,4,0,0,0,0,0,0,0,0,1,0,0,0,1,3.7181390622295662,3.095795255000934,4,0,http://www.pcn-noticyw.shop/com/,1
31,11,5,2,1,0,4,0,0,0,0,0,0,0,0,1,0,0,0,1,3.5908201005000877,3.095795255000934,3,1,http://www.pcn-noticyw.top/com/,1
32,11,4,2,1,0,3,0,0,0,0,0,0,0,1,1,0,0,0,1,3.8195488277869583,2.9139770731827523,4,0,https://www.pcn-noticyy.cyou/com,1
32,11,5,2,1,0,4,0,0,0,0,0,0,0,0,1,0,0,0,1,3.7181390622295662,2.9139770731827523,4,0,http://www.pcn-noticyy.cyou/com/,1
32,11,4,2,1,0,3,0,0,0,0,0,0,0,1,1,0,0,0,1,3.79595859334435,2.9139770731827523,4,0,https://www.pcn-noticyy.shop/com,1
32,11,5,2,1,0,4,0,0,0,0,0,0,0,0,1,0,0,0,1,3.7570488277869583,2.9139770731827523,4,0,http://www.pcn-noticyy.shop/com/,1
19,4,3,1,0,0,3,0,0,0,0,0,0,0,1,0,0,0,0,0,3.6421498816369047,2.0,3,0,https://gove.lat/si,1
19,4,3,1,0,0,3,0,0,0,0,0,0,0,1,0,0,0,0,0,3.536886723742168,2.0,3,0,https://govh.lat/si,1
19,4,3,1,0,0,3,0,0,0,0,0,0,0,1,0,0,0,0,0,3.6421498816369047,2.0,3,0,https://govj.lat/si,1
19,4,3,1,0,0,3,0,0,0,0,0,0,0,1,0,0,0,0,0,3.6421498816369047,2.0,3,0,https://govk.lat/si,1
19,4,3,1,0,0,3,0,0,0,0,0,0,0,1,0,0,0,0,0,3.536886723742168,2.0,3,0,https://govl.lat/si,1
19,4,3,1,0,0,3,0,0,0,0,0,0,0,1,0,0,0,0,0,3.6421498816369047,2.0,3,0,https://govn.lat/si,1
19,4,3,1,0,0,3,0,0,0,0,0,0,0,1,0,0,0,0,0,3.536886723742168,1.5,3,0,https://govo.lat/si,1
19,4,3,1,0,0,3,0,0,0,0,0,0,0,1,0,0,0,0,0,3.6421498816369047,2.0,3,0,https://govq.lat/si,1
19,4,3,1,0,0,3,0,0,0,0,0,0,0,1,0,0,0,0,0,3.6421498816369047,2.0,3,0,https://govx.lat/si,1
22,4,7,1,0,0,3,0,0,0,0,0,1,0,1,0,0,0,0,0,4.061482186720776,2.0,2,0,https://qrco.de/bgoa7U,1
22,4,7,1,0,0,3,0,0,0,0,0,0,0,1,0,0,0,0,0,4.061482186720776,2.0,2,0,https://qrco.de/bgoniM,1
21,3,7,1,1,0,3,0,0,0,0,0,0,0,1,0,0,0,0,0,3.844232898763192,1.584962500721156,2,0,https://q-r.to/bgoniM,1
23,3,7,2,0,0,3,0,0,0,0,0,0,0,1,0,0,0,0,1,4.0559581516151235,1.584962500721156,2,0,https://l.ead.me/bgoniM,1
21,3,7,1,1,0,3,0,0,0,0,0,0,0,1,0,0,0,0,0,3.844232898763192,1.584962500721156,2,0,https://q-r.to/bgoHDU,1
22,4,7,1,0,0,3,0,0,0,0,0,0,0,1,0,0,0,0,0,3.970573095811685,2.0,2,0,https://qrco.de/bgoupU,1
21,3,7,1,1,0,3,0,0,0,0,0,0,0,1,0,0,0,0,0,3.748994803525097,1.584962500721156,2,0,https://q-r.to/bgoupU,1
21,3,7,1,1,0,3,0,0,0,0,0,1,0,1,0,0,0,0,0,3.844232898763192,1.584962500721156,2,0,https://q-r.to/bgo3cy,1
23,3,7,2,0,0,3,0,0,0,0,0,1,0,1,0,0,0,0,1,3.8820451081368623,1.584962500721156,2,0,https://l.ead.me/bgoa8d,1
39,6,1,2,2,0,3,0,0,0,0,0,6,0,1,0,0,0,0,1,4.2849009365890725,2.2516291673878226,3,0,https://vibrant-help-732270.framer.app/,1
30,6,1,2,0,0,3,0,0,0,0,0,3,0,1,0,0,0,0,1,4.21506101220307,2.2516291673878226,3,0,https://service534.weebly.com/,1
41,6,1,2,2,0,3,0,0,0,0,0,6,0,1,0,0,0,0,1,4.326706577630513,2.2516291673878226,3,0,https://proud-advocate-494268.framer.app/,1
56,7,21,2,1,0,3,0,0,0,0,0,3,0,1,0,0,0,0,1,4.517375797816042,2.5216406363433186,3,0,https://jimmyhanford280.wixsite.com/professional-service,1
41,6,1,2,2,0,3,0,0,0,0,0,6,0,1,0,0,0,0,1,4.320251394545381,2.2516291673878226,3,0,https://concerned-ways-888011.framer.app/,1
39,6,1,2,2,0,3,0,0,0,0,0,6,0,1,0,0,0,0,1,4.272331064905147,2.2516291673878226,3,0,https://azure-radish-625972.framer.app/,1
35,4,20,1,0,0,4,0,0,0,0,0,1,0,1,0,0,0,0,0,4.036006945330955,2.0,2,0,https://kh3a.de/internationalmicro/,1
34,4,19,1,0,0,3,0,0,0,0,0,1,0,1,0,0,0,0,0,4.057476076289932,2.0,2,0,https://kh3a.de/internationalmicro,1
29,6,11,1,0,0,3,0,0,0,0,0,0,0,1,0,0,0,0,0,4.064203408622266,2.2516291673878226,3,0,https://afaktv.com/summerwood,1
30,6,12,1,0,0,4,0,0,0,0,0,0,0,1,0,0,0,0,0,4.031401845392172,2.2516291673878226,3,0,https://afaktv.com/summerwood/,1
41,17,9,2,0,0,4,0,0,0,0,0,0,0,0,1,0,0,0,1,4.143541333622539,3.6168746059562222,3,0,http://www.cartermobilmadiun.com/callmss/,1
40,13,17,1,0,0,3,0,0,0,0,0,2,0,0,0,0,0,0,0,3.9586949695628424,3.3927474104487847,2,0,http://hausmeister38.de/edwardhopwooddmd,1
41,13,18,1,0,0,4,0,0,0,0,0,2,0,0,0,0,0,0,0,3.948419382403027,3.3927474104487847,2,0,http://hausmeister38.de/edwardhopwooddmd/,1
36,21,1,2,2,0,3,0,0,0,0,0,0,0,1,0,0,0,0,1,4.016875695766564,3.594465636961452,2,0,https://hu.service-client-portal.es/,1
39,21,4,2,2,0,4,0,0,0,0,0,0,0,1,0,0,0,0,1,4.015920808494891,3.594465636961452,2,0,https://hu.service-client-portal.es/hu/,1
45,21,10,2,2,0,5,0,0,0,0,0,0,0,1,0,0,0,0,1,4.053429630702996,3.594465636961452,2,0,https://hu.service-client-portal.es/hu/pages/,1
48,21,13,3,2,0,4,0,0,0,0,0,0,0,1,0,0,0,0,1,3.9940348345419836,3.594465636961452,2,0,https://hu.service-client-portal.es/hu/visit.php,1
54,21,19,3,2,0,5,0,0,0,0,0,0,0,1,0,0,0,1,1,4.105006318278268,3.594465636961452,2,0,https://hu.service-client-portal.es/hu/pages/login.php,1
85,14,43,2,5,0,5,0,0,0,0,0,21,0,1,0,0,0,0,1,4.69910553769894,3.235926350629033,3,0,https://allegrolokalnie.pl-58917895612.lat/oferta/84532061/gopro-hero-13-black-zestaw,1
99,15,56,2,6,0,4,0,0,0,0,0,9,0,1,0,0,0,0,1,4.514845700879642,3.640223928941852,3,0,https://allegrolokalnie.oferta869349612.lat/oferta/marshall-stanmore-iii-glosnik-bluetooth-jak-nowy,1
198,16,152,2,20,0,4,0,0,0,0,2,24,0,1,0,0,0,0,1,4.755831551787669,2.7806390622295662,4,0,https://allegrolokalinie.pl-4892749284924.shop/oferta/smartfon-samsung-galaxy-s26-ultra-czarny-kolor-1tb-pami%C4%99ci-nowy-gwarancja-2-lata-paragon-media-expert-fabrycznie-spakowany-olsztyn-7b5e4a4f,1
30,6,1,2,0,0,3,0,0,0,0,0,10,0,1,0,0,0,0,1,4.031401845392172,2.2516291673878226,3,0,https://7173123126.vercel.app/,1
118,45,44,2,11,0,4,0,0,0,0,0,10,0,1,0,0,0,0,1,4.562586243430126,4.146756984930102,3,0,https://allegrolokalnie.ploferta-telefon-pixel-10-pro-512gb-gwarancja.sbs/oferta/Telefon-Pixel-10-pro-512gb-Gwarancja#,1
32,19,1,1,1,0,3,0,0,0,0,0,0,0,1,0,0,0,0,0,3.9917292966721747,3.536886723742168,3,0,https://autenticacaogov-cmd.com/,1
42,19,11,2,1,0,3,0,0,0,0,0,0,0,1,0,0,0,0,0,4.186860506514696,3.536886723742168,3,0,https://autenticacaogov-cmd.com/index.html,1
60,9,16,5,0,0,3,0,0,1,0,0,1,0,1,1,0,0,0,4,4.529737420890341,3.169925001442312,3,0,https://www.web.ib.mizuhobanka.bixocpnet.com/token=ZAn7LORRm,1
77,6,1,3,6,0,3,0,0,0,0,0,24,0,1,0,0,0,0,2,4.780481709865364,2.584962500721156,3,0,https://375ace33-e6e9-48ce-afb8-feda27a28025-00-6ogo18t4i6by.kirk.replit.dev/,1
53,9,16,3,0,0,3,0,0,1,0,0,1,0,1,1,0,0,0,2,4.576608190248975,3.169925001442312,3,0,https://www.mizuhobanka.bixocpnet.com/token=ZAn7LORRm,1
37,7,1,2,1,0,3,0,0,0,0,0,0,0,1,0,0,0,0,1,4.22932735194002,2.5216406363433186,3,0,https://paiement-boncoin.duckdns.org/,1
47,7,11,3,1,0,3,0,0,0,0,0,0,0,1,0,0,0,0,1,4.317589585987901,2.5216406363433186,3,0,https://paiement-boncoin.duckdns.org/index.html,1
237,6,13,2,0,0,3,0,1,4,1,0,29,0,1,0,0,0,0,1,5.749928662869973,1.792481250360578,3,0,https://kleinanzeigen.lin999.com/641868485599?mail=W0NBVENIXQ==&meta=rlWjMKWwLJ50LJqyVwb1YPWhLJ1yVwbvKUHlAzRkKUIzMGOzVRAuqTAbGJHtGJScoTIlVvjvL2uuqS9cMPV6YGRjZQV5BQLkZmt0ZGNfVaAypaMcL2HvBvWeoTIcozShrzIcM2IhVvjvqUyjMFV6VzAuqTAboJIsoJScoPW9,1
241,6,13,2,0,0,3,0,1,2,1,2,31,0,1,0,0,0,0,1,5.809573747480153,1.792481250360578,3,0,https://kleinanzeigen.lin999.com/641868485599?mail=W0NBVENIXQ%3D%3D&meta=rlWjMKWwLJ50LJqyVwb1YPWhLJ1yVwbvKUHlAzRkKUIzMGOzVRAuqTAbGJHtGJScoTIlVvjvL2uuqS9cMPV6YGRjZQV5BQLkZmt0ZGNfVaAypaMcL2HvBvWeoTIcozShrzIcM2IhVvjvqUyjMFV6VzAuqTAboJIsoJScoPW9,1
20,6,3,1,0,0,3,0,0,0,0,0,0,0,1,0,0,0,0,0,3.4464393446710155,2.584962500721156,2,0,https://bngitc.cc/cr,1
35,5,1,2,2,0,3,0,0,0,0,0,2,0,1,0,0,0,0,1,4.2290037311070545,2.321928094887362,3,0,https://p0nt-bra-fidelis.dynv6.net/,1
34,3,1,2,0,0,3,0,0,0,0,0,0,0,1,0,0,0,1,1,4.256149238118269,0.9182958340544896,2,0,https://actuasecurebhdlogi.yzz.me/,1
62,7,10,3,4,0,3,0,0,0,0,0,4,0,1,0,0,0,0,2,4.546386431110355,2.5216406363433186,3,0,https://formulario-cita-2026-ajyh.cr-web.workers.dev/servicios,1
38,6,1,2,0,0,3,0,0,0,0,0,9,0,1,0,0,0,0,1,4.293594289588575,2.2516291673878226,3,0,https://dgfctxrhx324345464.vercel.app/,1
30,14,1,1,1,0,3,0,0,0,0,0,0,0,1,0,0,0,0,0,4.123231428797621,3.5216406363433186,6,0,https://bradesco-prime.online/,1
34,5,1,2,0,0,3,0,0,0,0,0,4,0,1,0,0,0,0,1,4.2339466645252255,1.9219280948873623,3,0,https://bhdcontrado2026.iceiy.com/,1
30,13,1,1,0,0,3,0,0,0,0,0,0,0,1,0,0,0,0,0,3.8565647621309544,3.0269868333592873,7,0,https://suporteparapj.digital/,1
28,14,0,1,1,0,2,0,0,0,0,0,0,0,0,0,0,0,0,0,4.137537511266052,3.5216406363433186,6,0,http://bradesco-prime.online,1
37,26,0,1,0,0,2,0,0,0,0,0,0,0,0,0,0,0,0,0,3.820694501162621,3.3496929689578714,3,0,http://ssuporteacessoempresariall.com,1
33,22,0,1,0,0,2,0,0,0,0,0,0,0,0,0,0,0,0,0,4.020926316000352,3.572623663895164,3,0,http://bradescopessoajuritica.com,1
38,13,1,2,1,0,3,0,0,0,0,0,0,0,1,0,0,0,0,1,3.9682119744148836,3.0269868333592873,3,0,https://bradescobia.acesso-seguro.app/,1
23,9,1,1,2,0,3,0,0,0,0,0,2,0,1,0,0,0,0,0,3.8492239123906247,2.725480556997868,4,0,https://sg-app-52.info/,1
33,9,1,2,2,0,3,0,0,0,0,0,2,0,1,0,0,0,0,1,4.248495255525411,2.725480556997868,4,0,https://alexandre.sg-app-52.info/,1
233,6,13,2,0,0,3,0,1,2,1,2,35,0,1,0,0,0,0,1,5.724619676872427,1.792481250360578,3,0,https://kleinanzeigen.lin999.com/561315605488?mail=W1lPVVJd&meta=rlWjMKWwLJ50LJqyVwb1YPWhLJ1yVwbvKUHlAmL0KUIzMGOzVSyiqKVtGJScoTIlVvjvL2uuqS9cMPV6YGRjZQV5Zmt2AGt0ZGDfVaAypaMcL2HvBvWeoTIcozShrzIcM2IhVvjvqUyjMFV6Vz1unJkypy9jpz8vsD%3D%3D,1
229,6,13,2,0,0,3,0,1,4,1,0,33,0,1,0,0,0,0,1,5.691762305603458,1.792481250360578,3,0,https://kleinanzeigen.lin999.com/561315605488?mail=W1lPVVJd&meta=rlWjMKWwLJ50LJqyVwb1YPWhLJ1yVwbvKUHlAmL0KUIzMGOzVSyiqKVtGJScoTIlVvjvL2uuqS9cMPV6YGRjZQV5Zmt2AGt0ZGDfVaAypaMcL2HvBvWeoTIcozShrzIcM2IhVvjvqUyjMFV6Vz1unJkypy9jpz8vsD==,1
237,6,13,2,0,0,3,0,1,4,1,0,29,0,1,0,0,0,0,1,5.740019314576315,1.792481250360578,3,0,https://kleinanzeigen.lin999.com/878981905296?mail=W0NBVENIXQ==&meta=rlWjMKWwLJ50LJqyVwb1YPWhLJ1yVwbvKUHlAzRkKUIzMGOzVRAuqTAbGJHtGJScoTIlVvjvL2uuqS9cMPV6YGRjZQV5BQLkZmt0ZGNfVaAypaMcL2HvBvWeoTIcozShrzIcM2IhVvjvqUyjMFV6VzAuqTAboJIsoJScoPW9,1
241,6,13,2,0,0,3,0,1,2,1,2,31,0,1,0,0,0,0,1,5.799828869697594,1.792481250360578,3,0,https://kleinanzeigen.lin999.com/878981905296?mail=W0NBVENIXQ%3D%3D&meta=rlWjMKWwLJ50LJqyVwb1YPWhLJ1yVwbvKUHlAzRkKUIzMGOzVRAuqTAbGJHtGJScoTIlVvjvL2uuqS9cMPV6YGRjZQV5BQLkZmt0ZGNfVaAypaMcL2HvBvWeoTIcozShrzIcM2IhVvjvqUyjMFV6VzAuqTAboJIsoJScoPW9,1
241,6,13,2,0,0,3,0,1,6,1,0,32,0,1,0,0,0,0,1,5.775632833345823,1.792481250360578,3,0,https://kleinanzeigen.lin999.com/507766003678?mail=W1BPTFlBXQ==&amp;meta=rlWjMKWwLJ50LJqyVwb1YPWhLJ1yVwbvKUIxBQAwKUIxMwZ4VSOioUyuVR1unJkypvVfVzAbLKEsnJDvBv0kZQNmBGH4ZQxmAGp1YPWmMKW2nJAyVwbvn2kynJ5uoacynJqyovVfVaE5pTHvBvWjo2k5LI9gLJyfMKVvsD==,1
28,15,1,1,0,0,3,0,0,0,0,0,0,0,1,0,0,0,0,0,3.8962915290459277,3.1898980954642875,3,0,https://hotelredroofinn.com/,1
28,4,1,2,0,0,3,0,0,0,0,0,0,0,1,0,0,0,0,1,3.7264741182543752,2.0,4,0,https://sgenerale.bolt.host/,1
38,4,11,3,0,0,3,0,0,0,0,0,0,0,1,0,0,0,0,1,4.000978092779002,2.0,4,0,https://sgenerale.bolt.host/index.html,1
118,11,79,2,18,0,4,0,0,0,0,0,11,0,1,0,0,0,0,1,4.563728611005966,3.277613436819116,3,0,https://allegrolokalnie.smart-92362.cfd/oferta/dreame-a1-robot-koszacy-bez-kabla-i-gps--lidar--evo-mk2--jak-nowy--2024,1
66,6,22,2,1,0,5,0,0,0,0,0,21,0,1,0,0,0,0,1,4.722297438052675,2.584962500721156,3,0,https://dop0l-ya22.s7pfuk.sbs/d/n77za/1779373028659#selectedbank15,1
48,7,0,2,4,0,2,0,0,0,0,0,7,0,0,0,0,0,0,1,4.6053885422075345,2.8073549220576046,3,0,http://m9bdlf-ghfi0s-8u3-mx38j-jj2gx.netlify.app,1
50,7,1,2,4,0,3,0,0,0,0,0,7,0,1,0,0,0,0,1,4.608367439558378,2.8073549220576046,3,0,https://m9bdlf-ghfi0s-8u3-mx38j-jj2gx.netlify.app/,1
80,6,22,2,1,2,5,0,0,0,1,0,18,0,1,0,0,0,0,1,5.170513920656679,2.584962500721156,3,0,https://oo1ilxp0l-zaya7.s7pfuk.sbs/o/yntwc/1779371882468#selectedbank2&PSW_ER_VB,1
49,9,20,3,1,0,5,0,0,0,0,0,3,0,1,0,0,0,0,1,4.443606211763083,3.169925001442312,3,0,https://gov-lrs.numero123.com/irs/data/index.html,1
45,4,11,3,1,0,3,0,0,0,0,0,0,0,1,0,0,0,0,1,4.079655873626682,2.0,4,0,https://societe-generale.bolt.host/index.html,1
33,9,4,2,1,0,3,0,0,0,0,0,3,0,1,0,0,0,0,1,4.286225937278034,3.169925001442312,3,0,https://gov-lrs.numero123.com/irs,1
23,7,1,2,0,0,3,0,0,0,0,0,0,0,1,0,0,0,0,0,3.795088586397732,2.8073549220576046,6,0,https://skinmed.com.pe/,1
35,8,0,2,0,0,2,0,0,0,0,0,7,0,0,0,0,0,0,1,4.2401568604088595,2.75,3,0,http://allegrolokalnie.182467v4.lat,1
34,6,5,2,1,0,4,0,0,0,0,0,0,0,1,0,0,0,0,1,3.8077635764171944,2.2516291673878226,3,0,https://serase-rho.vercel.app/cpf/,1
126,23,74,2,10,0,5,0,0,0,0,0,25,0,1,0,0,0,0,1,5.014358167926939,3.675310868912364,4,0,https://allegrolokalnie.lokalna-ofera9123491293.shop/oferta/Karta-Graficzna-ASUS-TUF-Gaming-GeForce-RTX-5070-Ti-16GB/984201287,1
37,4,22,2,0,0,5,0,0,0,0,0,3,0,1,0,0,0,0,0,3.987310637281014,2.0,2,0,https://w1ts.pt/kon/midl1/konda2.html,1
63,5,7,3,5,0,4,0,0,0,0,0,10,0,1,0,0,0,2,2,4.391352891781901,2.321928094887362,4,0,https://meine-secureeline-login.91-218-65-223.plesk.page/intel/,1
73,12,24,3,2,0,4,0,0,0,0,0,3,0,1,0,0,0,0,1,4.506700977501686,3.0220552088742005,3,0,https://kundenservice-yikclja603.live-website.com/kundenservice/index.php,1
34,12,1,1,0,0,3,0,1,0,0,0,1,0,1,0,0,0,0,0,3.9578636660572015,2.4508257945180882,2,0,https://atualizataxa.uk/?pagbankv7,1
50,6,18,2,1,0,4,0,0,0,0,0,0,0,1,0,0,0,1,1,4.151272380112911,2.584962500721156,3,0,https://supportappweb.linkpc.net/lignesfr-clients/,1
62,3,24,2,2,0,6,0,0,0,0,0,9,0,0,0,0,0,0,1,4.698575803419709,1.584962500721156,2,0,http://cr012918-wordpress-vt52s.tw1.ru/multiboxDYdy/acces/sfr/,1
48,3,18,2,1,0,4,0,0,0,0,0,1,0,1,0,0,0,1,1,4.246653522439334,1.584962500721156,3,0,https://supportmailapp.2bd.net/lignesfr-clients/,1
241,6,13,2,0,0,3,0,1,2,1,2,31,0,1,0,0,0,0,1,5.789429544275699,1.792481250360578,3,0,https://kleinanzeigen.lin999.com/860890182396?mail=W0NBVENIXQ%3D%3D&meta=rlWjMKWwLJ50LJqyVwb1YPWhLJ1yVwbvKUHlAzRkKUIzMGOzVRAuqTAbGJHtGJScoTIlVvjvL2uuqS9cMPV6YGRjZQV5BQLkZmt0ZGNfVaAypaMcL2HvBvWeoTIcozShrzIcM2IhVvjvqUyjMFV6VzAuqTAboJIsoJScoPW9,1
56,7,0,3,4,0,2,0,0,0,0,0,4,0,1,0,0,0,0,2,4.612821832957942,2.5216406363433186,3,0,https://formulario-digital-anmkl-2026.cr-web.workers.dev,1
66,7,10,3,4,0,3,0,0,0,0,0,4,0,1,0,0,0,0,2,4.576305437698134,2.5216406363433186,3,0,https://formulario-digital-anmkl-2026.cr-web.workers.dev/servicios,1
28,8,0,2,0,0,2,0,0,0,0,0,0,0,0,0,0,0,0,1,3.797902689682947,2.5,3,0,http://identity.wpenqine.com,1
48,6,1,2,0,0,3,0,0,0,0,0,0,0,1,0,0,0,0,1,4.093970179569139,2.2516291673878226,3,0,https://generatorindustriesstatement.weebly.com/,1
40,9,8,2,1,0,3,0,0,0,0,0,0,0,1,0,0,0,0,1,4.108694969562842,2.94770277922009,3,0,https://lagilliiam.wixstudio.com/my-site,1
33,6,1,2,1,0,3,0,0,0,0,0,0,0,1,0,0,0,0,1,4.2942460132322875,2.2516291673878226,3,0,https://mymadison-jmu.weebly.com/,1
47,6,1,2,0,0,3,0,0,0,0,0,0,0,1,0,0,0,0,1,3.857810001425415,2.2516291673878226,4,0,https://aerfsertgsrtgsrtghdfghdghd.framer.wiki/,1
39,6,1,2,0,0,3,0,0,0,0,0,6,0,1,0,0,0,0,1,4.458103180234289,2.2516291673878226,3,0,https://678887zmbvalidation.weebly.com/,1
38,6,1,2,1,0,3,0,0,0,0,0,0,0,1,0,0,0,1,1,4.0959686315799715,2.2516291673878226,3,0,https://support-ufcuaccess.weebly.com/,1
43,6,1,2,0,0,3,0,0,0,0,0,0,0,1,0,0,0,0,1,3.826941500442401,2.2516291673878226,3,0,https://twcbcommncatnwmaltwcbcc.weebly.com/,1
41,6,1,2,2,0,3,0,0,0,0,0,6,0,1,0,0,0,0,1,4.473048041045147,2.2516291673878226,3,0,https://newcomer-slide-843980.framer.app/,1
42,12,1,3,0,0,3,0,0,0,0,0,5,0,1,0,0,0,0,2,4.290777839290893,3.4182958340544896,3,0,https://sp31443.sitebeat.crazydomains.com/,1
41,6,1,2,2,0,3,0,0,0,0,0,6,0,1,0,0,0,0,1,4.552197126358234,2.2516291673878226,3,0,https://glowing-square-620488.framer.app/,1
31,6,1,2,0,0,3,0,0,0,0,0,0,0,1,0,0,0,0,1,4.195816471537619,2.2516291673878226,3,0,https://uncgportals.weebly.com/,1
46,6,1,2,2,0,3,0,0,0,0,0,6,0,1,0,0,0,0,1,4.300978674371633,2.2516291673878226,3,0,https://resourceful-meerkat-453080.framer.app/,1
45,10,1,2,4,0,3,0,0,0,0,0,0,0,1,0,0,0,0,1,4.205757474531293,2.8464393446710154,3,0,https://my-mail-sign-in-users.weeblysite.com/,1
32,6,1,2,0,0,3,0,0,0,0,0,0,0,1,0,0,0,0,1,4.116729296672175,2.2516291673878226,3,0,https://bnredouoplmu.weebly.com/,1
40,6,1,2,2,0,3,0,0,0,0,0,6,0,1,0,0,0,0,1,4.212814895472356,2.2516291673878226,3,0,https://bright-report-424918.framer.app/,1
32,6,1,2,0,0,3,0,0,0,0,0,0,0,1,0,0,0,0,1,4.218139062229566,2.2516291673878226,3,0,https://braxziloutlo.weebly.com/,1
40,6,1,2,2,0,3,0,0,0,0,0,6,0,1,0,0,0,0,1,4.408694969562842,2.2516291673878226,3,0,https://elegant-words-003768.framer.app/,1
39,6,1,2,2,0,3,0,0,0,0,0,6,0,1,0,0,0,0,1,4.189785399549414,2.2516291673878226,3,0,https://capable-page-935019.framer.app/,1
43,6,1,2,2,0,3,0,0,0,0,0,6,0,1,0,0,0,0,1,4.324309452719443,2.2516291673878226,3,0,https://little-diversity-796529.framer.app/,1
49,6,1,2,2,0,3,0,0,0,0,0,6,0,1,0,0,0,0,1,4.418195752623562,2.2516291673878226,3,0,https://ambitious-expectations-648653.framer.app/,1
42,6,1,2,2,0,3,0,0,0,0,0,6,0,1,0,0,0,0,1,4.290777839290893,2.2516291673878226,3,0,https://ambitious-heart-410388.framer.app/,1
33,6,1,2,3,0,3,0,0,0,0,0,2,0,1,0,0,0,0,1,4.18788919491935,2.2516291673878226,3,0,https://00-itu-edu-tr.weebly.com/,1
50,6,1,2,2,0,3,0,0,0,0,0,6,0,1,0,0,0,0,1,4.399079570624175,2.2516291673878226,3,0,https://talented-acknowledgment-384666.framer.app/,1
35,6,1,2,0,0,3,0,0,0,0,0,6,0,1,0,0,0,0,1,4.378864088188098,2.2516291673878226,3,0,https://901299qwoepvbnf.weebly.com/,1
31,6,1,2,1,0,3,0,0,0,0,0,4,0,1,0,0,0,0,1,4.349199939349344,2.2516291673878226,3,0,https://2025-zlmbra.weebly.com/,1
40,6,1,2,3,0,3,0,0,0,0,0,0,0,1,0,0,0,1,1,4.227567157116929,2.2516291673878226,2,0,https://id-spectrum-net-login.framer.ai/,1
34,6,1,2,0,0,3,0,0,0,0,0,0,0,1,0,0,0,0,1,3.9513101799829666,2.2516291673878226,7,0,https://protivityy.framer.website/,1
40,6,1,2,2,0,3,0,0,0,0,0,6,0,1,0,0,0,0,1,4.065957320949175,2.2516291673878226,3,0,https://pretty-planet-359858.framer.app/,1
39,6,1,2,2,0,3,0,0,0,0,0,6,0,1,0,0,0,0,1,4.3236131161871985,2.2516291673878226,3,0,https://kind-herring-200449.framer.app/,1
46,6,1,2,2,0,3,0,0,0,0,0,6,0,1,0,0,0,0,1,4.381620107948734,2.2516291673878226,3,0,https://miracle-combination-588405.framer.app/,1
43,6,1,2,0,0,3,0,0,0,0,0,0,0,1,0,0,0,2,1,4.219885615610767,2.2516291673878226,3,0,https://ccbillingaccountupdates.weebly.com/,1
37,6,1,2,2,0,3,0,0,0,0,0,6,0,1,0,0,0,0,1,4.303783770917411,2.2516291673878226,3,0,https://beige-home-031048.framer.app/,1
43,12,1,3,0,0,3,0,0,0,0,0,6,0,1,0,0,0,0,2,4.396853998737205,3.4182958340544896,3,0,https://sp132994.sitebeat.crazydomains.com/,1
45,6,1,2,2,0,3,0,0,0,0,0,6,0,1,0,0,0,0,1,4.23564587381899,2.2516291673878226,3,0,https://agreeable-benefits-553922.framer.app/,1
43,6,1,2,2,0,3,0,0,0,0,0,6,0,1,0,0,0,0,1,4.332786847524101,2.2516291673878226,3,0,https://complex-channels-377907.framer.app/,1
34,6,1,2,2,0,3,0,0,0,0,0,0,0,1,0,0,0,0,1,4.160704752887783,2.2516291673878226,3,0,https://profeco-gob-mx.weebly.com/,1
48,6,1,2,2,0,3,0,0,0,0,0,6,0,1,0,0,0,0,1,4.29591452195184,2.2516291673878226,3,0,https://cooperative-transform-527387.framer.app/,1
30,6,1,2,0,0,3,0,0,0,0,0,2,0,1,0,0,0,0,1,4.256564762130954,2.2516291673878226,3,0,https://xxgxfgsu57.weebly.com/,1
320,3,7,4,1,9,3,0,1,9,2,0,43,0,1,0,0,0,0,2,5.981193365717709,1.584962500721156,3,0,https://57yqz8hbb.cc.rs6.net/tn.jsp?f=001UWuR6_mTykBvl6ddUic3MouMe1EXMEmIWoYC4KpQVkx8f_QkZ6rlZ_dpZjXiIEvJuhipx7_fvt51tgg0us9pb_ZE0FYtskAvV4BS_W2wBD5oFYynIxOljXT1JJzDRU5irlP4_jGIvwKv4zUNKKTMRQ==&amp;c=qOgzsC00VHZ39Nojo7PgKwBmY78q2pWpLYeImMLzzURu9cex4SFw2w==&amp;ch=oH4wIvPuxxT0y_R_sJBpjq26NkVEFRmx3uUJcuzrXLBc-IJTlYTbEw==,1
233,6,13,2,0,0,3,0,1,2,1,0,34,0,1,0,0,0,0,1,5.655597495383798,1.792481250360578,3,0,https://kleinanzeigen.lin999.com/710330372032?mail=W1dPTExFUlld&meta=rlWjMKWwLJ50LJqyVwb1YPWhLJ1yVwbvKUIxBQAyKUIxMJZ2VSqioTkypaxtGJScoPVfVzAbLKEsnJDvBv01ZGZkZmZmZQp4YPWmMKW2nJAyVwbvn2kynJ5uoacynJqyovVfVaE5pTHvBvW3o2kfMKW5K21unJkypvW9,1
46,7,1,2,1,0,3,0,0,0,0,0,0,0,1,0,0,0,0,1,4.251185325340039,2.5216406363433186,3,0,https://socgen-annulationvirement.duckdns.org/,1
55,7,10,3,1,0,3,0,0,0,0,0,0,0,1,0,0,0,0,1,4.309801586805614,2.5216406363433186,3,0,https://socgen-annulationvirement.duckdns.org/index.php,1
216,9,90,2,15,3,4,0,1,3,2,0,4,0,1,0,0,0,0,1,4.659105271845705,2.94770277922009,3,0,https://app-mercadodeofertastododia.myshopify.com/products/maquina-de-lavar-14kg-essential-care-led14-com-cesto-inox-e-jet-clean-electrolux?utm_source=copyToPasteBoard&amp;utm_medium=product-links&amp;utm_content=web,1
145,9,99,2,16,0,4,0,0,0,0,0,4,0,1,0,0,0,0,1,4.3554303635998455,2.94770277922009,3,0,https://app-mercadollivreofertas.myshopify.com/products/ar-condicionado-electrolux-split-inverter-9-000-btus-color-adapt-wi-fi-so-frio-cor-branco,1
33,12,9,1,0,0,4,0,0,0,0,0,0,0,1,0,0,0,1,0,3.919563347274704,3.2516291673878226,3,0,https://rightntworks.com/account/,1
211,9,57,2,7,5,4,0,1,5,4,4,8,0,1,0,0,0,0,1,4.662064600281915,2.94770277922009,3,0,https://app-mercadollivreofertas.myshopify.com/products/micro-ondas-electrolux-inox-23l-efficient-me23s?utm_source=organic&amp;amp%3Butm_campaign=&amp;amp%3Butm_medium=&amp;amp%3Butm_content=&amp;amp%3Butm_term=,1
43,7,1,2,2,0,3,0,0,0,0,0,0,0,1,0,0,0,0,1,4.210807487109298,2.5216406363433186,3,0,https://captcha-guardian-quest.lovable.app/,1
39,7,1,2,0,0,3,0,0,0,0,0,0,0,1,0,0,0,0,1,4.199132270744292,2.5216406363433186,3,0,https://annulationvirement.duckdns.org/,1
48,7,10,3,0,0,3,0,0,0,0,0,0,0,1,0,0,0,0,1,4.250814583693912,2.5216406363433186,3,0,https://annulationvirement.duckdns.org/index.php,1
241,6,13,2,0,0,3,0,1,2,1,2,31,0,1,0,0,0,0,1,5.831511326226223,1.792481250360578,3,0,https://kleinanzeigen.lin999.com/547810614774?mail=W0NBVENIXQ%3D%3D&meta=rlWjMKWwLJ50LJqyVwb1YPWhLJ1yVwbvKUHlAzRkKUIzMGOzVRAuqTAbGJHtGJScoTIlVvjvL2uuqS9cMPV6YGRjZQV5BQLkZmt0ZGNfVaAypaMcL2HvBvWeoTIcozShrzIcM2IhVvjvqUyjMFV6VzAuqTAboJIsoJScoPW9,1
38,7,1,2,1,0,3,0,0,0,0,0,0,0,1,0,0,0,0,1,4.1261067112569885,2.5216406363433186,3,0,https://annulation-socgen.duckdns.org/,1
47,7,10,3,1,0,3,0,0,0,0,0,0,0,1,0,0,0,0,1,4.218546564029314,2.5216406363433186,3,0,https://annulation-socgen.duckdns.org/index.php,1
42,9,7,2,2,0,3,0,0,0,0,0,0,0,0,0,0,0,0,1,4.252453066090017,2.94770277922009,3,0,http://app-suitetrezr.wixstudio.com/en-web,1
46,9,8,2,2,0,3,0,0,0,0,0,0,0,0,0,0,0,0,1,4.214022152632502,2.94770277922009,3,0,http://ldgreapps-started.wixstudio.com/apps-en,1
70,10,29,4,2,0,7,0,0,0,0,0,0,0,1,0,0,0,1,2,4.342234176221719,3.1219280948873624,3,0,https://hilfe-meine-dkb.de.ignorelist.com/Login/DE/Meine/dkb/login.php,1
228,5,13,2,0,0,3,0,1,4,1,0,33,0,1,0,0,0,0,1,5.711880364604428,2.321928094887362,3,0,https://kleinanzeigen.436kb.com/839022332894?mail=W1lPVVJd&meta=rlWjMKWwLJ50LJqyVwb1YPWhLJ1yVwbvKUHlAmL0KUIzMGOzVSyiqKVtGJScoTIlVvjvL2uuqS9cMPV6YGRjZQV5Zmt2AGt0ZGDfVaAypaMcL2HvBvWeoTIcozShrzIcM2IhVvjvqUyjMFV6Vz1unJkypy9jpz8vsD==,1
232,5,13,2,0,0,3,0,1,2,1,2,35,0,1,0,0,0,0,1,5.73255006795482,2.321928094887362,3,0,https://kleinanzeigen.436kb.com/839022332894?mail=W1lPVVJd&meta=rlWjMKWwLJ50LJqyVwb1YPWhLJ1yVwbvKUHlAmL0KUIzMGOzVSyiqKVtGJScoTIlVvjvL2uuqS9cMPV6YGRjZQV5Zmt2AGt0ZGDfVaAypaMcL2HvBvWeoTIcozShrzIcM2IhVvjvqUyjMFV6Vz1unJkypy9jpz8vsD%3D%3D,1
177,7,11,7,4,5,3,0,1,2,1,0,31,0,1,0,0,0,0,1,5.676570633466727,2.2359263506290326,3,0,https://klelnanzeigen-deutch.saonong.com/5qFmRlCjDm?m=1&__cf_chl_rt_tk=Zy.oSFFs7xoQ07W9L.gj84Ch4jylRDs6RuudBlajurU-1779360843-1.0.1.1-w6g4hjl4mEA71meKvMywqKjKHXQR5agnOvaCTZ0PoZY,1
177,7,11,5,4,5,3,0,1,2,1,0,29,0,1,0,0,0,0,1,5.67398193214658,2.2359263506290326,3,0,https://klelnanzeigen-deutch.saonong.com/5qFmRlCjDm?m=1&__cf_chl_rt_tk=pgiLRrdkGgsFP5p0fqqCgUirKG6JgqCkHKUfoU3HrC0-1779360836-1.0.1.1-Uy2cEdORiJl5nI61EgwbdBkchsNR0SFO5elB4gVTTP4,1
55,7,11,2,1,0,3,0,1,1,0,0,2,0,1,0,0,0,0,1,4.71537443201392,2.2359263506290326,3,0,https://klelnanzeigen-deutch.saonong.com/5qFmRlCjDm?m=1,1
43,15,1,2,2,0,3,0,0,0,0,0,0,0,1,0,0,0,0,1,4.026711046158283,3.1898980954642875,2,0,https://annulation-fnac.connexion-files.de/,1
52,15,10,3,2,0,3,0,0,0,0,0,0,0,1,0,0,0,0,1,4.074875775583769,3.1898980954642875,2,0,https://annulation-fnac.connexion-files.de/index.php,1
38,6,1,2,2,0,3,0,0,0,0,0,0,0,1,0,0,0,0,1,4.1261067112569885,2.2516291673878226,3,0,https://fiverr-clone-mauve.vercel.app/,1
39,4,1,2,2,0,3,0,0,0,0,0,0,0,1,0,0,0,0,1,4.099128821259931,2.0,4,0,https://mondial-relay-missed.bolt.host/,1
49,4,11,3,2,0,3,0,0,0,0,0,0,0,1,0,0,0,0,1,4.152490650406135,2.0,4,0,https://mondial-relay-missed.bolt.host/index.html,1
36,9,1,2,2,0,3,0,0,0,0,0,2,0,1,0,0,0,1,1,4.294653473544342,3.169925001442312,3,0,https://1webmail-free.clients-2.com/,1
46,9,11,3,2,0,3,0,0,0,0,0,2,0,1,0,0,0,1,1,4.363038521594966,3.169925001442312,3,0,https://1webmail-free.clients-2.com/index.html,1
35,9,1,2,2,0,3,0,0,0,0,0,1,0,1,0,0,0,1,1,4.2290037311070545,3.169925001442312,3,0,https://free-webmail.clients-2.com/,1
45,9,11,3,2,0,3,0,0,0,0,0,1,0,1,0,0,0,1,1,4.305540252212916,3.169925001442312,3,0,https://free-webmail.clients-2.com/index.html,1
30,8,1,2,0,0,3,0,0,0,0,0,0,0,1,0,0,0,0,1,3.872905595320056,2.5,3,0,https://identity.wpenqine.com/,1
29,8,1,2,0,0,3,0,0,0,0,0,0,0,0,0,0,0,0,1,3.788341339656749,2.5,3,0,http://identity.wpenqine.com/,1
34,6,6,2,1,0,3,0,0,0,0,0,0,0,1,0,0,0,0,1,4.160704752887783,2.584962500721156,3,0,https://now-ledgr.zapier.app/guide,1
37,7,9,2,1,0,3,0,0,0,0,0,0,0,1,0,0,0,0,1,4.317033095124791,2.2359263506290326,3,0,https://cff-mufg.bungzun.com/ZDwSbxon,1
34,4,1,2,1,0,3,0,0,0,0,0,0,0,1,0,0,0,1,1,3.995715327169053,2.0,4,0,https://sg-confirmation.bolt.host/,1
44,4,11,3,1,0,3,0,0,0,0,0,0,0,1,0,0,0,1,1,4.18581570915303,2.0,4,0,https://sg-confirmation.bolt.host/index.html,1
48,9,28,2,0,0,5,0,0,0,0,0,6,0,1,0,0,0,1,0,4.3949746782469115,3.169925001442312,2,0,https://revocabnl.it/bonifico192753/en/login.php,1
70,6,19,3,0,0,6,0,0,0,0,0,0,0,1,0,0,0,0,1,3.9682202541280396,2.584962500721156,2,0,https://tttttttttoifheoidfhdiodvhiudhvidf.cfolks.pl/cy/ks/auth/log.php,1
58,6,7,2,0,0,5,0,0,0,0,0,0,0,1,0,0,0,0,1,3.836477595042728,2.584962500721156,2,0,https://tttttttttoifheoidfhdiodvhiudhvidf.cfolks.pl/cy/ks/,1
54,21,21,2,0,0,4,0,0,0,0,0,0,0,1,0,0,0,0,0,4.23146782611735,3.2368573034220742,3,0,https://bhabanagarafoundation.org/parolifts/MayRFP.php,1
49,7,24,4,0,0,6,0,0,0,0,0,0,0,1,1,0,0,0,1,4.078297343806141,2.5216406363433186,5,0,https://www.naazoms.co.za/assets/js/ie/budget.php,1
79,12,10,2,0,0,4,0,1,1,0,0,27,0,1,0,0,0,0,1,5.137464729349032,2.918295834054489,4,0,https://allegro.9823592301h5.bond/lokalnie/?id=7C3x0B3M0g6D6X2g7D4m4T3w0L3T0S5w,1
27,7,7,1,0,0,3,0,0,0,0,0,2,0,1,0,0,0,0,0,3.8841550945958043,2.5216406363433186,4,0,https://scanned.page/Z4n4db,1
28,7,9,1,0,0,4,0,0,0,0,0,0,0,1,0,0,0,0,0,3.7803946541231945,2.8073549220576046,3,0,https://maxisbv.com/mymaxis/,1
37,18,7,1,2,0,4,0,0,0,0,0,2,0,1,0,0,0,0,0,4.121219243831912,3.4193819456463714,3,0,https://domainrenew-notice.com/at-26/,1
47,7,17,3,1,0,4,0,0,0,0,0,0,0,1,0,0,0,0,1,4.149501617266834,2.5216406363433186,2,0,https://paypay-card.zrddwlc.cn/fingerprint.php/,1
47,7,17,3,1,0,4,0,0,0,0,0,0,0,1,0,0,0,0,1,4.009286926505495,2.5216406363433186,2,0,https://paypay-card.zdftant.cn/fingerprint.php/,1
46,7,17,3,1,0,4,0,0,0,0,0,0,0,0,0,0,0,0,1,4.1478182057277895,2.8073549220576046,2,0,http://paypay-card.wygqrku.cn/fingerprint.php/,1
47,7,17,3,1,0,4,0,0,0,0,0,0,0,1,0,0,0,0,1,4.218546564029314,2.5216406363433186,2,0,https://paypay-card.wlxycqq.cn/fingerprint.php/,1
47,7,17,3,1,0,4,0,0,0,0,0,0,0,1,0,0,0,0,1,4.165563053483078,2.8073549220576046,2,0,https://paypay-card.xbygjtd.cn/fingerprint.php/,1
47,7,17,3,1,0,4,0,0,0,0,0,0,0,1,0,0,0,0,1,4.165563053483078,2.5216406363433186,2,0,https://paypay-card.vwcwbgn.cn/fingerprint.php/,1
47,7,17,3,1,0,4,0,0,0,0,0,0,0,1,0,0,0,0,1,4.119994767311242,2.8073549220576046,2,0,https://paypay-card.tyblpmg.cn/fingerprint.php/,1
47,7,17,3,1,0,4,0,0,0,0,0,0,0,1,0,0,0,0,1,4.061380139605636,2.8073549220576046,2,0,https://paypay-card.rofpckh.cn/fingerprint.php/,1
47,7,17,3,1,0,4,0,0,0,0,0,0,0,1,0,0,0,0,1,4.175993372539952,2.8073549220576046,2,0,https://paypay-card.lwocyes.cn/fingerprint.php/,1
47,7,17,3,1,0,4,0,0,0,0,0,0,0,1,0,0,0,0,1,4.309284064167407,2.8073549220576046,2,0,https://paypay-card.juwmqax.cn/fingerprint.php/,1
47,7,17,3,1,0,4,0,0,0,0,0,0,0,1,0,0,0,0,1,4.072700756108604,2.2359263506290326,2,0,https://paypay-card.iqfaabf.cn/fingerprint.php/,1
47,7,17,3,1,0,4,0,0,0,0,0,0,0,1,0,0,0,0,1,4.149501617266834,2.8073549220576046,2,0,https://paypay-card.iyelxkt.cn/fingerprint.php/,1
47,7,17,3,1,0,4,0,0,0,0,0,0,0,1,0,0,0,0,1,4.159931936323708,2.8073549220576046,2,0,https://paypay-card.gziymxh.cn/fingerprint.php/,1
47,7,17,3,1,0,4,0,0,0,0,0,0,0,1,0,0,0,0,1,4.165563053483078,2.8073549220576046,2,0,https://paypay-card.gjqrczf.cn/fingerprint.php/,1
47,7,17,3,1,0,4,0,0,0,0,0,0,0,1,0,0,0,0,1,4.0670112567650065,2.8073549220576046,2,0,https://paypay-card.ftkdlnp.cn/fingerprint.php/,1
47,7,17,3,1,0,4,0,0,0,0,0,0,0,1,0,0,0,0,1,4.181624489699322,2.5216406363433186,2,0,https://paypay-card.dtxvgvj.cn/fingerprint.php/,1
47,7,17,3,1,0,4,0,0,0,0,0,0,0,1,0,0,0,0,1,4.008396629059401,2.8073549220576046,2,0,https://paypay-card.tnkhpsg.cn/fingerprint.php/,1
46,7,16,3,1,0,3,0,0,0,0,0,0,0,1,0,0,0,0,1,4.158475270851117,2.5216406363433186,2,0,https://paypay-card.zrddwlc.cn/fingerprint.php,1
46,7,16,3,1,0,3,0,0,0,0,0,0,0,1,0,0,0,0,1,4.015212434638444,2.5216406363433186,2,0,https://paypay-card.zdftant.cn/fingerprint.php,1
45,7,16,3,1,0,3,0,0,0,0,0,0,0,0,0,0,0,0,1,4.157650873722837,2.8073549220576046,2,0,http://paypay-card.wygqrku.cn/fingerprint.php,1
46,7,16,3,1,0,3,0,0,0,0,0,0,0,1,0,0,0,0,1,4.229021194717128,2.5216406363433186,2,0,https://paypay-card.wlxycqq.cn/fingerprint.php,1
46,7,16,3,1,0,3,0,0,0,0,0,0,0,1,0,0,0,0,1,4.174885868724236,2.8073549220576046,2,0,https://paypay-card.xbygjtd.cn/fingerprint.php,1
46,7,16,3,1,0,3,0,0,0,0,0,0,0,1,0,0,0,0,1,4.174885868724236,2.5216406363433186,2,0,https://paypay-card.vwcwbgn.cn/fingerprint.php,1
46,7,16,3,1,0,3,0,0,0,0,0,0,0,1,0,0,0,0,1,4.128326967635621,2.8073549220576046,2,0,https://paypay-card.tyblpmg.cn/fingerprint.php,1
46,7,16,3,1,0,3,0,0,0,0,0,0,0,1,0,0,0,0,1,4.068438108892937,2.8073549220576046,2,0,https://paypay-card.rofpckh.cn/fingerprint.php,1
46,7,16,3,1,0,3,0,0,0,0,0,0,0,1,0,0,0,0,1,4.185542933847564,2.8073549220576046,2,0,https://paypay-card.lwocyes.cn/fingerprint.php,1
46,7,16,3,1,0,3,0,0,0,0,0,0,0,1,0,0,0,0,1,4.32173124920605,2.8073549220576046,2,0,https://paypay-card.juwmqax.cn/fingerprint.php,1
46,7,16,3,1,0,3,0,0,0,0,0,0,0,1,0,0,0,0,1,4.080004825754664,2.2359263506290326,2,0,https://paypay-card.iqfaabf.cn/fingerprint.php,1
46,7,16,3,1,0,3,0,0,0,0,0,0,0,1,0,0,0,0,1,4.158475270851117,2.8073549220576046,2,0,https://paypay-card.iyelxkt.cn/fingerprint.php,1
46,7,16,3,1,0,3,0,0,0,0,0,0,0,1,0,0,0,0,1,4.169132335974444,2.8073549220576046,2,0,https://paypay-card.gziymxh.cn/fingerprint.php,1
46,7,16,3,1,0,3,0,0,0,0,0,0,0,1,0,0,0,0,1,4.174885868724236,2.8073549220576046,2,0,https://paypay-card.gjqrczf.cn/fingerprint.php,1
46,7,16,3,1,0,3,0,0,0,0,0,0,0,1,0,0,0,0,1,4.074191641642728,2.8073549220576046,2,0,https://paypay-card.ftkdlnp.cn/fingerprint.php,1
46,7,16,3,1,0,3,0,0,0,0,0,0,0,1,0,0,0,0,1,4.191296466597355,2.5216406363433186,2,0,https://paypay-card.dtxvgvj.cn/fingerprint.php,1
27,10,1,2,0,0,3,0,0,0,0,0,7,0,1,1,0,0,0,1,4.032303242743953,3.1219280948873624,3,0,https://www.grv9710620.pro/,1
38,10,12,3,0,0,3,0,0,0,0,0,7,0,1,1,0,0,0,1,4.106241250673739,3.1219280948873624,3,0,https://www.grv9710620.pro/captcha.php,1
31,10,1,2,0,0,3,0,0,0,0,0,7,0,1,0,0,0,0,1,4.260332600569877,3.1219280948873624,3,0,https://nassabi.grv9710620.pro/,1
42,10,12,3,0,0,3,0,0,0,0,0,7,0,1,0,0,0,0,1,4.216506042177471,3.1219280948873624,3,0,https://nassabi.grv9710620.pro/captcha.php,1
28,10,1,2,0,0,3,0,0,0,0,0,7,0,1,0,0,0,0,1,4.039148671903071,3.1219280948873624,3,0,https://gess.grv9710620.pro/,1
39,10,12,3,0,0,3,0,0,0,0,0,7,0,1,0,0,0,0,1,4.1217079115480395,3.1219280948873624,3,0,https://gess.grv9710620.pro/captcha.php,1
31,10,1,2,0,0,3,0,0,0,0,0,7,0,1,0,0,0,0,1,4.131300342505361,3.1219280948873624,3,0,https://arlette.grv9710620.pro/,1
42,10,12,3,0,0,3,0,0,0,0,0,7,0,1,0,0,0,0,1,4.130562221357547,3.1219280948873624,3,0,https://arlette.grv9710620.pro/captcha.php,1
46,10,16,3,0,0,4,0,0,0,0,0,7,0,1,0,0,0,0,1,4.102168956377575,3.1219280948873624,3,0,https://arlette.grv9710620.pro/captcha.phppro/,1
39,10,1,2,0,0,3,0,0,0,0,0,7,0,1,0,0,0,0,1,4.3361829878711236,3.1219280948873624,3,0,https://hitierlallement.grv9710620.pro/,1
50,10,12,3,0,0,3,0,0,0,0,0,7,0,1,0,0,0,0,1,4.328884070537636,3.1219280948873624,3,0,https://hitierlallement.grv9710620.pro/captcha.php,1
37,11,13,2,1,0,4,0,0,0,0,0,0,0,1,0,0,0,0,0,3.699337068847133,2.9139770731827523,4,0,https://points-shop.help/mx/home.html,1
35,10,13,2,1,0,4,0,0,0,0,0,0,0,1,0,0,0,0,0,4.171860873964197,3.1219280948873624,3,0,https://my-rewards.fun/mx/home.html,1
36,10,13,2,1,0,4,0,0,0,0,0,0,0,1,0,0,0,0,0,3.982289237493327,3.1219280948873624,4,0,https://my-rewards.tech/mx/home.html,1
37,10,13,2,1,0,4,0,0,0,0,0,0,0,1,0,0,0,0,0,4.141621608755249,3.1219280948873624,5,0,https://my-rewards.cloud/mx/home.html,1
28,9,0,2,0,0,2,0,0,0,0,0,4,0,0,0,0,0,0,1,4.351823225551766,3.169925001442312,3,1,http://allegro.nekdl6319.xyz,1
105,16,61,2,9,0,4,0,0,0,0,0,15,0,1,0,0,0,0,1,4.651536589463341,3.452819531114783,3,0,https://allegrolokalnie.oferta3922910273.cfd/oferta/thule-easyfold-xt-3-934-bagaznik-rowerowy-na-3-rowery,1
77,3,11,3,3,0,4,0,0,0,0,0,13,0,1,0,0,0,0,2,4.554922416953017,1.584962500721156,3,0,https://docusignreviw-823582369662.northamerica-northeast2.run.app/r/vagas-ti,1
30,6,0,2,0,0,2,0,0,0,0,0,0,0,0,0,0,0,0,1,3.9199025797939586,2.584962500721156,2,0,http://trezorwaallet.github.io,1
32,6,1,2,0,0,3,0,0,0,0,0,0,0,1,0,0,0,0,1,3.9886085007312415,2.584962500721156,2,0,https://trezorwaallet.github.io/,1
21,2,8,1,0,0,4,0,0,0,0,0,1,0,1,0,0,0,0,0,3.403989446485262,1.0,2,0,https://da.gd/odctd4/,1
79,3,13,3,2,0,4,0,0,0,0,0,13,0,1,0,0,0,0,2,4.544898350701774,1.584962500721156,3,0,https://docusignreviw-823582369662.northamerica-northeast2.run.app/r/newsletter,1
43,6,19,2,2,0,3,0,0,0,0,0,1,0,0,0,0,0,0,1,4.408254580031927,2.584962500721156,2,0,http://gotyme1.github.io/Leal-Birball-Chand,1
45,6,20,2,2,0,4,0,0,0,0,0,1,0,1,0,0,0,0,1,4.446974207248478,2.584962500721156,2,0,https://gotyme1.github.io/Leal-Birball-Chand/,1
35,6,11,2,0,0,3,0,0,0,0,0,1,0,0,0,0,0,0,1,4.057575159678483,2.584962500721156,2,0,http://gotyme1.github.io/pamofokeng,1
37,6,12,2,0,0,4,0,0,0,0,0,1,0,1,0,0,0,0,1,4.107969919624532,2.584962500721156,2,0,https://gotyme1.github.io/pamofokeng/,1
38,6,13,4,0,0,4,0,0,0,0,0,1,0,1,0,0,0,0,1,4.0804399351119995,2.584962500721156,2,0,https://gotyme1.github.io/P.P.Mtsweni/,1
36,6,12,4,0,0,3,0,0,0,0,0,1,0,0,0,0,0,0,1,4.083274571476652,2.584962500721156,2,0,http://gotyme1.github.io/P.P.Mtsweni,1
45,18,11,2,3,0,3,0,0,0,0,0,0,0,1,1,0,0,1,1,4.246539762611725,3.4193819456463714,3,0,https://www.zh-huatihui-mobile.com/secure-vps,1
38,13,9,2,0,0,3,0,0,0,0,0,5,0,1,0,0,0,0,1,4.378991986900063,3.238901256602631,3,0,https://pay.sharkcheckout.com/732efd16,1
45,18,12,2,3,0,4,0,0,0,0,0,0,0,0,1,0,0,1,1,4.23564587381899,3.4193819456463714,3,0,http://www.zh-huatihui-mobile.com/secure-vps/,1
46,18,12,2,3,0,4,0,0,0,0,0,0,0,1,1,0,0,1,1,4.23477472746692,3.4193819456463714,3,0,https://www.zh-huatihui-mobile.com/secure-vps/,1
34,12,9,1,0,0,4,0,0,0,0,0,0,0,1,0,0,0,0,0,4.02085512047121,3.2516291673878226,4,0,https://matkahuoyuin.bond/mymaxis/,1
34,12,9,1,0,0,4,0,0,0,0,0,0,0,1,0,0,0,0,0,3.9620315910594455,2.918295834054489,4,0,https://matkahuotuio.bond/mymaxis/,1
33,11,9,1,0,0,4,0,0,0,0,0,0,0,1,0,0,0,0,0,4.0060710131011685,3.095795255000934,4,0,https://matkahuoink.bond/mymaxis/,1
27,11,1,2,0,0,3,0,0,0,0,0,0,0,1,0,0,0,0,0,4.0043444463675275,3.459431618637298,6,0,https://voltadesign.com.co/,1
32,19,1,1,1,0,3,0,0,0,0,0,0,0,1,0,0,0,0,0,3.9681390622295662,3.4316235658474312,3,0,https://service-autoroutefr.com/,1
36,19,1,2,1,0,3,0,0,0,0,0,0,0,1,1,0,0,0,1,4.065079515030719,3.4316235658474312,3,0,https://www.service-autoroutefr.com/,1
29,12,1,2,1,0,3,0,0,0,0,0,0,0,1,1,0,0,0,1,4.021268494903765,3.4182958340544896,3,0,https://www.mycns-public.com/,1
25,12,1,1,1,0,3,0,0,0,0,0,0,0,1,0,0,0,0,0,3.9434651896016475,3.4182958340544896,3,0,https://mycns-public.com/,1
42,12,18,2,1,0,4,0,0,0,0,0,0,0,1,0,0,0,0,0,4.008056339745007,3.4182958340544896,3,0,https://mycns-public.com/pages/captcha.php,1
31,18,1,1,1,0,3,0,0,0,0,0,0,0,1,0,0,0,0,0,3.8245334068819115,3.3502090290998976,3,0,https://colissimo-outremer.com/,1
40,18,10,2,1,0,3,0,0,0,0,0,0,0,1,0,0,0,0,0,4.089822782008755,3.3502090290998976,3,0,https://colissimo-outremer.com/index.php,1
45,16,0,2,2,0,2,0,0,0,0,0,6,0,1,0,0,0,0,1,4.261095807768472,3.577819531114783,4,0,https://allegrolokalnie.pl-oferta-543383.shop,1
32,16,0,2,0,0,2,0,0,0,0,0,0,0,0,0,0,0,0,1,4.101409765557392,3.5,4,0,http://con.signalstacktrend.live,1
46,9,6,2,2,0,3,0,0,0,0,0,0,0,0,0,0,0,0,1,4.2924925977289545,2.94770277922009,3,0,http://homestarts-ledgrcdn.wixstudio.com/en-us,1
45,9,6,2,2,0,3,0,0,0,0,0,0,0,0,0,0,0,0,1,4.3390908078646255,2.94770277922009,3,0,http://navstarts-ledgrcdn.wixstudio.com/us-en,1
48,9,9,2,2,0,3,0,0,0,0,0,0,0,0,0,0,0,0,1,4.230054949894961,2.94770277922009,3,0,http://started-liveldgree.wixstudio.com/start-en,1
44,9,10,2,1,0,3,0,0,0,0,0,0,0,1,0,0,0,0,1,4.217859107657963,2.94770277922009,3,0,https://startbridges.wixstudio.com/en-bridge,1
44,9,9,2,2,0,3,0,0,0,0,0,0,0,0,0,0,0,0,1,4.137140494378569,2.94770277922009,3,0,http://app-suitetrezr.wixstudio.com/start-en,1
40,9,5,2,0,0,3,0,0,0,0,0,0,0,1,0,0,0,0,1,3.9428966084191086,2.94770277922009,3,0,https://trejortstarts.wixstudio.com/home,1
44,9,6,2,2,0,3,0,0,0,0,0,0,0,0,0,0,0,0,1,4.061118267834333,2.94770277922009,3,0,http://starttrezur-suits.wixstudio.com/en-us,1
42,6,1,2,0,0,3,0,0,0,0,0,0,0,1,0,0,0,0,1,3.996384316038506,2.2516291673878226,3,0,https://noticealerttermonation.weebly.com/,1
43,6,1,2,2,0,3,0,0,0,0,0,6,0,1,0,0,0,0,1,4.22220806840402,2.2516291673878226,3,0,https://clever-employees-423448.framer.app/,1
48,7,14,3,3,0,4,0,0,0,0,0,11,0,1,0,0,0,1,1,4.407268229617389,2.5216406363433186,3,0,https://74-248-232-196.cprapid.com/eu/update.php,1
55,6,1,2,4,0,3,0,0,0,0,0,1,0,1,0,0,0,2,1,4.224529660698472,2.2516291673878226,3,0,https://e7ledger-live-login-battery-support.vercel.app/,1
48,19,1,2,3,0,3,0,0,0,0,0,0,0,1,0,0,0,1,1,4.212581188618506,3.5110854081804277,3,0,https://digital-support.busines-help-center.com/,1
16,5,0,1,0,0,2,0,0,0,0,0,0,0,1,0,0,0,0,0,3.452819531114783,2.321928094887362,2,0,https://bncri.cc,1
19,5,3,1,0,0,3,0,0,0,0,0,0,0,1,0,0,0,0,0,3.3660913291191927,2.321928094887362,2,0,https://bncri.cc/cr,1
55,7,0,3,4,0,2,0,0,0,0,0,4,0,1,0,0,0,0,2,4.530559940443365,2.5216406363433186,3,0,https://formulario-digital-arfd-2026.cr-web.workers.dev,1
59,7,20,5,0,0,4,0,0,0,0,0,0,0,1,0,0,0,0,3,4.208559999647147,2.5216406363433186,3,0,https://asesorlog.blob.core.windows.net/produonl/index.html,1
39,11,0,2,2,0,2,0,0,0,0,0,1,0,0,0,0,0,0,1,4.272331064905147,2.9139770731827523,3,0,http://finch-caper-2wpl.squarespace.com,1
276,9,47,2,8,2,4,0,1,1,0,0,28,0,0,0,0,0,0,1,5.1466657477655255,2.5032583347756456,3,0,http://allegrolokalnie.346758435.lat/oferta/bagaznik-rowerowy-thule-easyfold-xt-f-2?fbclid=iwy2xjawr67-zlehrua2flbqixmabicmlketbpwfvcuufystjhnkduuk9uc3j0ywzhchbfawqqmjiymdm5mtc4odiwmdg5mgabhgkqvn67vpvenshvdzybcf-gsbesyr5d6zsvonzztc6kaptqgtldrkza8hrz_aem_zjezxrpkn3uxdghgj9lndg,1
37,10,0,2,1,0,2,0,0,0,0,0,6,0,1,0,0,0,0,1,4.540402352056964,2.8464393446710154,3,0,https://upgrade-102066.weeblysite.com,1
44,8,13,2,1,0,5,0,0,0,0,0,0,0,1,0,0,0,0,1,3.9628754497290175,2.4056390622295662,3,0,https://realestate.milai-ie.com/irrs/tilfux/,1
24,10,1,1,2,0,3,0,0,0,0,0,3,0,1,0,0,0,0,0,3.9387218755408675,2.721928094887362,4,0,https://ca-app-310.info/,1
24,10,1,1,2,0,3,0,0,0,0,0,3,0,1,0,0,0,0,0,3.855388542207534,2.5219280948873624,4,0,https://ca-app-988.info/,1
24,10,1,1,2,0,3,0,0,0,0,0,3,0,1,0,0,0,0,0,3.9387218755408675,2.721928094887362,4,0,https://ca-app-046.info/,1
24,10,1,1,2,0,3,0,0,0,0,0,3,0,1,0,0,0,0,0,3.9387218755408675,2.721928094887362,4,0,https://ca-app-938.info/,1
24,10,1,1,2,0,3,0,0,0,0,0,3,0,1,0,0,0,0,0,3.855388542207534,2.5219280948873624,4,0,https://ca-app-838.info/,1
24,10,1,1,2,0,3,0,0,0,0,0,3,0,1,0,0,0,0,0,3.9387218755408675,2.721928094887362,4,0,https://ca-app-913.info/,1
24,10,1,1,2,0,3,0,0,0,0,0,3,0,1,0,0,0,0,0,3.9387218755408675,2.721928094887362,4,0,https://ca-app-594.info/,1
24,10,1,1,2,0,3,0,0,0,0,0,3,0,1,0,0,0,0,0,3.9387218755408675,2.721928094887362,4,0,https://ca-app-940.info/,1
24,10,1,1,2,0,3,0,0,0,0,0,3,0,1,0,0,0,0,0,3.9387218755408675,2.721928094887362,4,0,https://ca-app-523.info/,1
24,10,1,1,2,0,3,0,0,0,0,0,3,0,1,0,0,0,0,0,3.9387218755408675,2.721928094887362,4,0,https://ca-app-632.info/,1
24,10,1,1,2,0,3,0,0,0,0,0,3,0,1,0,0,0,0,0,3.9387218755408675,2.721928094887362,4,0,https://ca-app-096.info/,1
24,10,1,1,2,0,3,0,0,0,0,0,3,0,1,0,0,0,0,0,3.9387218755408675,2.721928094887362,4,0,https://ca-app-249.info/,1
243,8,13,2,0,0,3,0,1,2,1,2,28,0,1,0,0,0,0,1,5.780171734205819,2.1556390622295662,3,0,https://kleinanzeigen.alasolar.com/709916100677?mail=W0NBVENIXQ%3D%3D&meta=rlWjMKWwLJ50LJqyVwb1YPWhLJ1yVwbvKUHlAzRkKUIzMGOzVRAuqTAbGJHtGJScoTIlVvjvL2uuqS9cMPV6YGRjZQV5BQLkZmt0ZGNfVaAypaMcL2HvBvWeoTIcozShrzIcM2IhVvjvqUyjMFV6VzAuqTAboJIsoJScoPW9,1
239,8,13,2,0,0,3,0,1,4,1,0,26,0,1,0,0,0,0,1,5.720332469218444,2.1556390622295662,3,0,https://kleinanzeigen.alasolar.com/709916100677?mail=W0NBVENIXQ==&meta=rlWjMKWwLJ50LJqyVwb1YPWhLJ1yVwbvKUHlAzRkKUIzMGOzVRAuqTAbGJHtGJScoTIlVvjvL2uuqS9cMPV6YGRjZQV5BQLkZmt0ZGNfVaAypaMcL2HvBvWeoTIcozShrzIcM2IhVvjvqUyjMFV6VzAuqTAboJIsoJScoPW9,1
233,8,13,2,0,0,3,0,1,2,1,1,31,0,1,0,0,0,0,1,5.735680309620651,2.1556390622295662,3,0,https://kleinanzeigen.alasolar.com/680580836193?mail=W0FOQUZFTUFd&meta=rlWjMKWwLJ50LJqyVwb1YPWhLJ1yVwbvKUIxBQAxKUIxLmN5VRShLJMyoJRvYPWwnTS0K2yxVwbgZGNjZmH4ZQHmZwVmBFjvp2IlqzywMFV6VzgfMJyhLJ56MJyaMJ4vYPW0rKOyVwbvLJ5uMzIgLI9gLJyfVa0%3D,1
243,8,13,2,0,0,3,0,1,6,1,0,29,0,1,0,0,0,0,1,5.739484186995239,2.1556390622295662,3,0,https://kleinanzeigen.alasolar.com/282655762714?mail=W1BPTFlBXQ==&amp;meta=rlWjMKWwLJ50LJqyVwb1YPWhLJ1yVwbvKUIxBQAwKUIxMwZ4VSOioUyuVR1unJkypvVfVzAbLKEsnJDvBv0kZQNmBGH4ZQxmAGp1YPWmMKW2nJAyVwbvn2kynJ5uoacynJqyovVfVaE5pTHvBvWjo2k5LI9gLJyfMKVvsD==,1
22,9,1,1,1,0,3,0,0,0,0,0,0,0,1,0,0,0,0,0,3.7544418457133455,2.197159723424149,3,0,https://live-iive.com/,1
32,9,11,2,1,0,3,0,0,0,0,0,0,0,1,0,0,0,0,0,3.9917292966721747,2.197159723424149,3,0,https://live-iive.com/index.html,1
41,6,1,2,0,0,3,0,0,0,0,0,0,0,1,0,0,0,0,1,3.897203151424737,2.2516291673878226,7,0,https://silverstarwebmail.framer.website/,1
53,6,1,2,0,0,3,0,0,0,0,0,0,0,1,0,0,0,2,1,4.149642332077453,2.2516291673878226,7,0,https://contasecuredadminportalupdate.framer.website/,1
32,6,1,2,0,0,3,0,0,0,0,0,0,0,1,0,0,0,0,1,4.015319531114783,2.2516291673878226,3,0,https://oapdldcidmdo.weebly.com/,1
34,6,1,2,0,0,3,0,0,0,0,0,0,0,1,0,0,0,0,1,4.043057694064253,2.2516291673878226,3,0,https://kisldyloutlook.weebly.com/,1
37,6,1,2,2,0,3,0,0,0,0,0,6,0,1,0,0,0,0,1,4.283381405994074,2.2516291673878226,3,0,https://most-video-685262.framer.app/,1
31,6,1,2,1,0,3,0,0,0,0,0,0,0,1,0,0,0,0,1,4.066784213473103,2.2516291673878226,3,0,https://bayshore-ca.weebly.com/,1
40,6,1,2,2,0,3,0,0,0,0,0,6,0,1,0,0,0,0,1,4.193942707918269,2.2516291673878226,3,0,https://hopeful-panda-117797.framer.app/,1
37,6,1,2,2,0,3,0,0,0,0,0,6,0,1,0,0,0,0,1,4.283381405994074,2.2516291673878226,3,0,https://silly-room-839538.framer.app/,1
44,6,1,2,0,0,3,0,0,0,0,0,3,0,1,0,0,0,0,1,4.371379278161679,2.2516291673878226,3,0,https://maachineveriifyoffice365.weebly.com/,1
33,7,1,2,0,0,3,0,0,0,0,0,0,0,1,0,0,0,1,1,4.020926316000352,2.5216406363433186,2,0,https://belloutverify.webflow.io/,1
47,6,1,2,2,0,3,0,0,0,0,0,6,0,1,0,0,0,0,1,4.1026988313047115,2.2516291673878226,3,0,https://apparent-performance-639513.framer.app/,1
47,6,1,2,2,0,3,0,0,0,0,0,6,0,1,0,0,0,0,1,4.39226564990975,2.2516291673878226,3,0,https://professional-polygon-973382.framer.app/,1
44,6,1,2,2,0,3,0,0,0,0,0,6,0,1,0,0,0,0,1,4.390805482076982,2.2516291673878226,3,0,https://rotating-channels-629685.framer.app/,1
32,6,1,2,0,0,3,0,0,0,0,0,0,0,1,0,0,0,0,1,4.140319531114783,2.2516291673878226,3,0,https://greenwaybnnk.weebly.com/,1
31,6,1,2,2,0,3,0,0,0,0,0,0,0,1,0,0,0,0,1,4.106949132758152,2.2516291673878226,3,0,https://jmu-it-team.weebly.com/,1
42,6,1,2,0,0,3,0,0,0,0,0,0,0,1,0,0,0,1,1,3.96281504141429,2.2516291673878226,3,0,https://secureeverwlsehelpdesk.weebly.com/,1
37,6,1,2,0,0,3,0,0,0,0,0,0,0,1,0,0,0,1,1,4.249729716863357,2.2516291673878226,3,0,https://gencatverifytchws.weebly.com/,1
34,6,1,2,0,0,3,0,0,0,0,0,0,0,1,0,0,0,0,1,4.017917900762097,2.2516291673878226,3,0,https://outlookfortrks.weebly.com/,1
39,6,1,2,1,0,3,0,0,0,0,0,0,0,1,0,0,0,0,1,3.829738118011813,2.2516291673878226,7,0,https://att-managementt.framer.website/,1
43,6,1,2,2,0,3,0,0,0,0,0,6,0,1,0,0,0,0,1,4.454766207938904,2.2516291673878226,3,0,https://concave-learning-102651.framer.app/,1
39,10,1,2,2,0,3,0,0,0,0,0,6,0,1,0,0,0,0,1,4.304257026388136,2.8464393446710154,3,0,https://best-buy-106132.weeblysite.com/,1
41,6,1,2,2,0,3,0,0,0,0,0,6,0,1,0,0,0,0,1,4.289882797037174,2.2516291673878226,3,0,https://chartreuse-fox-501659.framer.app/,1
43,6,1,2,2,0,3,0,0,0,0,0,6,0,1,0,0,0,1,1,4.425810103338054,2.2516291673878226,3,0,https://determined-click-845532.framer.app/,1
38,6,1,2,0,0,3,0,0,0,0,0,0,0,1,0,0,0,1,1,4.218469211370856,2.2516291673878226,3,0,https://mailupdaterequired.weebly.com/,1
42,6,1,2,2,0,3,0,0,0,0,0,6,0,1,0,0,0,0,1,4.499227541723357,2.2516291673878226,3,0,https://forgiving-world-449987.framer.app/,1
30,6,1,2,1,0,3,0,0,0,0,0,1,0,1,0,0,0,0,1,4.1898980954642875,2.2516291673878226,3,0,https://insp-upmc6.weebly.com/,1
56,6,1,2,2,0,3,0,0,0,0,0,5,0,1,0,0,0,0,1,4.660232940673184,2.2516291673878226,3,0,https://xn--b1aaayjbpfcbcaamtigkfwg3h0dp1b0q.weebly.com/,1
45,6,1,2,2,0,3,0,0,0,0,0,6,0,1,0,0,0,0,1,4.519087818311512,2.2516291673878226,3,0,https://obvious-exceptions-950139.framer.app/,1
48,6,1,2,2,0,3,0,0,0,0,0,6,0,1,0,0,0,0,1,4.417481250360578,2.2516291673878226,3,0,https://secondary-consistency-365647.framer.app/,1
43,6,1,2,2,0,3,0,0,0,0,0,6,0,1,0,0,0,0,1,4.2397635917101475,2.2516291673878226,3,0,https://misty-enthusiasm-269496.framer.app/,1
35,6,1,2,2,0,3,0,0,0,0,0,6,0,1,0,0,0,0,1,4.343289445392768,2.2516291673878226,3,0,https://new-play-213806.framer.app/,1
30,6,1,2,2,0,3,0,0,0,0,0,0,0,1,0,0,0,0,1,4.0980685120588385,2.2516291673878226,3,0,https://ybu-edu-tr.weebly.com/,1
43,6,1,2,2,0,3,0,0,0,0,0,6,0,1,0,0,0,0,1,4.181851382508448,2.2516291673878226,3,0,https://lavender-panther-878662.framer.app/,1
42,6,1,2,2,0,3,0,0,0,0,0,6,0,1,0,0,0,0,1,4.2321018048454135,2.2516291673878226,3,0,https://centered-turtle-304397.framer.app/,1
48,6,1,2,3,0,3,0,0,0,0,0,1,0,1,0,0,0,0,1,4.454986855772667,2.2516291673878226,3,0,https://xn--frissitsepostafikjat-q8b.weebly.com/,1
36,6,1,2,0,0,3,0,0,0,0,0,0,0,1,0,0,0,0,1,3.695103225614511,2.2516291673878226,7,0,https://wssdddddwwws.framer.website/,1
42,6,1,2,2,0,3,0,0,0,0,0,6,0,1,0,0,0,0,1,4.320423374953668,2.2516291673878226,3,0,https://playful-griffin-463442.framer.app/,1
37,6,1,2,2,0,3,0,0,0,0,0,6,0,1,0,0,0,0,1,4.175273297885966,2.2516291673878226,3,0,https://first-plum-844011.framer.app/,1
44,6,1,2,2,0,3,0,0,0,0,0,6,0,1,0,0,0,0,1,4.345350936622436,2.2516291673878226,3,0,https://rational-delivers-637567.framer.app/,1
33,6,1,2,0,0,3,0,0,0,0,0,0,0,1,0,0,0,0,1,4.271370634378849,2.2516291673878226,3,0,https://dkdmynusndacv.weebly.com/,1
31,6,1,2,0,0,3,0,0,0,0,0,0,0,1,0,0,0,0,1,3.9503441981686898,2.2516291673878226,3,0,https://kankaanpaan.weebly.com/,1
33,6,1,2,0,0,3,0,0,0,0,0,0,0,1,0,0,0,0,1,4.2942460132322875,2.2516291673878226,3,0,https://jfuifhjudkiod.weebly.com/,1
29,6,1,2,0,0,3,0,0,0,0,0,0,0,1,0,0,0,0,1,4.021268494903765,2.2516291673878226,3,0,https://crotoiahr.weebly.com/,1
39,6,1,2,0,0,3,0,0,0,0,0,0,0,1,0,0,0,0,1,4.024857104535834,2.2516291673878226,3,0,https://afadlallahinseaacma.weebly.com/,1
73,11,13,5,2,0,3,0,0,0,0,0,7,0,1,0,0,0,0,3,4.428134710467308,2.8453509366224368,3,0,https://ultravioletoaumento01.s3.us-east-005.backblazeb2.com/aumento.html,1
28,16,0,1,0,0,2,0,0,0,0,0,0,0,1,0,0,0,1,0,3.8248629576173565,3.327819531114783,3,0,https://clickoncehosting.com,1
64,11,13,5,2,0,3,0,0,0,0,0,7,0,1,0,0,0,0,3,4.37933164979857,2.8453509366224368,3,0,https://aumentosim04.s3.us-east-005.backblazeb2.com/aumento.html,1
29,16,1,1,0,0,3,0,0,0,0,0,0,0,1,0,0,0,0,0,3.745406425938248,3.0,3,1,https://liderliservicios.top/,1
114,24,31,4,1,0,5,0,1,1,0,0,24,0,1,0,0,0,0,1,4.755492922771587,3.2720552088742005,3,0,https://bradesco.clientes-convitesfisicos.com/clienteprime/cadastro/home.php?hash=6630653216a0df07bbb86e7.24076958,1
67,15,1,1,4,0,3,0,1,1,0,0,21,0,1,0,0,0,0,0,4.7612246835141825,2.923231428797621,2,0,https://internalrevenue.us/?id=a1062e8c-584f-4bb5-8371-86af7ea92e61,1
68,7,1,3,6,0,3,0,1,0,0,0,10,0,1,0,0,0,2,2,4.703066289964786,2.5216406363433186,3,0,https://cpanel.20-244-7-98.cprapid.com/?signin-oauth-verify-client01,1
37,7,18,1,0,0,3,0,0,0,0,0,5,0,1,0,0,0,0,0,4.648510460165072,2.8073549220576046,3,0,https://hdcyfws.com/JHWEFUJNEFU38264B,1
73,7,1,3,6,0,3,0,1,0,0,0,10,0,1,0,0,0,2,2,4.7034753333455255,2.5216406363433186,3,0,https://cpcalendars.20-244-7-98.cprapid.com/?signin-oauth-verify-client01,1
194,6,26,6,4,5,5,0,1,2,1,0,35,0,1,0,0,0,0,1,5.651672139462454,2.2516291673878226,4,0,https://klelnanzeigen-deutch.gi19it.buzz/receive/order/1iMPrY0crWO?r=0x2&__cf_chl_rt_tk=mvOaDH8iTFW2YRPnt9Q9IZnqTq5vG5QK9L1coBRfwF0-1779298513-1.0.1.1-FH2.v1lDkoBhz1BWjTpbmqVv6lzbxgOfg45XGMvlzrc,1
72,6,26,2,1,0,5,0,1,1,0,0,6,0,1,0,0,0,0,1,4.767234467279938,2.2516291673878226,4,0,https://klelnanzeigen-deutch.gi19it.buzz/receive/order/1iMPrY0crWO?r=0x2,1
39,9,8,2,1,0,3,0,0,0,0,0,0,0,1,0,0,0,0,1,4.160420091146166,2.94770277922009,3,0,https://bpiiggeon.wixstudio.com/my-site,1
27,10,1,2,0,0,3,0,0,0,0,0,6,0,1,1,0,0,0,1,3.9582291686698783,2.9219280948873623,3,0,https://www.urge843284.pro/,1
38,10,12,3,0,0,3,0,0,0,0,0,6,0,1,1,0,0,0,1,4.053609671726371,2.9219280948873623,3,0,https://www.urge843284.pro/capchat.php,1
31,10,1,2,0,0,3,0,0,0,0,0,6,0,1,0,0,0,0,1,4.066784213473103,2.9219280948873623,3,0,https://youssef.urge843284.pro/,1
42,10,12,3,0,0,3,0,0,0,0,0,6,0,1,0,0,0,0,1,4.168886994558424,2.9219280948873623,3,0,https://youssef.urge843284.pro/capchat.php,1
29,10,1,2,0,0,3,0,0,0,0,0,6,0,1,0,0,0,0,1,4.1162646156680225,2.9219280948873623,3,0,https://issam.urge843284.pro/,1
40,10,12,3,0,0,3,0,0,0,0,0,6,0,1,0,0,0,0,1,4.118453957701922,2.9219280948873623,3,0,https://issam.urge843284.pro/capchat.php,1
29,10,1,2,0,0,3,0,0,0,0,0,6,0,1,0,0,0,0,1,4.21126073643228,2.9219280948873623,3,0,https://abdel.urge843284.pro/,1
40,10,12,3,0,0,3,0,0,0,0,0,6,0,1,0,0,0,0,1,4.187326145256009,2.9219280948873623,3,0,https://abdel.urge843284.pro/capchat.php,1
34,10,1,2,0,0,3,0,0,0,0,0,6,0,1,0,0,0,0,1,4.219528282299548,2.9219280948873623,3,0,https://khemaissia.urge843284.pro/,1
45,10,12,3,0,0,3,0,0,0,0,0,6,0,1,0,0,0,0,1,4.188982196705438,2.9219280948873623,3,0,https://khemaissia.urge843284.pro/capchat.php,1
37,6,1,2,0,0,3,0,0,0,0,0,0,0,1,0,0,0,0,1,3.97230640587713,2.2516291673878226,3,0,https://viuasorteoficiial.vercel.app/,1
198,6,26,5,4,6,5,0,1,2,1,0,29,0,1,0,0,0,0,1,5.749571128735599,2.2516291673878226,7,0,https://klelnanzeigen-deutch.zhopot.digital/receive/order/Z28qJWRFutI?r=0x22&__cf_chl_rt_tk=FVRTHTirSOHDjT5DkcO2JgOsmleMvMwC_frpffXXdM8-1779297142-1.0.1.1-2YwsXhJ8Xb4McHjuN3N87WXFPJlNsbU0GByqaxdVBWI,1
198,6,26,9,4,5,5,0,1,2,1,0,34,0,1,0,0,0,0,1,5.638166979795479,2.2516291673878226,7,0,https://klelnanzeigen-deutch.zhopot.digital/receive/order/Z28qJWRFutI?r=0x22&__cf_chl_rt_tk=1zz2urfSF.UnPTCYtLW3..2t8UwA7wVEYFDu0L0oadE-1779297133-1.0.1.1-ZuEdL9tFHnlLUx5aWL9kX.CXHpG2RHQNCfZvHxt704M,1
76,6,26,2,1,0,5,0,1,1,0,0,5,0,1,0,0,0,0,1,4.805180928025894,2.2516291673878226,7,0,https://klelnanzeigen-deutch.zhopot.digital/receive/order/Z28qJWRFutI?r=0x22,1
21,8,1,1,0,0,3,0,0,0,0,0,0,0,1,0,0,0,0,0,3.9754180179138334,3.0,3,0,https://uirneqmz.com/,1
29,16,1,1,0,0,3,0,0,0,0,0,0,0,1,0,0,0,0,0,3.8833374604210062,3.202819531114783,3,0,https://monservicelivreo.com/,1
34,16,6,1,0,0,3,0,0,0,0,0,0,0,1,0,0,0,1,0,3.9620315910594455,3.202819531114783,3,0,https://monservicelivreo.com/login,1
30,17,1,1,0,0,3,0,0,0,0,0,0,0,1,0,0,0,0,0,3.9144093452479405,3.4548223999466066,3,0,https://assurmaladiegroup.pro/,1
41,17,12,2,0,0,3,0,0,0,0,0,0,0,1,0,0,0,0,0,3.9211165658478135,3.4548223999466066,3,0,https://assurmaladiegroup.pro/captcha.php,1
34,17,1,2,0,0,3,0,0,0,0,0,0,0,1,1,0,0,0,1,4.013070929103845,3.4548223999466066,3,0,https://www.assurmaladiegroup.pro/,1
198,6,27,8,4,7,5,0,1,2,1,0,33,0,1,0,0,0,0,1,5.625576227480673,2.2516291673878226,7,0,https://klelnanzeigen-deutch.zhopot.digital/receive/order/nyP_pwr8bFi6?r=0x3&__cf_chl_rt_tk=wPf0Jes3A9.IWL1mLx_9lhALFEu58YsSkGPcIq6ZGN8-1779293252-1.0.1.1-ZEr8t8x.mM0.Lf1ooklsTENrwTC5yQCDsvcwpceEEu8,1
198,6,27,9,4,7,5,0,1,2,1,0,25,0,1,0,0,0,0,1,5.591190014207944,2.2516291673878226,7,0,https://klelnanzeigen-deutch.zhopot.digital/receive/order/nyP_pwr8bFi6?r=0x3&__cf_chl_rt_tk=cHiv1NJLe.u.OOTNuZJgwQEdR.fPfdaUd.EiA0W6pEI-1779293244-1.0.1.1-fQlY_8Le9r0odUocnQLZtkygIvkuofVSRfc6YpeXkFI,1
76,6,27,2,1,1,5,0,1,1,0,0,4,0,1,0,0,0,0,1,4.771440679120367,2.2516291673878226,7,0,https://klelnanzeigen-deutch.zhopot.digital/receive/order/nyP_pwr8bFi6?r=0x3,1
57,11,11,5,2,0,3,0,0,0,0,0,5,0,1,0,0,0,0,3,4.390103506137944,2.8453509366224368,3,0,https://uiocena.s3.us-east-005.backblazeb2.com/ionos.html,1
363,8,9,4,13,1,4,0,1,1,0,0,66,0,1,0,0,0,1,2,5.889918128852743,2.75,3,0,https://u39077460.ct.sendgrid.net/ls/click?upn=u001.-2F-2BWlj0TjJMIglbU6jEnL1ZPfbb96iKPJdw42oBjSwVkMYHP4YmfjqK6e1ZSdhHvdPHuY_3ErjSJWdslHeuQ-2FXxvSILhH61VcAnNBam4STv9CAkSBf5RtkQ4ZHFUuTkwkajhVUo-2F57Nadn0mzYOjq-2BYG-2B6l9abb3YXXsQ-2Fw5T2Ogm-2FmuBJL4SHZukg2v8NUTW-2BG3sKAX8CGTOfAJu5tAD5khGNPf78CZqOBhv7wYmtmquyKJpUdkOdllHza1Tstw92-2F9k-2Fa4r8FhHc8kjrwsbLWWWshw-3D-3D,1
36,14,11,2,0,0,3,0,0,0,0,0,0,0,1,0,0,0,0,0,4.107017709595357,3.378783493486176,2,0,https://pilatesreforma.cl/index.html,1
76,6,26,2,1,0,5,0,1,1,0,0,6,0,1,0,0,0,0,1,4.8401154284476515,2.2516291673878226,7,0,https://klelnanzeigen-deutch.zhopot.digital/receive/order/AS2g4h1DVEX?r=0x15,1
32,19,1,1,1,0,3,0,0,0,0,0,0,0,1,0,0,0,0,0,3.8431390622295662,3.2210972500579573,3,0,https://detection-autoroute.com/,1
36,19,1,2,1,0,3,0,0,0,0,0,0,0,1,1,0,0,0,1,3.953968403919608,3.2210972500579573,3,0,https://www.detection-autoroute.com/,1
42,9,6,2,2,0,3,0,0,0,0,0,0,0,1,0,0,0,1,1,4.091622411276601,2.94770277922009,3,0,https://support-atomic.wixstudio.com/en-us,1
42,9,5,2,1,0,3,0,0,0,0,0,0,0,1,0,0,0,0,1,4.103294434983103,2.94770277922009,3,0,https://appsuite-trexor.wixstudio.com/enus,1
22,4,7,1,0,0,3,0,0,0,0,0,0,0,1,0,0,0,0,0,3.8796640049025943,2.0,2,0,https://qrco.de/ggmmxx,1
52,12,14,2,0,0,4,0,0,0,0,0,12,0,1,0,0,0,1,1,4.550931304471528,3.2516291673878226,3,0,https://kleinanzeigen.confirm56865.lat/order/7728467,1
82,18,9,2,0,0,3,0,1,1,0,0,25,0,0,0,0,0,0,1,4.704831962268428,3.9477027792200903,3,0,http://allegro.prywanitet72359120.lat/lokalnie?id=5y9o3b6n1l5c5l9k6w5v7d6i7l9r3i51,1
84,18,10,2,0,0,4,0,1,1,0,0,25,0,1,0,0,0,0,1,4.740315565986995,3.9477027792200903,3,0,https://allegro.prywanitet72359120.lat/lokalnie/?id=5y9o3b6n1l5c5l9k6w5v7d6i7l9r3i51,1
26,13,0,1,1,0,2,0,0,0,0,0,1,0,1,0,0,0,0,0,3.9790978911348054,3.3927474104487847,4,0,https://adesao-nivel5.shop,1
28,15,0,1,1,0,2,0,0,0,0,0,1,0,1,0,0,0,0,0,4.039148671903071,3.506890595608519,4,0,https://operacao-nivel5.shop,1
101,2,18,4,0,0,5,0,1,1,1,0,18,0,1,1,0,0,0,2,4.780342641932507,1.0,3,0,https://www.assistenzaonline.it.com/asti/it/index.php?&amp;sessionid=c3c4df6c17aab8de028ea94b26592b43,1
40,2,5,3,0,0,3,0,0,0,0,0,0,0,1,1,0,0,0,2,3.847085133395088,1.0,3,0,https://www.assistenzaonline.it.com/asti,1
32,4,1,2,0,0,3,0,0,0,0,0,3,0,1,0,0,0,0,1,4.202819531114783,1.5,4,0,https://3duzy5sgifg2i.kimi.page/,1
53,4,1,2,1,0,3,0,0,0,0,0,3,0,1,0,0,0,0,1,4.541243983061669,1.5,4,0,https://p-bienr2m4ozdectneccaorwgqaynae5rz.kimi.page/,1
43,7,23,1,0,0,5,0,0,0,0,0,9,0,1,0,0,0,0,0,4.312908871424721,2.5216406363433186,4,0,https://4hy332w.hair/dujr3da9/p1EErw/Bp42hx,1
42,7,23,1,0,0,5,0,0,0,0,0,7,0,1,0,0,0,0,0,4.318045625665338,2.2359263506290326,3,1,https://e4tyhe4.top/dujr3da9/p1EErw/Bp42hx,1
42,7,23,1,0,0,5,0,0,0,0,0,8,0,1,0,0,0,0,0,4.347691161328112,2.5216406363433186,3,1,https://9w35rwe.top/dujr3da9/p1EErw/Bp42hx,1
73,13,10,5,2,0,4,0,1,1,0,0,18,0,1,0,0,0,0,1,4.771663087163162,3.238901256602631,4,0,https://allegro-lokalnie.923812-y04359.cyou/lokalnie/?id=3t3m4t9e0l6d8...,1
43,8,23,1,0,0,5,0,0,0,0,0,8,0,1,0,0,0,0,0,4.423487650544802,2.75,3,1,https://93jey6he.top/dujr3da9/p1EErw/Bp42hx,1
43,9,6,2,2,0,3,0,0,0,0,0,0,0,1,0,0,0,0,1,4.100829441686029,2.94770277922009,3,0,https://suiteapps-trexr.wixstudio.com/en-us,1
40,9,5,2,1,0,3,0,0,0,0,0,0,0,1,0,0,0,0,1,3.975070520364182,2.94770277922009,3,0,https://suiteio-treor.wixstudio.com/usen,1
40,9,5,2,1,0,3,0,0,0,0,0,0,0,1,0,0,0,0,1,3.975070520364182,2.94770277922009,3,0,https://suiteio-treor.wixstudio.com/enus,1
46,9,6,2,2,0,3,0,0,0,0,0,0,0,1,0,0,0,0,1,4.0249598480233715,2.94770277922009,3,0,https://startedsuites-apps.wixstudio.com/en-us,1
41,6,23,1,0,0,5,0,0,0,0,0,6,0,1,0,0,0,0,0,4.305858944160431,2.2516291673878226,3,0,https://9uqtww.lat/dujr3da9/p1EErw/Bp42hx,1
42,7,23,1,0,0,5,0,0,0,0,0,7,0,1,0,0,0,0,0,4.413283720903433,2.8073549220576046,3,1,https://js7nhe3.top/dujr3da9/p1EErw/Bp42hx,1
42,7,23,1,0,0,5,0,0,0,0,0,9,0,1,0,0,0,0,0,4.431257232859706,2.8073549220576046,3,1,https://e09k43u.top/dujr3da9/p1EErw/Bp42hx,1
43,8,23,1,0,0,5,0,0,0,0,0,9,0,1,0,0,0,0,0,4.5340664296648825,2.75,3,1,https://8ek346eg.top/dujr3da9/p1EErw/Bp42hx,1
41,6,23,1,0,0,5,0,0,0,0,0,8,0,1,0,0,0,0,0,4.385008029473518,2.2516291673878226,3,0,https://92w5fw.lat/dujr3da9/p1EErw/Bp42hx,1
42,9,9,2,1,0,3,0,0,0,0,0,0,0,1,0,0,0,0,1,4.216506042177471,2.94770277922009,3,0,https://trezurlearn.wixstudio.com/suite-en,1
41,9,6,2,2,0,3,0,0,0,0,0,0,0,1,0,0,0,0,1,4.153062297660665,2.94770277922009,3,0,https://appsuite-trzo.wixstudio.com/us-en,1
41,9,6,2,2,0,3,0,0,0,0,0,0,0,1,0,0,0,0,1,3.994764127034493,2.94770277922009,3,0,https://suiteio-treor.wixstudio.com/en-us,1
42,9,6,2,2,0,3,0,0,0,0,0,0,0,1,0,0,0,0,1,4.046381112945884,2.94770277922009,3,0,https://users-suiteapp.wixstudio.com/us-en,1
42,7,23,1,0,0,5,0,0,0,0,0,8,0,1,0,0,0,0,0,4.383638185240658,2.8073549220576046,3,1,https://8ej46rt.top/dujr3da9/p1EErw/Bp42hx,1
42,9,6,2,2,0,3,0,0,0,0,0,0,0,1,0,0,0,0,1,4.139241458895649,2.94770277922009,3,0,https://connect-trxzor.wixstudio.com/us-en,1
42,7,23,1,0,0,5,0,0,0,0,0,8,0,1,0,0,0,0,0,4.442929256566208,2.8073549220576046,3,1,https://8ek6rh4.top/dujr3da9/p1EErw/Bp42hx,1
41,6,23,1,0,0,5,0,0,0,0,0,8,0,1,0,0,0,0,0,4.421831810066857,2.584962500721156,3,1,https://8e3uy4.top/dujr3da9/p1EErw/Bp42hx,1
42,7,23,1,0,0,5,0,0,0,0,0,7,0,1,0,0,0,0,0,4.363286923996055,2.5216406363433186,3,1,https://tq62twe.top/dujr3da9/p1EErw/Bp42hx,1
42,7,23,1,0,0,5,0,0,0,0,0,7,0,1,0,0,0,0,0,4.365664673284385,2.5216406363433186,3,1,https://9eu6rej.top/dujr3da9/p1EErw/Bp42hx,1
43,9,6,2,2,0,3,0,0,0,0,0,0,0,1,0,0,0,0,1,4.100829441686029,2.94770277922009,3,0,https://suiteapps-trexr.wixstudio.com/us-en,1
42,9,6,2,2,0,3,0,0,0,0,0,0,0,1,0,0,0,0,1,4.254830815378347,2.94770277922009,3,0,https://ensuite-global.wixstudio.com/us-en,1
45,9,6,2,1,0,3,0,0,0,0,0,0,0,1,0,0,0,0,1,4.152282542163143,2.94770277922009,3,0,https://livestarts-ledgre.wixstudio.com/start,1
42,9,6,2,2,0,3,0,0,0,0,0,0,0,1,0,0,0,0,1,4.236857303422075,2.94770277922009,3,0,https://guidecdn-ldgre.wixstudio.com/us-en,1
42,7,23,1,0,0,5,0,0,0,0,0,9,0,1,0,0,0,0,0,4.431257232859706,2.5216406363433186,3,1,https://936ege4.top/dujr3da9/p1EErw/Bp42hx,1
42,9,7,2,2,0,3,0,0,0,0,0,0,0,1,0,0,0,0,1,4.356370398866214,2.94770277922009,3,0,https://smart-lekdger.wixstudio.com/eng-us,1
42,7,23,1,0,0,5,0,0,0,0,0,8,0,1,0,0,0,0,0,4.46090276852248,2.8073549220576046,3,1,https://8ej47ry.top/dujr3da9/p1EErw/Bp42hx,1
42,7,23,1,0,0,5,0,0,0,0,0,7,0,1,0,0,0,0,0,4.395310208947159,2.128085278891395,3,1,https://7yh3yey.top/dujr3da9/p1EErw/Bp42hx,1
42,7,23,1,0,0,5,0,0,0,0,0,8,0,1,0,0,0,0,0,4.345313412039782,2.2359263506290326,3,1,https://73ytte3.top/dujr3da9/p1EErw/Bp42hx,1
43,8,23,1,0,0,5,0,0,0,0,0,8,0,1,0,0,0,0,0,4.421165197751549,2.75,3,1,https://65twt3gf.top/dujr3da9/p1EErw/Bp42hx,1
51,18,5,2,0,0,4,1,0,0,0,0,1,0,1,0,1,0,0,0,4.18520041193298,3.4193819456463714,3,0,https://modernsolutionsllc.com/sw1/#email@email.com,1
45,9,8,2,2,0,3,0,0,0,0,0,0,0,1,0,0,0,0,1,4.333209418831506,2.94770277922009,3,0,https://startapp-ledgro.wixstudio.com/live-en,1
41,9,6,2,2,0,3,0,0,0,0,0,0,0,1,0,0,0,0,1,4.345118467927183,2.94770277922009,3,0,https://smart-lekdger.wixstudio.com/en-us,1
44,9,5,2,1,0,3,0,0,0,0,0,0,0,1,0,0,0,0,1,4.261043983337284,2.94770277922009,3,0,https://livestarts-ledgre.wixstudio.com/enus,1
40,9,6,2,2,0,3,0,0,0,0,0,0,0,1,0,0,0,0,1,4.265311532225103,2.94770277922009,3,0,https://dasktop-live.wixstudio.com/us-en,1
42,9,5,2,1,0,3,0,0,0,0,0,0,0,1,0,0,0,0,1,4.272804327334621,2.94770277922009,3,0,https://open-ledgrlivxe.wixstudio.com/live,1
43,8,23,1,0,0,5,0,0,0,0,0,10,0,1,0,0,0,0,0,4.441043173850929,2.4056390622295662,3,1,https://6353gew3.top/dujr3da9/p1EErw/Bp42hx,1
42,7,23,1,0,0,5,0,0,0,0,0,7,0,1,0,0,0,0,0,4.401611697196931,2.5216406363433186,3,1,https://5wf3tee.top/dujr3da9/p1EErw/Bp42hx,1
41,6,23,1,0,0,5,0,0,0,0,0,8,0,1,0,0,0,0,0,4.421831810066857,2.2516291673878226,3,1,https://5w53fe.top/dujr3da9/p1EErw/Bp42hx,1
43,8,23,1,0,0,5,0,0,0,0,0,9,0,1,0,0,0,0,0,4.376976022637825,2.4056390622295662,3,1,https://553ter5g.top/dujr3da9/p1EErw/Bp42hx,1
45,9,6,2,2,0,3,0,0,0,0,0,0,0,1,0,0,0,0,1,4.394429141101805,2.94770277922009,3,0,https://ladger-livelebger.wixstudio.com/us-en,1
42,9,11,2,2,0,3,0,0,0,0,0,0,0,1,0,0,0,0,1,4.234479554133744,2.94770277922009,3,0,https://nav-intro.wixstudio.com/desktop-en,1
42,9,6,2,2,0,3,0,0,0,0,0,0,0,1,0,0,0,0,1,4.320423374953668,2.94770277922009,3,0,https://lekdger-liveus.wixstudio.com/en-us,1
48,9,11,2,2,0,3,0,0,0,0,0,0,0,1,0,0,0,0,1,4.288320189106,2.94770277922009,3,0,https://ldgroe-homepage.wixstudio.com/en-desktop,1
43,9,5,2,1,0,3,0,0,0,0,0,0,0,1,0,0,0,0,1,4.051394627288987,2.94770277922009,3,0,https://desktops-unknown.wixstudio.com/usen,1
42,7,23,1,0,0,5,0,0,0,0,0,8,0,1,0,0,0,0,0,4.306373601958836,2.5216406363433186,3,1,https://523rfrt.top/dujr3da9/p1EErw/Bp42hx,1
27,10,1,2,0,0,3,0,0,0,0,0,6,0,1,1,0,0,0,1,3.8841550945958043,2.721928094887362,3,0,https://www.urge842284.pro/,1
38,10,12,3,0,0,3,0,0,0,0,0,6,0,1,1,0,0,0,1,4.000978092779003,2.721928094887362,3,0,https://www.urge842284.pro/captcha.php,1
41,10,12,3,0,0,3,0,0,0,0,0,6,0,1,0,0,0,0,1,4.055501322050909,2.721928094887362,3,0,https://nassab.urge842284.pro/captcha.php,1
43,8,23,1,0,0,5,0,0,0,0,0,9,0,1,0,0,0,0,0,4.283952766823871,2.75,3,1,https://432twfr3.top/dujr3da9/p1EErw/Bp42hx,1
31,10,1,2,0,0,3,0,0,0,0,0,6,0,1,0,0,0,0,1,4.042433003725894,2.721928094887362,3,0,https://mouloud.urge842284.pro/,1
42,10,12,3,0,0,3,0,0,0,0,0,6,0,1,0,0,0,0,1,4.15091348260215,2.721928094887362,3,0,https://mouloud.urge842284.pro/captcha.php,1
31,10,1,2,0,0,3,0,0,0,0,0,6,0,1,0,0,0,0,1,4.066784213473103,2.721928094887362,3,0,https://marouan.urge842284.pro/,1
42,10,12,3,0,0,3,0,0,0,0,0,6,0,1,0,0,0,0,1,4.073648899320328,2.721928094887362,3,0,https://marouan.urge842284.pro/captcha.php,1
40,10,1,2,0,0,3,0,0,0,0,0,6,0,1,0,0,0,0,1,4.156198332810096,2.721928094887362,3,0,https://leistenschneider.urge842284.pro/,1
42,7,23,1,0,0,5,0,0,0,0,0,7,0,1,0,0,0,0,0,4.157214970851922,2.128085278891395,3,1,https://3rt2ttw.top/dujr3da9/p1EErw/Bp42hx,1
51,10,12,3,0,0,3,0,0,0,0,0,6,0,1,0,0,0,0,1,4.201960274134418,2.721928094887362,3,0,https://leistenschneider.urge842284.pro/captcha.php,1
42,7,23,1,0,0,5,0,0,0,0,0,8,0,1,0,0,0,0,0,4.46090276852248,2.8073549220576046,3,1,https://0w73yeh.top/dujr3da9/p1EErw/Bp42hx,1
42,7,23,1,0,0,5,0,0,0,0,0,9,0,1,0,0,0,0,0,4.478876280478754,2.8073549220576046,3,1,https://023kew6.top/dujr3da9/p1EErw/Bp42hx,1
41,6,23,1,0,0,5,0,0,0,0,0,8,0,1,0,0,0,0,0,4.342682724753772,2.584962500721156,3,1,https://02twg3.top/dujr3da9/p1EErw/Bp42hx,1
38,9,7,2,2,0,3,0,0,0,0,0,0,0,1,0,0,0,0,1,4.201231789474709,2.94770277922009,3,0,https://nav-intro.wixstudio.com/app-en,1
43,9,5,2,1,0,3,0,0,0,0,0,0,0,1,0,0,0,0,1,4.051394627288987,2.94770277922009,3,0,https://desktops-unknown.wixstudio.com/enus,1
44,9,6,2,2,0,3,0,0,0,0,0,0,0,1,0,0,0,0,1,4.070353994119939,2.94770277922009,3,0,https://desktops-unknown.wixstudio.com/en-us,1
47,9,11,2,3,0,3,0,0,0,0,0,0,0,1,0,0,0,0,1,4.248544639225421,2.94770277922009,3,0,https://us-lekder-live.wixstudio.com/desktop-en,1
44,9,6,2,2,0,3,0,0,0,0,0,0,0,1,0,0,0,0,1,4.163532754804255,2.94770277922009,3,0,https://browser-desktops.wixstudio.com/us-en,1
41,9,6,2,2,0,3,0,0,0,0,0,0,0,1,0,0,0,0,1,4.338663284842051,2.94770277922009,3,0,https://begin-liveapp.wixstudio.com/en-us,1
41,9,8,2,2,0,3,0,0,0,0,0,0,0,1,0,0,0,0,1,4.238666566058884,2.94770277922009,3,0,https://startd-live.wixstudio.com/live-en,1
38,9,5,2,1,0,3,0,0,0,0,0,0,0,1,0,0,0,0,1,4.188331131693838,2.94770277922009,3,0,https://terra-money.wixstudio.com/home,1
39,7,1,3,0,0,3,0,0,0,0,0,2,0,1,0,0,0,0,2,4.1949067057088945,2.5216406363433186,3,0,https://trzkjdsbj.kjgt65yh.workers.dev/,1
40,15,13,2,0,0,3,0,0,0,0,0,0,0,1,0,0,0,0,0,4.227567157116929,3.0062389286533895,3,0,https://lavilifescience.com/in[box].html,1
49,9,9,2,2,0,3,0,0,0,0,0,0,0,0,0,0,0,0,1,4.2386706203351965,2.94770277922009,3,0,http://startdapps-ledgrcum.wixstudio.com/start-en,1
45,9,6,2,2,0,3,0,0,0,0,0,0,0,0,0,0,0,0,1,4.242101297273509,2.94770277922009,3,0,http://startsso-ledzercum.wixstudio.com/us-en,1
42,9,6,2,1,0,3,0,0,0,0,0,0,0,0,0,0,0,0,1,4.272804327334621,2.94770277922009,3,0,http://dowinloadledger.wixstudio.com/en-us,1
45,9,6,2,2,0,3,0,0,0,0,0,0,0,0,0,0,0,0,1,4.286545741717953,2.94770277922009,3,0,http://started-liveldgree.wixstudio.com/us-en,1
50,9,6,2,2,0,3,0,0,0,0,0,3,0,1,0,0,0,0,1,4.414177320667444,2.94770277922009,3,0,https://started-liveldgree.wixstudio.com:443/us-en,1
44,9,5,2,1,0,3,0,0,0,0,0,0,0,1,0,0,0,0,1,4.226730915057127,2.94770277922009,3,0,https://ldgreapps-started.wixstudio.com/usen,1
46,6,10,2,3,0,3,0,0,0,0,0,0,0,1,0,0,0,0,1,3.715768140925024,2.584962500721156,3,0,https://start-with-trezor.zapier.app/get-start,1
40,6,6,2,2,0,3,0,0,0,0,0,0,0,1,0,0,0,1,1,3.977567157116929,2.584962500721156,3,0,https://eng-trezo-logon.zapier.app/login,1
41,10,20,1,0,0,4,0,0,0,0,0,7,0,0,0,0,0,0,0,4.461091333833609,3.1219280948873624,3,0,http://globalnems.com/work/project8371341,1
26,13,1,1,0,0,3,0,0,0,0,0,0,0,1,0,0,0,0,0,3.9021748142117283,2.931208948910323,3,0,https://peagedefrance.com/,1
30,13,1,2,0,0,3,0,0,0,0,0,0,0,1,1,0,0,0,1,3.9898980954642878,2.931208948910323,3,0,https://www.peagedefrance.com/,1
48,9,9,2,2,0,3,0,0,0,0,0,0,0,0,0,0,0,0,1,4.073934896284056,2.94770277922009,3,0,http://start-trezerioapps.wixstudio.com/en-start,1
41,9,5,2,1,0,3,0,0,0,0,0,0,0,1,0,0,0,0,1,4.046610395792366,2.94770277922009,3,0,https://trezorr-suites.wixstudio.com/enus,1
42,9,9,2,2,0,3,0,0,0,0,0,0,0,0,0,0,0,0,1,4.284476351041122,2.94770277922009,3,0,http://bridge-trezz.wixstudio.com/start-en,1
40,9,5,2,1,0,3,0,0,0,0,0,0,0,0,0,0,0,0,1,4.168453957701922,2.94770277922009,3,0,http://app-suitetrezr.wixstudio.com/enus,1
45,9,5,2,1,0,3,0,0,0,0,0,3,0,1,0,0,0,0,1,4.305540252212916,2.94770277922009,3,0,https://app-suitetrezr.wixstudio.com:443/enus,1
41,9,6,2,2,0,3,0,0,0,0,0,0,0,1,0,0,0,0,1,4.161953223919209,2.94770277922009,3,0,https://upholdslog-in.wixstudio.com/us-en,1
41,9,6,2,0,0,3,0,0,0,0,0,0,0,1,0,0,0,0,1,3.8051436999413872,2.94770277922009,3,0,https://trejortstarts.wixstudio.com/start,1
42,6,6,2,2,0,3,0,0,0,0,0,0,0,1,0,0,0,0,1,3.8228853522812924,2.584962500721156,3,0,https://start-with-ledger.zapier.app/start,1
19,5,0,2,0,0,2,0,0,0,0,0,0,0,0,0,0,0,0,1,3.5110854081804277,2.321928094887362,3,0,http://oh.paosr.cam,1
21,5,1,2,0,0,3,0,0,0,0,0,0,0,1,0,0,0,0,1,3.499227541723357,2.321928094887362,3,0,https://oh.paosr.cam/,1
19,5,0,2,0,0,2,0,0,0,0,0,0,0,0,0,0,0,0,1,3.3660913291191923,2.321928094887362,3,0,http://oh.paost.cam,1
21,5,1,2,0,0,3,0,0,0,0,0,0,0,1,0,0,0,0,1,3.3680424225727155,2.321928094887362,3,0,https://oh.paost.cam/,1
21,5,1,2,0,0,3,0,0,0,0,0,0,0,1,0,0,0,0,1,3.499227541723357,2.321928094887362,3,0,https://oh.paosq.cam/,1
19,5,0,2,0,0,2,0,0,0,0,0,0,0,0,0,0,0,0,1,3.5110854081804277,2.321928094887362,3,0,http://oh.paosq.cam,1
36,4,11,2,0,0,4,0,0,0,0,0,2,0,1,0,0,0,0,1,4.016875695766564,1.5,3,0,https://alleagro.55pl.ink/logowanie/,1
59,19,28,2,0,0,4,0,0,0,0,0,0,0,1,0,0,0,0,0,4.249783787876463,3.391892644680933,3,0,https://shreebiharijiexport.com/magicmomentss/download.html,1
19,5,0,2,0,0,2,0,0,0,0,0,0,0,0,0,0,0,0,1,3.4713544870139295,2.321928094887362,3,0,http://oh.haouv.cam,1
21,5,1,2,0,0,3,0,0,0,0,0,0,0,1,0,0,0,0,1,3.558518613048906,2.321928094887362,3,0,https://oh.haouv.cam/,1
78,12,39,2,4,0,5,0,0,0,0,0,15,0,0,0,0,0,0,1,4.7172885665715505,3.4182958340544896,3,0,http://allegrolokalnie.oferta412475.cfd/oferta/sprzedam-busa-lt-vw-1999r/90555,1
39,20,7,1,2,0,4,0,0,0,0,0,2,0,1,0,0,0,1,0,4.272331064905147,3.7219280948873625,3,0,https://secure-domainrenew26.com/at-xr/,1
64,6,19,3,0,0,6,0,0,0,0,0,0,0,1,0,0,0,0,1,3.9464699692934286,2.584962500721156,2,0,https://fgahagdhfgvfhfghfgdgdyduhgc.cfolks.pl/fe/lk/auth/log.php,1
27,10,1,2,0,0,3,0,0,0,0,0,6,0,1,1,0,0,0,1,3.8561962982193796,2.6464393446710157,3,0,https://www.urge844284.pro/,1
38,10,12,3,0,0,3,0,0,0,0,0,6,0,1,1,0,0,0,1,3.9811126321957535,2.6464393446710157,3,0,https://www.urge844284.pro/captcha.php,1
31,10,1,2,0,0,3,0,0,0,0,0,6,0,1,0,0,0,0,1,4.042433003725894,2.6464393446710157,3,0,https://marmoud.urge844284.pro/,1
42,10,12,3,0,0,3,0,0,0,0,0,6,0,1,0,0,0,0,1,4.0853209230268295,2.6464393446710157,3,0,https://marmoud.urge844284.pro/captcha.php,1
29,10,1,2,0,0,3,0,0,0,0,0,6,0,1,0,0,0,0,1,4.1162646156680225,2.6464393446710157,3,0,https://alice.urge844284.pro/,1
40,10,12,3,0,0,3,0,0,0,0,0,6,0,1,0,0,0,0,1,4.049581770147835,2.6464393446710157,3,0,https://alice.urge844284.pro/captcha.php,1
31,10,1,2,0,0,3,0,0,0,0,0,6,0,1,0,0,0,0,1,4.106949132758152,2.6464393446710157,3,0,https://fernand.urge844284.pro/,1
42,10,12,3,0,0,3,0,0,0,0,0,6,0,1,0,0,0,0,1,4.132939970645877,2.6464393446710157,3,0,https://fernand.urge844284.pro/captcha.php,1
30,10,1,2,0,0,3,0,0,0,0,0,6,0,1,0,0,0,0,1,4.0062389286533895,2.6464393446710157,3,0,https://albert.urge844284.pro/,1
41,10,12,3,0,0,3,0,0,0,0,0,6,0,1,0,0,0,0,1,4.037089431754239,2.6464393446710157,3,0,https://albert.urge844284.pro/captcha.php,1
105,16,21,2,5,0,5,0,1,1,0,0,34,0,1,0,0,0,0,1,4.879775314188683,3.2806390622295662,3,0,https://allegrolokalnie.pls3lrelrerm98xk.sbs/oferta/lo/-417869582?id=634c939a-967f-4da4-a705-993bcc00c201,1
124,15,61,2,10,0,4,0,1,1,0,0,16,0,1,0,0,0,0,1,4.9208967428912445,3.773557262275186,3,0,https://allegrolokalnie.oferta8500341pl.cfd/oferta/sony-zv-e10-obiektyw-kitowy-nd-filter-karta-sd-128-gb?id=uL9Zo8sky8W0Gbib,1
39,17,10,2,0,0,3,0,0,0,0,0,0,0,1,0,0,0,0,0,4.111698692943855,3.4548223999466066,3,1,https://redirectqsdhvazdq.xyz/index.php,1
30,17,1,1,0,0,3,0,0,0,0,0,0,0,1,0,0,0,0,0,4.031401845392172,3.4548223999466066,3,1,https://redirectqsdhvazdq.xyz/,1
28,15,1,1,0,0,3,0,0,0,0,0,1,0,1,0,0,0,0,0,4.012188403968661,3.506890595608519,3,0,https://vault1passvword.com/,1
49,8,11,4,0,0,5,0,0,0,0,0,10,0,1,0,0,0,0,3,4.418195752623562,2.75,4,0,https://s1167342.ha021.t.mydomain.zone/jssj/jncc/,1
57,4,32,3,1,0,3,0,0,0,0,0,4,0,1,0,0,0,0,1,4.440186891616423,2.0,2,0,https://team-4067.twil.io/mailicloudfromarubahosting.html,1
48,5,32,2,0,0,4,0,0,0,0,0,0,0,1,0,0,0,0,0,4.292481250360578,1.9219280948873623,2,0,https://huzur.de/profinishplumbing/download.html,1
33,11,5,2,1,0,4,0,0,0,0,0,0,0,1,1,0,0,0,1,3.740771391823488,2.9139770731827523,4,0,https://www.pcn-notictb.shop/com/,1
65,9,40,3,1,0,3,0,0,0,0,0,14,0,1,1,0,0,0,1,4.808616228573361,2.725480556997868,3,0,https://www.euradoner.com/09900058978765GTVJ-edocumetsSigned.html,1
27,7,8,1,0,0,3,0,0,0,0,0,0,0,1,0,0,0,0,0,3.7541634277688805,2.8073549220576046,3,0,https://maxiswo.vip/mymaxis,1
36,13,1,2,0,0,3,0,0,0,0,0,13,0,1,0,0,0,1,1,4.495906598484245,3.0269868333592873,5,1,https://allegro.9260425109728.click/,1
30,10,8,1,0,0,4,0,0,0,0,0,0,0,1,0,0,0,0,0,4.081727678869736,3.3219280948873626,3,0,https://moviruedas.com/folder/,1
23,9,1,1,2,0,3,0,0,0,0,0,2,0,1,0,0,0,0,0,3.8492239123906247,2.5032583347756456,4,0,https://ca-app-05.info/,1
33,9,1,2,2,0,3,0,0,0,0,0,2,0,1,0,0,0,0,1,4.210764573772789,2.5032583347756456,4,0,https://alexandre.ca-app-05.info/,1
36,9,0,2,0,0,2,0,0,0,0,0,6,0,0,0,0,0,0,1,4.204511459715549,2.94770277922009,3,1,http://allegrolokalnie.ido985542.top,1
46,19,1,2,3,0,3,0,0,0,0,0,0,0,1,0,0,0,0,1,3.9681516294997374,3.5110854081804277,3,0,https://business-help.busines-help-center.com/,1
28,13,1,2,0,0,3,0,0,0,0,0,0,0,1,0,0,0,0,0,4.012188403968661,3.180832987205441,5,0,https://parcelwaybill.co.za/,1
32,7,1,2,0,0,3,0,0,0,0,0,0,0,1,0,0,0,0,1,3.8042292966721747,2.8073549220576046,3,0,https://thenewebill.netlify.app/,1
33,11,1,2,0,0,3,0,0,0,0,0,1,0,1,0,0,0,0,1,4.12728313431329,3.277613436819116,3,0,https://compr1sw.webcindario.com/,1
28,6,1,2,0,0,3,0,0,0,0,0,3,0,1,0,0,0,0,1,4.280394654123194,2.2516291673878226,3,0,https://suhfg120.weebly.com/,1
24,11,1,1,1,0,3,0,0,0,0,0,0,0,1,0,0,0,1,0,3.6258145836939115,2.8453509366224368,3,0,https://secure-base.app/,1
28,11,1,2,1,0,3,0,0,0,0,0,0,0,1,1,0,0,1,1,3.7439821538141276,2.8453509366224368,3,0,https://www.secure-base.app/,1
32,7,1,2,0,0,3,0,0,0,0,0,0,0,1,0,0,0,0,1,3.9139097655573916,2.5216406363433186,2,0,https://matamsklogcn.gitbook.io/,1
34,7,3,2,0,0,3,0,0,0,0,0,0,0,1,0,0,0,0,1,3.984234164652489,2.5216406363433186,2,0,https://matamsklogcn.gitbook.io/us,1
28,15,1,1,1,0,3,0,0,0,0,0,6,0,1,0,0,0,0,0,4.280394654123194,3.773557262275186,3,0,https://411308-coinbase.com/,1
27,6,1,2,0,0,3,0,0,0,0,0,0,0,1,0,0,0,0,1,3.9582291686698783,2.2516291673878226,3,0,https://zimbras.vercel.app/,1
40,7,1,2,2,0,3,0,0,0,0,0,4,0,1,0,0,0,0,1,4.358694969562842,2.8073549220576046,3,0,https://regal-concha-e4c379.netlify.app/,1
35,5,1,2,1,0,3,0,0,0,0,0,0,0,1,0,0,0,0,1,3.9900172174899033,1.9219280948873623,3,0,https://activacion-final.iceiy.com/,1
39,5,1,2,1,0,3,0,1,1,0,0,1,0,1,0,0,0,0,1,4.162980744225907,1.9219280948873623,3,0,https://activacion-final.iceiy.com/?i=1,1
45,6,1,2,3,0,3,0,0,0,0,0,0,0,1,0,0,0,0,1,4.119087818311512,2.2516291673878226,3,0,https://correo-contraloria-gob-ec.weebly.com/,1
48,19,1,2,3,0,3,0,0,0,0,0,0,0,1,0,0,0,0,1,4.123734053066623,3.5110854081804277,3,0,https://business-growth.busines-help-center.com/,1
32,9,1,2,0,0,3,0,0,0,0,0,0,0,1,0,0,0,0,1,4.069548827786958,2.94770277922009,4,0,https://bradesco.gestaoweb.info/,1
33,9,1,2,0,0,3,0,0,0,0,0,0,0,1,0,0,0,1,1,4.081532376606413,2.94770277922009,5,1,https://bradesco.gestaoweb.click/,1
37,15,1,2,0,0,3,0,0,0,0,0,0,0,1,0,0,0,0,1,3.97230640587713,3.056564762130954,3,0,https://bradesco.clientenegocios.lol/,1
37,20,1,1,0,0,3,0,0,0,0,0,0,0,1,0,0,0,0,0,3.9057011775876664,3.3841837197791893,7,0,https://netempresasatualizar.digital/,1
36,20,0,1,1,0,2,0,0,0,0,0,0,0,1,0,0,0,0,0,4.1597992243145265,3.8219280948873626,7,0,https://bradesco-atualizarpj.digital,1
30,14,1,1,0,0,3,0,0,0,0,0,0,0,1,0,0,0,0,0,3.7898980954642876,3.378783493486176,6,0,https://pjatendimentos.online/,1
36,23,1,1,0,0,3,0,0,0,0,0,0,0,1,0,0,0,0,0,3.794653473544342,3.132257608230926,3,0,https://atualizacaocadastralbia.com/,1
34,21,1,1,0,0,3,0,0,0,0,0,0,0,1,0,0,0,1,0,3.6205715771054217,3.1182751607709758,3,0,https://supporteacessoempresa.com/,1
129,16,85,2,10,0,5,0,0,0,0,0,13,0,1,0,0,0,0,1,4.886304359559954,3.327819531114783,3,0,https://allegrolokalnie.lokalna-ofeta343.sbs/oferta/Kukirin-G2-Master-Tuning-Hamulce-XOD-Carbon-Deck-Szeroka-Kierownica/390110158,1
39,14,0,2,0,0,2,0,0,0,0,0,0,0,1,0,0,0,0,1,4.109138039864114,3.3248629576173565,7,0,https://bradesco.empresaatuliza.digital,1
31,18,0,1,0,0,2,0,0,0,0,0,0,0,1,0,0,0,0,0,3.781147020819124,3.1279868068776753,4,0,https://suportenetempresas.live,1
32,20,0,1,0,0,2,0,0,0,0,0,0,0,1,0,0,0,0,0,3.750807235905091,3.484183719779189,3,0,https://atualizanetempresapj.app,1
64,7,0,3,5,0,2,0,0,0,0,0,4,0,1,0,0,0,0,2,4.500153423718116,2.5216406363433186,3,0,https://formulario-registro-gestion-2026-aklm.cr-web.workers.dev,1
74,7,10,3,5,0,3,0,0,0,0,0,4,0,1,0,0,0,0,2,4.46271848770758,2.5216406363433186,3,0,https://formulario-registro-gestion-2026-aklm.cr-web.workers.dev/servicios,1
50,7,0,3,4,0,2,0,0,0,0,0,4,0,1,0,0,0,0,2,4.4883674395583775,2.5216406363433186,3,0,https://cita-digital-apklm-2026.cr-web.workers.dev,1
60,7,10,3,4,0,3,0,0,0,0,0,4,0,1,0,0,0,0,2,4.463070754223674,2.5216406363433186,3,0,https://cita-digital-apklm-2026.cr-web.workers.dev/servicios,1
56,6,18,3,1,0,4,0,0,0,0,0,0,0,1,0,0,0,0,1,4.364605144924189,2.2516291673878226,3,0,https://verifique-agoraveja.vercel.app/inicio/index.html,1
55,6,17,3,1,0,4,0,0,0,0,0,0,0,1,0,0,0,1,1,4.398830622300882,2.2516291673878226,3,0,https://verifique-agoraveja.vercel.app/login/index.html,1
57,6,17,3,1,0,4,0,0,0,0,0,0,0,1,0,0,0,1,1,4.208269681987061,2.2516291673878226,3,0,https://acessando-agoraonline.vercel.app/login/index.html,1
54,6,17,3,2,0,4,0,0,0,0,0,0,0,1,0,0,0,1,1,4.306020262209256,2.2516291673878226,3,0,https://libera-blue-bidcap.vercel.app/login/index.html,1
58,6,18,3,1,0,4,0,0,0,0,0,0,0,1,0,0,0,0,1,4.186120875977088,2.2516291673878226,3,0,https://acessando-agoraonline.vercel.app/inicio/index.html,1
55,6,18,3,2,0,4,0,0,0,0,0,0,0,1,0,0,0,0,1,4.237835113714095,2.2516291673878226,3,0,https://libera-blue-bidcap.vercel.app/inicio/index.html,1
51,22,10,2,0,0,4,0,0,0,0,0,0,0,1,0,0,0,1,1,4.240355490213508,3.5160276412662306,3,0,https://secure.watermelonfarmersydney.com/r/ehFohqR,1
26,15,0,1,1,0,2,0,0,0,0,0,0,0,0,0,0,0,0,0,3.9790978911348054,3.1898980954642875,3,0,http://coinbase-leslie.com,1
33,6,0,2,0,0,2,0,0,0,0,0,14,0,1,0,0,0,0,1,4.104407755459851,2.2516291673878226,3,0,https://24431253615351.vercel.app,1
85,6,1,3,6,0,3,0,0,0,0,0,32,0,1,0,0,0,0,2,4.662785237256784,2.584962500721156,3,0,https://25c07164-e693-4f2d-8f0e-14e87383e3a3-00-1r1pmy2nriaea.picard.replit.dev:5000/,1
41,13,0,2,1,0,2,0,0,0,0,0,11,0,0,0,0,0,0,1,4.521828528850025,3.180832987205441,4,0,http://allegrolokainie.8549431021-g4.shop,1
43,13,1,2,1,0,3,0,0,0,0,0,11,0,1,0,0,0,0,1,4.518833359152008,3.180832987205441,4,0,https://allegrolokainie.8549431021-g4.shop/,1
189,9,1,2,0,4,3,0,1,4,3,0,21,0,1,0,0,0,0,1,5.538976507679623,2.5032583347756456,4,0,https://patagonia.fiinanzas.blog/?gad_source=1&amp;gad_campaignid=23838220994&amp;gbraid=0AAAABDosk6NxWpNd0UXnGqz_hDMO2PF5o&amp;gclid=EAIaIQobChMIrdL00PvFlAMVETtECB2vXhM8EAMYAiAAEgJNaPD_BwE,1
50,16,14,3,0,0,4,0,0,0,0,0,0,0,1,0,0,0,1,1,4.161076880026372,3.0306390622295662,2,0,https://galicias.serviciosdetodos.es/NEW/login.php,1
33,20,1,1,1,0,3,0,0,0,0,0,0,0,1,0,0,0,0,0,3.824252831282987,3.1464393446710157,3,0,https://parama-ekspresskargo.com/,1
63,7,1,2,0,0,3,0,1,2,1,0,0,0,1,0,0,0,1,1,4.682853335854921,2.5216406363433186,2,0,https://belloutverify.webflow.io/?Email=gvggyjgyj&amp;Pass=uhuh,1
86,19,10,2,1,0,4,0,1,1,0,0,29,0,1,0,0,0,0,1,5.052555853685614,3.536886723742168,4,0,https://allegro.smart-0439238329012.bond/lokalnie/?id=5a2j3w0t0x4r7u6d9k7s7q2n5w9d1v5c,1
84,19,9,2,1,0,3,0,1,1,0,0,29,0,0,0,0,0,0,1,5.057329738404741,3.536886723742168,4,0,http://allegro.smart-0439238329012.bond/lokalnie?id=5a2j3w0t0x4r7u6d9k7s7q2n5w9d1v5c,1
39,6,1,2,2,0,3,0,0,0,0,0,0,0,1,0,0,0,0,1,4.141064001347103,2.584962500721156,3,0,https://io-en-leadzoirelive.wasmer.app/,1
45,9,6,2,2,0,3,0,0,0,0,0,0,0,1,0,0,0,0,1,4.207976707200401,2.94770277922009,3,0,https://get-startedbridge.wixstudio.com/en-us,1
45,9,6,2,2,0,3,0,0,0,0,0,0,0,1,0,0,0,0,1,4.207976707200401,2.94770277922009,3,0,https://get-startedbridge.wixstudio.com/us-en,1
52,9,13,2,3,0,3,0,0,0,0,0,0,0,1,0,0,0,0,1,4.1977673049215225,2.94770277922009,3,0,https://get-startedbridge.wixstudio.com/bridge-en-us,1
33,9,1,2,2,0,3,0,0,0,0,0,2,0,1,0,0,0,0,1,4.210764573772789,2.5032583347756456,4,0,https://alexandre.ca-app-50.info/,1
23,9,1,1,2,0,3,0,0,0,0,0,2,0,1,0,0,0,0,0,3.8492239123906247,2.5032583347756456,4,0,https://ca-app-50.info/,1
35,22,1,1,0,0,3,0,0,0,0,0,0,0,1,0,0,0,0,0,4.093149802473812,3.5160276412662306,3,0,https://convitedigitalonlinebr.com/,1
33,20,1,1,0,0,3,0,0,0,0,0,0,0,1,0,0,0,0,0,4.0586569977529745,3.408694969562842,3,0,https://aceitarupgradeperfil.com/,1
33,9,1,2,2,0,3,0,0,0,0,0,2,0,1,0,0,0,0,1,4.210764573772789,2.5032583347756456,4,0,https://alexandre.ca-app-92.info/,1
21,8,1,1,0,0,3,0,0,0,0,0,0,0,1,0,0,0,0,0,3.558518613048906,2.5,3,0,https://corpperu.com/,1
27,11,1,2,0,0,3,0,0,0,0,0,0,0,1,0,0,0,0,0,3.9302703722934536,3.095795255000934,6,0,https://shynegrains.com.ng/,1
50,16,20,2,0,0,4,0,0,0,0,0,0,0,1,0,0,0,0,0,3.5405038327557685,2.6084585933443494,5,0,https://receberpresentes.store/presente/inicio.php,1
22,9,1,1,0,0,3,0,0,0,0,0,0,0,1,0,0,0,0,0,3.720128777433188,2.725480556997868,3,0,https://greatcbec.com/,1
23,9,1,1,2,0,3,0,0,0,0,0,2,0,1,0,0,0,0,0,3.8492239123906247,2.5032583347756456,4,0,https://ca-app-49.info/,1
33,9,1,2,2,0,3,0,0,0,0,0,2,0,1,0,0,0,0,1,4.210764573772789,2.5032583347756456,4,0,https://alexandre.ca-app-49.info/,1
43,6,15,2,1,0,4,0,0,0,0,0,2,0,1,0,0,0,0,1,4.330464394730848,2.584962500721156,2,0,https://vishal07xi.github.io/Netflix-clone/,1
23,9,1,1,2,0,3,0,0,0,0,0,2,0,1,0,0,0,0,0,3.8492239123906247,2.5032583347756456,4,0,https://ca-app-68.info/,1
33,9,1,2,2,0,3,0,0,0,0,0,2,0,1,0,0,0,0,1,4.210764573772789,2.5032583347756456,4,0,https://alexandre.ca-app-68.info/,1
31,14,1,2,1,0,3,0,0,0,0,0,0,0,1,1,0,0,0,1,4.042433003725894,3.1820058147602137,3,0,https://www.annuler-espace.com/,1
30,1,18,1,0,0,3,0,0,0,0,0,0,0,1,0,0,0,0,0,3.8980685120588388,-0.0,2,0,https://s.id/bradescovalidacao,1
42,6,1,2,0,0,3,0,0,0,0,0,0,0,1,0,0,0,0,1,4.073648899320328,2.2516291673878226,3,0,https://banpromericabeneficios.vercel.app/,1
38,3,22,1,0,1,3,0,0,0,0,0,0,0,1,0,0,0,0,0,3.970840013101985,1.584962500721156,4,0,https://bio.site/desbloqueousuario_bhd,1
49,20,1,2,0,0,3,0,0,0,0,0,0,0,1,0,0,0,0,1,4.119113670336754,3.684183719779189,7,0,https://netempresas.atendimentoexclusivo.digital/,1
241,6,1,3,6,2,3,0,1,1,0,0,47,0,1,0,0,0,0,2,5.832687338260051,2.584962500721156,3,0,https://91d79af4-a5f2-4eb8-a059-5e77f4884b44-00-9nx9ui0mchc6.janeway.replit.dev:8000/?fbclid=IwVERDUAR5f85leHRuA2FlbQIxMQBzcnRjBmFwcF9pZAo2NjI4NTY4Mzc5AAEepOfaieqRPpjDaMe6gH7TZLjoprmEYHYJT6mAt2bL3FQWxqeTsPhY9G7IaHg_aem_ISmOYkdDrXXSoKwVKISclA,1
57,7,1,3,2,0,3,0,0,0,0,0,2,0,1,0,0,0,0,2,4.343524172242266,2.5216406363433186,3,0,https://bitter-limit-a1c1.dazesdsxcxmlcxcxcc.workers.dev/,1
36,23,1,1,2,0,3,0,0,0,0,0,0,0,1,0,0,0,0,0,3.9613201402110083,3.5013978254341027,3,0,https://cm-annulation-operation.com/,1
40,23,1,2,2,0,3,0,0,0,0,0,0,0,1,1,0,0,0,1,4.0653115322251026,3.5013978254341027,3,0,https://www.cm-annulation-operation.com/,1
87,13,9,2,2,0,3,0,1,1,0,0,27,0,0,0,0,0,0,1,4.935374352215723,3.238901256602631,4,0,http://allegro-lokalnie.923812-y04359.cyou/lokalnie?id=3t3m4t9e0l6d8y8q5z8l1j7o0j7o5f3j,1
89,13,10,2,2,0,4,0,1,1,0,0,27,0,1,0,0,0,0,1,4.965580307439342,3.238901256602631,4,0,https://allegro-lokalnie.923812-y04359.cyou/lokalnie/?id=3t3m4t9e0l6d8y8q5z8l1j7o0j7o5f3j,1
55,8,15,5,1,0,4,0,1,1,0,0,1,0,1,0,0,0,1,3,4.395199150660524,3.0,3,0,https://impots.gouv.fr.x-update.org/fr/loading.php?id=2,1
47,8,12,5,1,0,4,0,0,0,0,0,0,0,1,0,0,0,1,3,4.150883139953444,3.0,3,0,https://impots.gouv.fr.x-update.org/fr/card.php,1
39,11,0,2,1,0,2,0,0,0,0,0,5,0,1,0,0,0,0,1,4.477459270033353,3.277613436819116,3,0,https://allegrolokalnie.smart-92832.cfd,1
79,6,22,2,0,0,5,0,0,0,1,0,21,0,1,0,0,0,0,1,4.8688662363253155,2.2516291673878226,4,0,https://o111xppolbox3e7p7.mg1kqm.casa/o/nlhea/1779205313578#selectedbank2&LOADS,1
90,9,53,2,6,0,4,0,0,0,0,0,10,0,1,0,0,0,0,1,4.75496670794299,2.5032583347756456,3,0,https://allegrolokalnie.932578235.lol/oferta/Rowerek-dzieciecy-Woom-2--edycja-jubileuszowa,1
103,9,46,2,5,0,7,0,0,0,0,0,0,0,1,0,0,0,0,1,4.171152412911284,2.94770277922009,2,0,https://stationnement-antai-gouv-infractions.touratech.sk/fr/facture-electronique/dossie/fr-fr/redirect,1
43,8,23,1,0,0,5,0,0,0,0,0,6,0,1,0,0,0,0,0,4.4348882318395235,2.75,3,1,https://8937eyhe.top/ylprzghg/jniolM/l8xV3O,1
42,9,10,2,2,0,3,0,0,0,0,0,0,0,1,0,0,0,0,1,4.463280517810811,2.94770277922009,3,0,https://nav-global.wixstudio.com/bridge-en,1
44,9,5,2,1,0,3,0,0,0,0,0,0,0,1,0,0,0,0,1,4.217859107657963,2.94770277922009,3,0,https://lekdger-usdesktop.wixstudio.com/enus,1
42,7,23,1,0,0,5,0,0,0,0,0,7,0,1,0,0,0,0,0,4.538167351804303,2.8073549220576046,3,1,https://873ue64.top/ylprzghg/jniolM/l8xV3O,1
49,9,8,2,2,0,3,0,0,0,0,0,0,0,1,0,0,0,0,1,4.305751364780154,2.94770277922009,3,0,https://startedapp-lexorcdn.wixstudio.com/live-en,1
42,7,23,1,0,0,5,0,0,0,0,0,6,0,1,0,0,0,0,0,4.490548304185255,2.5216406363433186,3,1,https://83ue64e.top/ylprzghg/jniolM/l8xV3O,1
42,7,23,1,0,0,5,0,0,0,0,0,6,0,1,0,0,0,0,0,4.490548304185255,2.8073549220576046,3,1,https://83mje64.top/ylprzghg/jniolM/l8xV3O,1
43,8,23,1,0,0,5,0,0,0,0,0,5,0,1,0,0,0,0,0,4.545467010959604,3.0,3,1,https://82jwe7uy.top/ylprzghg/jniolM/l8xV3O,1
41,6,23,1,0,0,5,0,0,0,0,0,5,0,1,0,0,0,0,0,4.415376626981725,2.584962500721156,3,1,https://7wyg63.top/ylprzghg/jniolM/l8xV3O,1
42,7,23,1,0,0,5,0,0,0,0,0,4,0,1,0,0,0,0,0,4.413283720903433,2.8073549220576046,3,1,https://7wy3ter.top/ylprzghg/jniolM/l8xV3O,1
41,6,23,1,0,0,5,0,0,0,0,0,6,0,1,0,0,0,0,0,4.531349492888152,2.2516291673878226,3,0,https://7wu363.sbs/ylprzghg/jniolM/l8xV3O,1
42,7,23,1,0,0,5,0,0,0,0,0,5,0,1,0,0,0,0,0,4.520193839848029,2.8073549220576046,3,1,https://7wgye65.top/ylprzghg/jniolM/l8xV3O,1
42,7,23,1,0,0,5,0,0,0,0,0,4,0,1,0,0,0,0,0,4.651378958998671,2.5216406363433186,3,0,https://7suwhw2.cfd/ylprzghg/jniolM/l8xV3O,1
52,15,19,3,1,0,5,0,0,0,0,0,15,0,1,0,0,0,1,1,4.386234017609604,2.5492553971685,3,0,https://ip-ko.009297292839391.com/ko/pages/login.php,1
44,9,23,1,0,0,5,0,0,0,0,0,3,0,1,0,0,0,0,0,4.581495471294327,2.725480556997868,3,0,https://7rkjjergy.cfd/ylprzghg/jniolM/l8xV3O,1
43,8,23,1,0,0,5,0,0,0,0,0,5,0,1,0,0,0,0,0,4.545467010959604,2.75,3,1,https://7ewne64r.top/ylprzghg/jniolM/l8xV3O,1
43,8,23,1,0,0,5,0,0,0,0,0,4,0,1,0,0,0,0,0,4.452443755145651,2.75,3,1,https://6whvwt3e.top/ylprzghg/jniolM/l8xV3O,1
41,6,23,1,0,0,5,0,0,0,0,0,5,0,1,0,0,0,0,0,4.665734249091248,2.584962500721156,3,0,https://6ko8u4.cfd/ylprzghg/jniolM/l8xV3O,1
41,6,23,1,0,0,5,0,0,0,0,0,4,0,1,0,0,0,0,0,4.549761383184822,2.2516291673878226,3,0,https://6irjr5.cfd/ylprzghg/jniolM/l8xV3O,1
50,18,16,2,1,0,5,0,0,0,0,0,0,0,1,1,0,0,0,1,4.3970822612219775,3.7946534735443422,3,0,https://www.urbanvixenclothing.com/wp-content/DKB/,1
42,8,4,2,0,0,4,0,0,0,0,0,0,0,1,0,0,0,0,1,4.177566232096525,2.75,4,0,https://informationendkb.sviluppo.host/de/,1
38,8,13,1,0,0,4,0,1,1,0,0,2,0,1,0,0,0,0,0,4.418722908066561,2.75,3,0,https://flowcode.com/p/eUp9BHOaup?fc=0,1
41,6,23,1,0,0,5,0,0,0,0,0,5,0,1,0,0,0,0,0,4.482569005083274,1.9182958340544896,3,0,https://6eh64e.sbs/ylprzghg/jniolM/l8xV3O,1
42,7,23,1,0,0,5,0,0,0,0,0,5,0,1,0,0,0,0,0,4.377336696990887,2.2359263506290326,3,1,https://63yge6e.top/ylprzghg/jniolM/l8xV3O,1
42,7,23,1,0,0,5,0,0,0,0,0,5,0,1,0,0,0,0,0,4.442929256566208,2.5216406363433186,3,1,https://5wr53ye.top/ylprzghg/jniolM/l8xV3O,1
41,6,23,1,0,0,5,0,0,0,0,0,3,0,1,0,0,0,0,0,4.5681732734814915,2.584962500721156,3,0,https://5qfwrd.lat/ylprzghg/jniolM/l8xV3O,1
41,6,23,1,0,0,5,0,0,0,0,0,5,0,1,0,0,0,0,0,4.61695376128637,2.584962500721156,3,0,https://5okj84.cfd/ylprzghg/jniolM/l8xV3O,1
41,6,23,1,0,0,5,0,0,0,0,0,5,0,1,0,0,0,0,0,4.482569005083274,1.9182958340544896,3,0,https://5jh85j.cfd/ylprzghg/jniolM/l8xV3O,1
42,7,23,1,0,0,5,0,0,0,0,0,6,0,1,0,0,0,0,0,4.538167351804303,2.8073549220576046,3,0,https://5eyg364.sbs/ylprzghg/jniolM/l8xV3O,1
41,6,23,1,0,0,5,0,0,0,0,0,4,0,1,0,0,0,0,0,4.4641571147866035,2.584962500721156,3,1,https://4wg6ye.top/ylprzghg/jniolM/l8xV3O,1
42,7,23,1,0,0,5,0,0,0,0,0,5,0,1,0,0,0,0,0,4.520193839848029,2.8073549220576046,3,1,https://4wfg65r.top/ylprzghg/jniolM/l8xV3O,1
42,7,23,1,0,0,5,0,0,0,0,0,4,0,1,0,0,0,0,0,4.538167351804303,2.5216406363433186,3,1,https://4wfc3fe.top/ylprzghg/jniolM/l8xV3O,1
42,7,23,1,0,0,5,0,0,0,0,0,4,0,1,0,0,0,0,0,4.621733423335896,2.2359263506290326,3,0,https://4muhb4h.cfd/ylprzghg/jniolM/l8xV3O,1
43,8,23,1,0,0,5,0,0,0,0,0,7,0,1,0,0,0,0,0,4.656045790079685,2.75,3,0,https://49u8he43.cfd/ylprzghg/jniolM/l8xV3O,1
42,7,23,1,0,0,5,0,0,0,0,0,4,0,1,0,0,0,0,0,4.508521816141528,2.5216406363433186,3,0,https://43qfrdr.lat/ylprzghg/jniolM/l8xV3O,1
41,6,23,1,0,0,5,0,0,0,0,0,6,0,1,0,0,0,0,0,4.482569005083274,2.584962500721156,3,1,https://42rw53.top/ylprzghg/jniolM/l8xV3O,1
41,6,23,1,0,0,5,0,0,0,0,0,5,0,1,0,0,0,0,0,4.519392785676613,2.2516291673878226,3,0,https://42rw4e.lat/ylprzghg/jniolM/l8xV3O,1
21,8,1,1,0,0,3,0,0,0,0,0,0,0,1,0,0,0,0,0,3.7849418274376427,2.5,3,0,https://cyberaya.com/,1
44,9,23,1,0,0,5,0,0,0,0,0,5,0,1,0,0,0,0,0,4.442862165155466,2.2810361125534238,3,1,https://42ft2fete.top/ylprzghg/jniolM/l8xV3O,1
41,6,11,4,0,0,3,0,0,0,0,0,0,0,1,1,0,0,0,3,4.289882797037174,2.584962500721156,3,0,https://www.dpd.com.sxnckj.com/ksfCEoOuaa,1
42,7,23,1,0,0,5,0,0,0,0,0,7,0,1,0,0,0,0,0,4.472574792228982,2.5216406363433186,3,1,https://42g35e4.top/ylprzghg/jniolM/l8xV3O,1
48,7,1,2,4,0,3,0,0,0,0,0,2,0,1,0,0,0,0,1,4.4051876989901,2.5216406363433186,2,0,https://www-currently-sign-in-6fdb9c.webflow.io/,1
44,9,23,1,0,0,5,0,0,0,0,0,6,0,1,0,0,0,0,0,4.581495471294327,2.94770277922009,3,1,https://425erwgf2.top/ylprzghg/jniolM/l8xV3O,1
42,7,23,1,0,0,5,0,0,0,0,0,6,0,1,0,0,0,0,0,4.442929256566208,2.5216406363433186,3,1,https://3wt354e.top/ylprzghg/jniolM/l8xV3O,1
42,7,23,1,0,0,5,0,0,0,0,0,6,0,1,0,0,0,0,0,4.454601280272708,2.5216406363433186,3,1,https://3wgv365.top/ylprzghg/jniolM/l8xV3O,1
41,6,23,1,0,0,5,0,0,0,0,0,4,0,1,0,0,0,0,0,4.440243700363528,2.2516291673878226,3,0,https://3qtww5.lat/ylprzghg/jniolM/l8xV3O,1
42,7,23,1,0,0,5,0,0,0,0,0,5,0,1,0,0,0,0,0,4.5444688400540745,2.8073549220576046,3,0,https://3qtfw25.lat/ylprzghg/jniolM/l8xV3O,1
41,6,23,1,0,0,5,0,0,0,0,0,4,0,1,0,0,0,0,0,4.512937602591482,2.2516291673878226,3,0,https://3khu3g.cfd/ylprzghg/jniolM/l8xV3O,1
41,6,23,1,0,0,5,0,0,0,0,0,5,0,1,0,0,0,0,0,4.366596139176847,2.2516291673878226,3,0,https://3jih43.sbs/ylprzghg/jniolM/l8xV3O,1
42,7,23,1,0,0,5,0,0,0,0,0,5,0,1,0,0,0,0,0,4.5741143757168485,2.128085278891395,3,0,https://3iu33we.cfd/ylprzghg/jniolM/l8xV3O,1
42,7,23,1,0,0,5,0,0,0,0,0,5,0,1,0,0,0,0,0,4.472574792228982,2.2359263506290326,3,1,https://2qr24rw.top/ylprzghg/jniolM/l8xV3O,1
42,7,23,1,0,0,5,0,0,0,0,0,5,0,1,0,0,0,0,0,4.5741143757168485,2.5216406363433186,3,0,https://2koij32.cfd/ylprzghg/jniolM/l8xV3O,1
31,11,0,2,0,0,2,0,0,0,0,0,1,0,0,0,0,0,0,1,4.131300342505361,3.277613436819116,3,0,http://compr1sw.webcindario.com,1
30,14,3,1,0,0,3,0,0,0,0,0,0,0,1,0,0,0,0,0,4.01506101220307,3.378783493486176,4,0,https://canjeaefpuntos.club/gt,1
30,14,3,1,0,0,3,0,0,0,0,0,0,0,1,0,0,0,0,0,4.081727678869736,3.5216406363433186,4,0,https://canjeaizpuntos.club/gt,1
36,11,1,2,0,0,3,0,0,0,0,0,2,0,1,0,0,0,0,1,4.120635070586275,3.277613436819116,3,0,https://spport1mai1.webcindario.com/,1
41,6,23,1,0,0,5,0,0,0,0,0,5,0,1,0,0,0,0,0,4.433788517278396,2.2516291673878226,3,0,https://2ihu23.sbs/ylprzghg/jniolM/l8xV3O,1
42,7,23,1,0,0,5,0,0,0,0,0,5,0,1,0,0,0,0,0,4.395310208947159,2.5216406363433186,3,1,https://2hy6wh3.top/ylprzghg/jniolM/l8xV3O,1
41,6,23,1,0,0,5,0,0,0,0,0,6,0,1,0,0,0,0,0,4.421831810066857,2.584962500721156,3,0,https://26g3t4.lat/ylprzghg/jniolM/l8xV3O,1
32,5,0,2,0,0,2,0,0,0,0,0,5,0,0,0,0,0,0,1,4.140319531114783,2.321928094887362,3,1,http://allegrolokalnie.76820.top,1
43,8,23,1,0,0,5,0,0,0,0,0,5,0,1,0,0,0,0,0,4.479077406953247,2.5,3,1,https://1tff52tw.top/ylprzghg/jniolM/l8xV3O,1
42,7,23,1,0,0,5,0,0,0,0,0,6,0,1,0,0,0,0,0,4.58578639942335,2.2359263506290326,3,0,https://1td25d2.cfd/ylprzghg/jniolM/l8xV3O,1
42,7,23,1,0,0,5,0,0,0,0,0,5,0,1,0,0,0,0,0,4.651378958998671,2.8073549220576046,3,0,https://1rdq5f2.sbs/ylprzghg/jniolM/l8xV3O,1
40,5,23,1,0,0,5,0,0,0,0,0,3,0,1,0,0,0,0,0,4.456198332810096,2.321928094887362,3,1,https://1gcqw.top/ylprzghg/jniolM/l8xV3O,1
22,4,7,1,0,0,3,0,0,0,0,0,1,0,1,0,0,0,0,0,3.970573095811685,2.0,2,0,https://qrco.de/bgoa8d,1
44,9,23,1,0,0,5,0,0,0,0,0,5,0,1,0,0,0,0,0,4.442862165155466,2.725480556997868,3,1,https://1fr2t2twy.top/ylprzghg/jniolM/l8xV3O,1
41,6,23,1,0,0,5,0,0,0,0,0,5,0,1,0,0,0,0,0,4.482569005083274,2.584962500721156,3,1,https://0wu53r.top/ylprzghg/jniolM/l8xV3O,1
25,5,3,2,0,0,3,0,0,0,0,0,0,0,1,0,0,0,0,1,3.6732696895151085,2.321928094887362,3,0,https://tigo.miuho.com/sv,1
41,6,23,1,0,0,5,0,0,0,0,0,4,0,1,0,0,0,0,0,4.531349492888152,2.584962500721156,3,1,https://0wuy6e.top/ylprzghg/jniolM/l8xV3O,1
42,7,23,1,0,0,5,0,0,0,0,0,4,0,1,0,0,0,0,0,4.538167351804303,2.8073549220576046,3,1,https://0wkie7y.top/ylprzghg/jniolM/l8xV3O,1
42,7,23,1,0,0,5,0,0,0,0,0,4,0,1,0,0,0,0,0,4.538167351804303,2.5216406363433186,3,1,https://0wkuur7.top/ylprzghg/jniolM/l8xV3O,1
43,8,23,1,0,0,5,0,0,0,0,0,6,0,1,0,0,0,0,0,4.591978638866581,3.0,3,1,https://0wk347ye.top/ylprzghg/jniolM/l8xV3O,1
41,6,23,1,0,0,5,0,0,0,0,0,5,0,1,0,0,0,0,0,4.482569005083274,2.2516291673878226,3,1,https://0ej64e.top/ylprzghg/jniolM/l8xV3O,1
35,9,1,2,2,0,3,0,0,0,0,0,1,0,1,0,0,0,1,1,4.2290037311070545,3.169925001442312,3,0,https://webmail-free.clients-2.com/,1
43,8,23,1,0,0,5,0,0,0,0,0,5,0,1,0,0,0,0,0,4.469999278451779,3.0,3,1,https://0el4i8ru.top/ylprzghg/jniolM/l8xV3O,1
41,6,23,1,0,0,5,0,0,0,0,0,5,0,1,0,0,0,0,0,4.531349492888152,2.584962500721156,3,1,https://0ek47r.top/ylprzghg/jniolM/l8xV3O,1
42,7,23,1,0,0,5,0,0,0,0,0,5,0,1,0,0,0,0,0,4.395310208947159,2.5216406363433186,3,1,https://06egte3.top/ylprzghg/jniolM/l8xV3O,1
42,7,23,1,0,0,5,0,0,0,0,0,5,0,1,0,0,0,0,0,4.58578639942335,2.8073549220576046,3,1,https://02juw6e.top/ylprzghg/jniolM/l8xV3O,1
38,13,13,2,1,0,4,0,0,0,0,0,0,0,1,0,0,0,0,0,3.839775539645508,3.238901256602631,3,0,https://myshop-points.fun/ms/home.html,1
40,13,13,2,1,0,4,0,0,0,0,0,0,0,1,0,0,0,0,0,3.772573883611435,3.238901256602631,5,0,https://myshop-points.boats/ms/home.html,1
41,13,13,2,1,0,4,0,0,0,0,0,0,0,1,0,0,0,0,0,3.788315506383026,3.238901256602631,6,0,https://myshop-points.yachts/ms/home.html,1
42,7,23,1,0,0,5,0,0,0,0,0,6,0,1,0,0,0,0,0,4.508521816141528,2.8073549220576046,3,1,https://7426xpk.top/ylprzghg/jniolM/l8xV3O,1
42,7,23,1,0,0,5,0,0,0,0,0,6,0,1,0,0,0,0,0,4.538167351804303,2.8073549220576046,3,1,https://5801vqn.top/ylprzghg/jniolM/l8xV3O,1
42,7,23,1,0,0,5,0,0,0,0,0,6,0,1,0,0,0,0,0,4.508521816141528,2.8073549220576046,3,1,https://5301mwt.top/ylprzghg/jniolM/l8xV3O,1
19,7,1,1,0,0,3,0,0,0,0,0,0,0,1,0,0,0,0,0,3.576617644908666,2.5216406363433186,2,0,https://monease.cc/,1
42,7,23,1,0,0,5,0,0,0,0,0,6,0,1,0,0,0,0,0,4.490548304185255,2.8073549220576046,3,1,https://9182xra.top/ylprzghg/jniolM/l8xV3O,1
42,7,23,1,0,0,5,0,0,0,0,0,6,0,1,0,0,0,0,0,4.490548304185255,2.8073549220576046,3,1,https://7934xwn.top/ylprzghg/jniolM/l8xV3O,1
25,12,1,1,0,0,3,0,0,0,0,0,0,0,1,0,0,0,0,0,3.6692750707107136,3.084962500721156,3,0,https://cryptovortex.net/,1
42,7,23,1,0,0,5,0,0,0,0,0,6,0,1,0,0,0,0,0,4.442929256566208,2.8073549220576046,3,1,https://8203zkn.top/ylprzghg/jniolM/l8xV3O,1
42,7,23,1,0,0,5,0,0,0,0,0,6,0,1,0,0,0,0,0,4.58578639942335,2.8073549220576046,3,1,https://5746xqa.top/ylprzghg/jniolM/l8xV3O,1
42,7,23,1,0,0,5,0,0,0,0,0,6,0,1,0,0,0,0,0,4.538167351804303,2.8073549220576046,3,1,https://9176xra.top/ylprzghg/jniolM/l8xV3O,1
26,5,0,2,1,0,2,0,0,0,0,0,1,0,0,0,0,0,0,1,4.13294404498096,2.321928094887362,3,0,http://pimco-du2.pages.dev,1
28,5,1,2,1,0,3,0,0,0,0,0,1,0,1,0,0,0,0,1,4.110577243331642,2.321928094887362,3,0,https://pimco-du2.pages.dev/,1
37,6,1,2,2,0,3,0,0,0,0,0,0,0,1,0,0,0,0,1,3.992708770800467,2.2516291673878226,3,0,https://crediitmutueel-fr.s-host.net/,1
41,6,1,3,2,0,3,0,0,0,0,0,0,0,1,1,0,0,0,2,4.076348955520991,2.2516291673878226,3,0,https://www.crediitmutueel-fr.s-host.net/,1
42,6,1,3,2,0,3,0,0,0,0,0,0,0,1,0,0,0,0,2,4.094000160564931,2.2516291673878226,3,0,https://mail.crediitmutueel-fr.s-host.net/,1
43,8,23,1,0,0,5,0,0,0,0,0,10,0,1,0,0,0,0,0,4.673601313385812,3.0,3,1,https://59071284.xyz/ylprzghg/jniolM/l8xV3O,1
25,12,1,1,1,0,3,0,0,0,0,0,0,0,1,0,0,0,0,0,3.7034651896016473,3.4182958340544896,3,0,https://top-exchange.net/,1
43,8,23,1,0,0,5,0,0,0,0,0,10,0,1,0,0,0,0,0,4.627089685478835,3.0,3,1,https://64812973.xyz/ylprzghg/jniolM/l8xV3O,1
42,7,23,1,0,0,5,0,0,0,0,0,6,0,1,0,0,0,0,0,4.508521816141528,2.8073549220576046,3,1,https://6951xpk.top/ylprzghg/jniolM/l8xV3O,1
23,10,1,1,0,0,3,0,0,0,0,0,0,0,1,0,0,0,0,0,3.588354347173233,2.8464393446710154,3,0,https://eexchanger.net/,1
42,7,23,1,0,0,5,0,0,0,0,0,6,0,1,0,0,0,0,0,4.490548304185255,2.8073549220576046,3,1,https://8470zra.top/ylprzghg/jniolM/l8xV3O,1
43,8,23,1,0,0,5,0,0,0,0,0,10,0,1,0,0,0,0,0,4.627089685478835,3.0,3,1,https://70158364.xyz/ylprzghg/jniolM/l8xV3O,1
42,7,23,1,0,0,5,0,0,0,0,0,6,0,1,0,0,0,0,0,4.538167351804303,2.8073549220576046,3,1,https://7685mqx.top/ylprzghg/jniolM/l8xV3O,1
32,10,0,2,1,0,2,0,0,0,0,0,6,0,1,0,0,0,0,1,4.351409765557392,2.8464393446710154,3,0,https://bt-105274.weeblysite.com,1
20,7,1,1,0,0,3,0,0,0,0,0,0,0,1,0,0,0,0,0,3.746439344671016,2.5216406363433186,3,0,https://maxises.cfd/,1
22,10,1,1,0,0,3,0,0,0,0,0,0,0,1,0,0,0,0,0,3.7544418457133455,2.6464393446710157,2,0,https://avanchange.io/,1
27,7,8,1,0,0,3,0,0,0,0,0,0,0,1,0,0,0,0,0,3.8100810205217304,2.5216406363433186,3,0,https://maxises.cfd/mymaxis,1
29,9,1,2,1,0,3,0,0,0,0,0,1,0,1,0,0,0,0,1,3.995237891380887,2.94770277922009,3,0,https://bkom-2.jimdosite.com/,1
20,7,1,1,0,0,3,0,0,0,0,0,0,0,1,0,0,0,0,0,3.784183719779189,2.5216406363433186,3,0,https://changee.biz/,1
53,7,1,2,4,0,3,0,0,0,0,0,5,0,1,0,0,0,0,1,4.364923644043812,2.5216406363433186,2,0,https://www-att-bellsouth-verifier-810c55.webflow.io/,1
34,6,1,2,1,0,3,0,0,0,0,0,0,0,1,0,0,0,0,1,3.822181958642873,2.2516291673878226,3,0,https://creeditrnutuel.s-host.net/,1
39,6,1,3,1,0,3,0,0,0,0,0,0,0,1,0,0,0,0,2,4.009134590379753,2.2516291673878226,3,0,https://mail.creeditrnutuel.s-host.net/,1
120,2,18,3,1,0,3,0,0,1,1,0,26,0,1,0,0,0,0,1,5.484037892095641,1.0,3,0,https://pub-438c14b363cc46a89d2220ab8fbe9c7b.r2.dev/sharepointPg.html#WjNKNlpXZHZjbm91YzNwMVltRkFjR3R2WW5BdWNHdz0=&excel,1
38,6,1,3,1,0,3,0,0,0,0,0,0,0,1,1,0,0,0,2,3.918208434154617,2.2516291673878226,3,0,https://www.creeditrnutuel.s-host.net/,1
23,11,1,1,0,0,3,0,0,0,0,0,0,0,1,0,0,0,0,0,3.5555331514269954,2.9139770731827523,2,0,https://cryptoroyal.cc/,1
22,9,1,1,0,0,3,0,0,0,0,0,0,0,1,0,0,0,0,0,3.8796640049025943,3.169925001442312,3,0,https://wmchanger.org/,1
204,9,57,2,7,5,4,0,1,5,4,4,8,0,1,0,0,0,0,1,4.666979733190821,2.94770277922009,3,0,https://app-mercadollivre.myshopify.com/products/micro-ondas-electrolux-inox-23l-efficient-me23s?utm_source=organic&amp;amp%3Butm_campaign=&amp;amp%3Butm_medium=&amp;amp%3Butm_content=&amp;amp%3Butm_term=,1
21,8,1,1,0,0,3,0,0,0,0,0,3,0,1,0,0,0,0,0,3.5225715891363603,2.4056390622295662,3,0,https://111obmen.net/,1
42,14,0,2,0,0,2,0,0,0,0,0,8,0,0,0,0,0,0,1,4.386015934528989,3.6644977792004614,4,0,http://allegrolokalnie.oferta30582594.shop,1
353,8,9,4,8,1,4,0,1,1,0,0,64,0,1,0,0,0,1,2,5.885783863720504,2.75,3,0,https://u45900305.ct.sendgrid.net/ls/click?upn=u001.enSIdwJB7UDup5RLgKU2-2BPGQ0wwRetC7rIw5n3Fgm6wKVYnjnwn5iRpbYjvTQP8Md92X_3ErjSJWdslHeuQ-2FXxvSILhH61VcAnNBam4STv9CAkSA0srmyAtXINI4nam736lTfPiL99HwuDRPcyikQ9ugzxeJuCvCY57j9wGSofBp4PgfB5l5IYe0UYxaOVeFuFPH7aB9vvbglruTKA-2BIDt1tuDYNOFw-2BUnnhaiSVUZL-2F38qRlSB78B2dHN5irYeGKTU-2B9dxI2ycfRM9APZKjEPHb4ug-3D-3D,1
27,7,9,2,0,0,3,0,0,0,0,0,0,0,1,0,0,0,0,0,3.7504647066537,2.8073549220576046,2,0,https://recanto.pt/pri.html,1
27,14,1,1,1,0,3,0,0,0,0,0,0,0,1,0,0,0,0,0,3.986187965046303,3.5216406363433186,3,0,https://detection-ulys.com/,1
40,6,6,2,1,0,3,0,0,0,0,0,0,0,1,0,0,0,0,1,3.7373261452560085,2.584962500721156,3,0,https://help-ledgerstrp.zapier.app/start,1
48,9,9,2,2,0,3,0,0,0,0,0,0,0,0,0,0,0,0,1,4.263589126445728,2.94770277922009,3,0,http://navstarts-ledgrcdn.wixstudio.com/en-start,1
53,9,9,2,2,0,3,0,0,0,0,0,3,0,1,0,0,0,0,1,4.387626823626268,2.94770277922009,3,0,https://navstarts-ledgrcdn.wixstudio.com:443/en-start,1
45,9,6,2,2,0,3,0,0,0,0,0,0,0,0,0,0,0,0,1,4.3390908078646255,2.94770277922009,3,0,http://navstarts-ledgrcdn.wixstudio.com/en-us,1
50,9,6,2,2,0,3,0,0,0,0,0,3,0,1,0,0,0,0,1,4.454177320667444,2.94770277922009,3,0,https://navstarts-ledgrcdn.wixstudio.com:443/en-us,1
47,9,11,2,2,0,3,0,0,0,0,0,0,0,1,0,0,0,0,1,4.246419841989041,2.94770277922009,3,0,https://ledgerlive-sso.wixstudio.com/en-desktop,1
51,9,5,2,1,0,3,0,0,0,0,0,3,0,1,0,0,0,0,1,4.452056107510172,2.94770277922009,3,0,https://startlive-ledggrapps.wixstudio.com:443/enus,1
24,11,1,1,2,0,3,0,0,0,0,0,0,0,1,0,0,0,0,0,3.720175521464345,3.277613436819116,3,0,https://strl-x-chng.net/,1
50,9,9,2,2,0,3,0,0,0,0,0,0,0,0,0,0,0,0,1,4.280240000427044,2.94770277922009,3,0,http://startlive-ledggrapps.wixstudio.com/en-start,1
55,9,9,2,2,0,3,0,0,0,0,0,3,0,1,0,0,0,0,1,4.4033515327642805,2.94770277922009,3,0,https://startlive-ledggrapps.wixstudio.com:443/en-start,1
46,9,6,2,2,0,3,0,0,0,0,0,0,0,1,0,0,0,0,1,4.3173892722447516,2.94770277922009,3,0,https://navstarts-ledgrcdn.wixstudio.com/us-en,1
47,9,6,2,2,0,3,0,0,0,0,0,0,0,0,0,0,0,0,1,4.280667511657909,2.94770277922009,3,0,http://startedapps-ledgrcdn.wixstudio.com/us-en,1
46,9,6,2,2,0,3,0,0,0,0,0,0,0,0,0,0,0,0,1,4.205536075989825,2.94770277922009,3,0,http://startscom-ledzersso.wixstudio.com/en-us,1
51,9,6,2,2,0,3,0,0,0,0,0,3,0,1,0,0,0,0,1,4.323976323674104,2.94770277922009,3,0,https://startscom-ledzersso.wixstudio.com:443/en-us,1
48,9,6,2,2,0,3,0,0,0,0,0,3,0,1,0,0,0,0,1,4.332067386399956,2.94770277922009,3,0,https://started-ledgrsso.wixstudio.com:443/en-us,1
43,9,6,2,2,0,3,0,0,0,0,0,0,0,0,0,0,0,0,1,4.211408220806109,2.94770277922009,3,0,http://started-ledgrsso.wixstudio.com/en-us,1
47,9,6,2,2,0,3,0,0,0,0,0,0,0,0,0,0,0,0,1,4.349712458420389,2.94770277922009,3,0,http://startlive-ledggrapps.wixstudio.com/us-en,1
52,9,6,2,2,0,3,0,0,0,0,0,3,0,1,0,0,0,0,1,4.465077584342486,2.94770277922009,3,0,https://startlive-ledggrapps.wixstudio.com:443/us-en,1
48,9,6,2,2,0,3,0,0,0,0,0,3,0,1,0,0,0,0,1,4.332067386399956,2.94770277922009,3,0,https://started-ledgrsso.wixstudio.com:443/us-en,1
43,9,6,2,2,0,3,0,0,0,0,0,0,0,0,0,0,0,0,1,4.211408220806109,2.94770277922009,3,0,http://started-ledgrsso.wixstudio.com/us-en,1
46,9,6,2,1,0,3,0,0,0,0,0,0,0,0,0,0,0,0,1,4.074191641642728,2.94770277922009,3,0,http://startscom-ledzersso.wixstudio.com/start,1
51,9,6,2,1,0,3,0,0,0,0,0,3,0,1,0,0,0,0,1,4.205508794655154,2.94770277922009,3,0,https://startscom-ledzersso.wixstudio.com:443/start,1
46,9,6,2,2,0,3,0,0,0,0,0,0,0,0,0,0,0,0,1,4.33597085859852,2.94770277922009,3,0,http://appsstart-ledgrlive.wixstudio.com/en-us,1
43,9,6,2,1,0,3,0,0,0,0,0,0,0,0,0,0,0,0,1,4.070900221272007,2.94770277922009,3,0,http://started-ledgrsso.wixstudio.com/start,1
48,9,6,2,1,0,3,0,0,0,0,0,3,0,1,0,0,0,0,1,4.206195636817323,2.94770277922009,3,0,https://started-ledgrsso.wixstudio.com:443/start,1
47,9,6,2,2,0,3,0,0,0,0,0,0,0,0,0,0,0,0,1,4.280667511657909,2.94770277922009,3,0,http://startedapps-ledgrcdn.wixstudio.com/en-us,1
44,9,5,2,1,0,3,0,0,0,0,0,0,0,0,0,0,0,0,1,4.198432903742661,2.94770277922009,3,0,http://started-liveldgree.wixstudio.com/live,1
49,9,5,2,1,0,3,0,0,0,0,0,3,0,1,0,0,0,0,1,4.344529620492199,2.94770277922009,3,0,https://started-liveldgree.wixstudio.com:443/live,1
48,9,9,2,2,0,3,0,0,0,0,0,0,0,1,0,0,0,0,1,4.172661460266555,2.94770277922009,3,0,https://ldgreapps-started.wixstudio.com/start-en,1
45,9,6,2,2,0,3,0,0,0,0,0,0,0,0,0,0,0,0,1,4.157650873722837,2.94770277922009,3,0,http://start-trezerioapps.wixstudio.com/en-us,1
50,9,6,2,2,0,3,0,0,0,0,0,3,0,1,0,0,0,0,1,4.290881379939833,2.94770277922009,3,0,https://start-trezerioapps.wixstudio.com:443/en-us,1
47,9,6,2,2,0,3,0,0,0,0,0,0,0,1,0,0,0,0,1,4.104823628541092,2.94770277922009,3,0,https://startedio-trxorapps.wixstudio.com/en-us,1
45,9,6,2,2,0,3,0,0,0,0,0,0,0,0,0,0,0,0,1,4.157650873722837,2.94770277922009,3,0,http://start-trezerioapps.wixstudio.com/us-en,1
50,9,6,2,2,0,3,0,0,0,0,0,3,0,1,0,0,0,0,1,4.290881379939833,2.94770277922009,3,0,https://start-trezerioapps.wixstudio.com:443/us-en,1
50,9,9,2,2,0,3,0,0,0,0,0,0,0,1,0,0,0,0,1,4.031272380112911,2.94770277922009,3,0,https://startedio-trxorapps.wixstudio.com/en-start,1
49,9,9,2,2,0,3,0,0,0,0,0,0,0,1,0,0,0,0,1,4.060853405596482,2.94770277922009,3,0,https://start-trezerioapps.wixstudio.com/en-start,1
47,9,6,2,2,0,3,0,0,0,0,0,0,0,1,0,0,0,0,1,4.104823628541092,2.94770277922009,3,0,https://startedio-trxorapps.wixstudio.com/us-en,1
23,11,1,1,0,0,3,0,0,0,0,0,0,0,1,0,0,0,0,0,3.795088586397732,3.095795255000934,2,0,https://coincraddle.cc/,1
46,9,6,2,3,0,3,0,0,0,0,0,0,0,1,0,0,0,0,1,4.093682879734897,2.94770277922009,3,0,https://iostart-app-trexio.wixstudio.com/us-en,1
41,9,6,2,2,0,3,0,0,0,0,0,0,0,0,0,0,0,0,1,4.122693700152458,2.94770277922009,3,0,http://homestarted-io.wixstudio.com/en-us,1
44,9,5,2,1,0,3,0,0,0,0,0,0,0,1,0,0,0,0,1,4.026805199554175,2.94770277922009,3,0,https://starttrezur-suits.wixstudio.com/home,1
46,9,5,2,1,0,3,0,0,0,0,0,3,0,1,0,0,0,0,1,4.224117662343593,2.94770277922009,3,0,https://startstrezur-io.wixstudio.com:443/home,1
41,9,5,2,1,0,3,0,0,0,0,0,0,0,0,0,0,0,0,1,4.076348955520991,2.94770277922009,3,0,http://startstrezur-io.wixstudio.com/home,1
44,9,7,2,2,0,3,0,0,0,0,0,0,0,1,0,0,0,0,1,4.138091493923261,2.94770277922009,3,0,https://trezurstart-app.wixstudio.com/app-en,1
23,10,1,1,0,0,3,0,0,0,0,0,0,0,1,0,0,0,0,0,3.7622673906514943,3.3219280948873626,3,0,https://flashobmen.net/,1
89,25,36,2,8,0,4,0,0,0,0,0,8,0,1,0,0,0,0,1,4.657259298979532,3.7834651896016473,3,0,https://allegrolokalnie.okazje-na-lato-2026-o45gk.sbs/oferta/Garaz-blaszany-3x5-Na-Budowe,1
49,30,0,2,3,0,2,0,0,0,0,0,8,0,0,0,0,0,0,1,4.395350538771241,3.964735178725505,3,0,http://allegro.ogloszenie-19215169-dla-ciebie.lat,1
40,6,6,2,0,0,3,0,0,0,0,0,0,0,1,0,0,0,1,1,3.9873261452560085,2.584962500721156,3,0,https://startguidetrezo.zapier.app/login,1
39,6,9,2,0,0,3,0,0,0,0,0,0,0,1,0,0,0,0,1,3.945945014823082,2.584962500721156,3,0,https://trezbridgen.zapier.app/homepage,1
40,6,6,2,1,0,3,0,0,0,0,0,0,0,1,0,0,0,0,1,3.9561983328100956,2.584962500721156,3,0,https://traezore-bridge.zapier.app/guide,1
20,7,1,1,0,0,3,0,0,0,0,0,0,0,1,0,0,0,0,0,3.8841837197791893,2.8073549220576046,3,0,https://yaobmen.org/,1
18,6,1,1,0,0,3,0,0,0,0,0,0,0,1,0,0,0,0,0,3.57243125132212,2.584962500721156,2,0,https://progas.ec/,1
24,11,1,1,1,0,3,0,0,0,0,0,0,0,1,0,0,0,0,0,3.542481250360578,2.8453509366224368,3,0,https://papa-change.net/,1
22,9,1,1,0,0,3,0,0,0,0,0,0,0,1,0,0,0,0,0,3.7887549139935035,2.94770277922009,3,0,https://wisencode.com/,1
28,11,1,2,1,0,3,0,0,0,0,0,0,0,1,1,0,0,0,1,3.7264741182543752,3.277613436819116,3,0,https://www.best-change.net/,1
22,8,0,2,0,0,2,0,0,0,0,0,0,0,1,0,0,0,0,0,3.7887549139935035,2.75,5,0,https://techyguy.co.bw,1
22,9,1,1,0,0,3,0,0,0,0,0,0,0,1,0,0,0,0,0,3.8453509366224363,2.6416041678685938,3,0,https://dasainfra.com/,1
21,9,0,1,0,0,2,0,0,0,0,0,0,0,1,0,0,0,0,0,3.8208888513501886,2.94770277922009,3,0,https://wisencode.com,1
23,11,0,1,0,0,2,0,0,0,0,0,0,0,1,0,0,0,0,0,3.740953260404839,3.095795255000934,3,0,https://matkahuoltn.com,1
28,7,0,2,0,0,2,0,0,0,0,0,0,0,0,0,0,0,0,1,3.8962915290459277,2.8073549220576046,3,0,http://arabbankg.netlify.app,1
30,7,1,2,0,0,3,0,0,0,0,0,0,0,1,0,0,0,0,1,3.964735178725505,2.8073549220576046,3,0,https://arabbankg.netlify.app/,1
23,9,1,1,2,0,3,0,0,0,0,0,2,0,1,0,0,0,0,0,3.8492239123906247,2.5032583347756456,4,0,https://ca-app-63.info/,1
31,9,1,2,2,0,3,0,0,0,0,0,2,0,1,0,0,0,0,1,4.17146526179041,2.5032583347756456,4,0,https://leonard.ca-app-63.info/,1
30,9,1,2,2,0,3,0,0,0,0,0,2,0,1,0,0,0,0,1,3.8817276788697366,2.5032583347756456,4,0,https://pascal.ca-app-63.info/,1
33,9,1,2,2,0,3,0,0,0,0,0,2,0,1,0,0,0,0,1,4.210764573772789,2.5032583347756456,4,0,https://alexandre.ca-app-63.info/,1
27,4,1,2,0,0,3,0,0,0,0,0,0,0,1,0,0,0,0,1,3.8100810205217304,2.0,4,0,https://agricole.bolt.host/,1
37,4,11,3,0,0,3,0,0,0,0,0,0,0,1,0,0,0,0,1,4.090964771432891,2.0,4,0,https://agricole.bolt.host/index.html,1
42,9,6,2,2,0,3,0,0,0,0,0,0,0,1,0,0,0,0,1,4.234479554133744,2.94770277922009,3,0,https://ledgrestart-io.wixstudio.com/en-us,1
131,26,76,2,12,0,4,0,0,0,0,0,6,0,1,0,0,0,0,1,4.532704159155874,3.9021748142117283,3,0,https://allegrolokalnie.okazje-na-lato-2026-45gkgr.sbs/oferta/Gietarka-Walcarka-elektryczna-z-silnikiem-do-profili-rur-plaskownika#,1
37,3,9,3,0,0,3,0,0,0,0,0,2,0,1,0,0,0,0,1,4.087567554701195,1.584962500721156,3,0,https://exceldc01net.web.app/pdf.html,1
28,3,0,2,0,0,2,0,0,0,0,0,2,0,1,0,0,0,0,1,3.9677201004744993,1.584962500721156,3,0,https://exceldc01net.web.app,1
53,8,1,2,0,0,3,0,1,1,0,0,28,0,1,0,0,0,0,1,4.291336200083622,2.75,3,0,https://623458177244768273454332245.blogspot.com/?m=1,1
49,8,1,2,0,0,3,0,0,0,0,0,27,0,1,0,0,0,0,1,4.142486058657706,2.75,3,0,https://623458177244768273454332245.blogspot.com/,1
28,13,0,1,1,0,2,0,0,0,0,0,0,0,1,0,0,0,0,0,3.6820058147602137,3.238901256602631,6,0,https://points-myshop.yachts,1
69,13,18,3,2,0,5,0,0,0,0,0,14,0,1,0,0,0,0,1,4.593981073241678,3.238901256602631,3,0,https://wordpress-1626849-6427663.cloudwaysapps.com/asze/auth/log.php,1
47,8,1,2,0,0,3,0,0,0,0,0,23,0,1,0,0,0,0,1,4.14436172534798,2.75,3,0,https://5454232435687fa3456422424.blogspot.com/,1
51,8,1,2,0,0,3,0,1,1,0,0,24,0,1,0,0,0,0,1,4.333588578491223,2.75,3,0,https://5454232435687fa3456422424.blogspot.com/?m=1,1
32,11,9,1,0,0,4,0,0,0,0,0,0,0,1,0,0,0,0,0,3.9056390622295662,3.095795255000934,3,0,https://matkahuoink.vip/mymaxis/,1
32,11,5,2,1,0,4,0,0,0,0,0,0,0,1,1,0,0,0,1,3.7806390622295662,3.095795255000934,3,1,https://www.pcn-noticrg.top/com/,1
44,7,1,3,1,0,3,0,0,0,0,0,4,0,1,0,0,0,0,2,4.362507470762515,2.5216406363433186,3,0,https://ldgrsafkh87f.sameera-45.workers.dev/,1
31,18,1,1,0,0,3,0,0,0,0,0,8,0,1,0,0,0,0,0,3.913400745661378,2.974937501201927,3,0,https://x13kkaskckl123x123.cfd/,1
59,9,35,3,2,0,5,0,0,0,0,0,9,0,1,0,0,0,0,1,4.405771389874261,2.94770277922009,3,0,https://ev.filmyasan.com/pge-pl927910710/pages/step-one.php,1
44,6,1,2,2,0,3,0,0,0,0,0,6,0,1,0,0,0,0,1,4.191830766118722,2.2516291673878226,3,0,https://satisfied-project-666760.framer.app/,1
35,7,1,2,1,0,3,0,0,0,0,0,4,0,1,0,0,0,0,1,4.2430101595548555,2.5216406363433186,2,0,https://bellsite-d3c796.webflow.io/,1
38,19,1,2,2,0,3,0,0,0,0,0,0,0,1,0,0,0,0,1,3.8592196204655074,3.5110854081804277,3,0,https://tettt.busines-help-center.com/,1
54,6,1,2,0,0,3,0,1,1,1,0,2,0,1,0,0,0,1,1,4.706198789513642,2.584962500721156,3,0,https://login.jzsbtw.com/?1ofwa3RREJlm&amp;type=paypay,1
54,6,1,2,0,0,3,0,1,1,1,0,2,0,1,0,0,0,1,1,4.817309900624752,2.584962500721156,3,0,https://login.jzsbtw.com/?O3xObE2RNVsw&amp;type=paypay,1
54,6,1,2,0,0,3,0,1,1,1,0,0,0,1,0,0,0,1,1,4.6673123919190145,2.584962500721156,3,0,https://login.jzsbtw.com/?MWctuWkkAjab&amp;type=paypay,1
38,19,7,1,2,0,3,0,0,0,0,0,0,0,1,0,0,0,1,0,4.293594289588575,3.576617644908666,3,0,https://bper-login-servizio.com/random,1
32,19,1,1,2,0,3,0,0,0,0,0,0,0,1,0,0,0,1,0,4.179229296672175,3.576617644908666,3,0,https://bper-login-servizio.com/,1
35,19,4,1,2,0,4,0,0,0,0,0,0,0,1,0,0,0,1,0,4.11471801682134,3.576617644908666,3,0,https://bper-login-servizio.com/it/,1
34,19,3,1,2,0,3,0,0,0,0,0,0,0,1,0,0,0,1,0,4.13850217929474,3.576617644908666,3,0,https://bper-login-servizio.com/it,1
37,10,8,3,0,0,5,0,0,0,0,0,0,0,1,0,0,0,0,2,4.077715447225512,3.3219280948873626,2,0,https://nks.otw.mybluehost.me/DM/box/,1
39,6,13,2,0,0,3,0,0,0,0,0,4,0,0,0,0,0,0,1,4.2849009365890725,2.584962500721156,2,0,http://oscar5111.github.io/Pancakeswaps,1
41,6,14,2,0,0,4,0,0,0,0,0,4,0,1,0,0,0,0,1,4.247557492317426,2.584962500721156,2,0,https://oscar5111.github.io/Pancakeswaps/,1
70,7,13,6,0,0,3,0,0,0,0,0,2,0,1,0,0,0,0,4,4.292921053459477,2.5216406363433186,3,0,https://servicioallianzadelvalle.z13.web.core.windows.net/persona.html,1
34,6,1,2,0,0,3,0,0,0,0,0,0,0,1,0,0,0,0,1,3.713078842626794,2.2516291673878226,3,0,https://bggfccthhcttch.vercel.app/,1
29,4,1,2,0,0,3,0,0,0,0,0,2,0,1,0,0,0,0,1,4.090234012145144,2.0,2,0,https://jurggfsoye97.hstn.me/,1
36,4,1,2,1,0,3,0,0,0,0,0,6,0,1,0,0,0,1,1,4.065079515030719,1.5,2,0,https://acces0-p1nchnha2026.free.nf/,1
108,5,34,4,3,0,5,0,1,1,0,0,57,0,1,0,0,0,0,1,4.601567077049309,2.321928094887362,3,0,https://bra2-p0tns-202-62.dynv6.net/B8420266/755498457442026/home.php?hash=15576292736a0b87ee83b807.12714265,1
51,7,1,2,3,0,3,0,0,0,0,0,0,0,1,0,0,0,0,1,4.274695684811804,2.5216406363433186,3,0,https://credito-pichincha-seguro-facil.lovable.app/,1
32,3,1,2,0,0,3,0,0,0,0,0,0,0,1,0,0,0,0,1,3.827819531114783,1.584962500721156,2,0,https://iuyghujikuyghudj.fwh.is/,1
39,4,1,2,1,0,3,0,0,0,0,0,6,0,1,0,0,0,0,1,4.189123052140109,2.0,2,0,https://onl1ne-cityp1chnha2026.hstn.me/,1
40,8,1,2,0,0,3,0,0,0,0,0,0,0,1,0,0,0,0,1,3.351712212208019,2.25,3,0,https://cvcvccvcvcvcvcvcvc.onrender.com/,1
40,14,1,2,0,0,3,0,0,0,0,0,0,0,1,0,0,0,0,1,3.9653115322251025,2.842370993177109,7,0,https://bradesco.corporativoapp.digital/,1
41,13,0,2,0,0,2,0,0,0,0,0,7,0,0,0,0,0,0,1,4.326706577630513,3.546593564294939,4,0,http://allegrolokalnie.oferta3958269.shop,1
38,10,0,2,0,0,2,0,0,0,0,0,8,0,0,0,0,0,0,1,4.366091329119192,3.1219280948873624,4,0,http://allegrolokalnie.01289523rt.shop,1
40,10,1,2,0,0,3,0,0,0,0,0,8,0,1,0,0,0,0,1,4.365311532225102,3.1219280948873624,4,0,https://allegrolokalnie.01289523rt.shop/,1
42,13,0,2,1,0,2,0,0,0,0,0,4,0,1,0,0,0,0,1,4.234479554133744,3.7004397181410926,4,0,https://allegrolokalnie.pl-oferta6428.shop,1
37,9,0,2,0,0,2,0,0,0,0,0,6,0,1,0,0,0,0,1,4.195675662809303,2.6416041678685938,3,1,https://allegrolokalnie.ido489588.top,1
38,16,0,2,1,0,2,0,0,0,0,0,7,0,1,0,0,0,1,1,4.43858836864981,3.875,5,1,https://allegro.pl-oferta2960379.click,1
35,15,0,2,0,0,2,0,0,0,0,0,8,0,0,0,0,0,0,1,4.422000516883153,3.640223928941852,4,0,http://allegro.prywatn83812034.bond,1
37,15,1,2,0,0,3,0,0,0,0,0,8,0,1,0,0,0,0,1,4.465945933079573,3.640223928941852,4,0,https://allegro.prywatn83812034.bond/,1
43,15,0,2,0,0,2,0,0,0,0,0,10,0,0,0,0,0,0,1,4.565344987058984,3.506890595608519,4,0,http://allegrolokainie.smart0298391243.bond,1
45,15,1,2,0,0,3,0,0,0,0,0,10,0,1,0,0,0,0,1,4.563532262755956,3.506890595608519,4,0,https://allegrolokainie.smart0298391243.bond/,1
33,5,0,2,0,0,2,0,0,0,0,0,5,0,1,0,0,0,0,1,4.210764573772789,2.321928094887362,3,1,https://allegrolokalnie.78429.top,1
44,15,1,2,0,0,3,0,0,0,0,0,10,0,1,0,0,0,0,1,4.481714572986073,3.506890595608519,4,0,https://allegrolokalne.smart0298391243.bond/,1
43,15,0,2,0,0,2,0,0,0,0,0,8,0,0,0,0,0,0,1,4.472321731245031,3.640223928941852,4,0,http://allegrolokalnie.prywatn83812034.bond,1
42,15,0,2,0,0,2,0,0,0,0,0,10,0,0,0,0,0,0,1,4.481254029767084,3.506890595608519,4,0,http://allegrolokalne.smart0298391243.bond,1
45,15,1,2,0,0,3,0,0,0,0,0,8,0,1,0,0,0,0,1,4.519087818311512,3.640223928941852,4,0,https://allegrolokalnie.prywatn83812034.bond/,1
45,15,1,2,0,0,3,0,0,0,0,0,8,0,1,0,0,0,0,1,4.546756984930101,3.640223928941852,4,0,https://allegrolokainie.prywatn83812034.bond/,1
44,15,1,2,0,0,3,0,0,0,0,0,8,0,1,0,0,0,0,1,4.464558038845994,3.640223928941852,4,0,https://allegrolokalne.prywatn83812034.bond/,1
43,15,0,2,0,0,2,0,0,0,0,0,8,0,0,0,0,0,0,1,4.5012778358458805,3.640223928941852,4,0,http://allegrolokainie.prywatn83812034.bond,1
44,15,0,2,1,0,2,0,0,0,0,0,10,0,0,0,0,0,0,1,4.589780198035243,3.506890595608519,4,0,http://allegro-lokalnie.smart0298391243.bond,1
42,15,0,2,0,0,2,0,0,0,0,0,8,0,0,0,0,0,0,1,4.415661470191763,3.640223928941852,4,0,http://allegrolokalne.prywatn83812034.bond,1
46,15,1,2,1,0,3,0,0,0,0,0,10,0,1,0,0,0,0,1,4.588354347173233,3.506890595608519,4,0,https://allegro-lokalnie.smart0298391243.bond/,1
37,15,1,2,0,0,3,0,0,0,0,0,10,0,1,0,0,0,0,1,4.465945933079573,3.506890595608519,4,0,https://allegro.smart0298391243.bond/,1
35,15,0,2,0,0,2,0,0,0,0,0,10,0,0,0,0,0,0,1,4.479143374026011,3.506890595608519,4,0,http://allegro.smart0298391243.bond,1
39,18,0,2,1,0,2,0,0,0,0,0,15,0,0,0,0,0,1,1,4.160420091146166,2.7324637247241337,5,1,http://allegro.pl-634634643775373.click,1
37,17,0,2,2,0,2,0,0,0,0,0,1,0,0,0,0,0,0,1,3.9359556499866866,3.2927701939369904,4,0,http://allegro.pl-lokalna-ofeta5.shop,1
45,17,0,2,2,0,2,0,0,0,0,0,1,0,0,0,0,0,0,1,3.9555102538904023,3.2927701939369904,4,0,http://allegrolokalnie.pl-lokalna-ofeta5.shop,1
46,15,1,2,1,0,3,0,0,0,0,0,10,0,1,0,0,0,0,1,4.490740760310775,3.506890595608519,4,0,https://allegro-lokalnie.2834912oferi180.shop/,1
39,12,0,2,1,0,2,0,0,0,0,0,6,0,0,0,0,0,0,1,4.682587475161558,3.584962500721156,3,0,http://allegrolokainie.smar9438-65j.cfd,1
41,12,1,2,1,0,3,0,0,0,0,0,6,0,1,0,0,0,0,1,4.66816999226466,3.584962500721156,3,0,https://allegrolokainie.smar9438-65j.cfd/,1
33,12,1,2,1,0,3,0,0,0,0,0,6,0,1,0,0,0,0,1,4.536670255656531,3.584962500721156,3,0,https://allegro.smar9438-65j.cfd/,1
41,12,1,2,2,0,3,0,0,0,0,0,6,0,0,0,0,0,0,1,4.637801394756451,3.584962500721156,3,0,http://allegro-lokalnie.smar9438-65j.cfd/,1
40,12,1,2,1,0,3,0,0,0,0,0,6,0,1,0,0,0,0,1,4.5841837197791895,3.584962500721156,3,0,https://allegrolokalne.smar9438-65j.cfd/,1
38,12,0,2,1,0,2,0,0,0,0,0,6,0,0,0,0,0,0,1,4.596483105491916,3.584962500721156,3,0,http://allegrolokalne.smar9438-65j.cfd,1
39,12,0,2,1,0,2,0,0,0,0,0,6,0,0,0,0,0,0,1,4.650661513678569,3.584962500721156,3,0,http://allegrolokalnie.smar9438-65j.cfd,1
41,12,1,2,1,0,3,0,0,0,0,0,6,0,1,0,0,0,0,1,4.637801394756451,3.584962500721156,3,0,https://allegrolokalnie.smar9438-65j.cfd/,1
40,12,0,2,2,0,2,0,0,0,0,0,6,0,0,0,0,0,0,1,4.653055907333276,3.584962500721156,3,0,http://allegro-lokalnie.smar9438-65j.cfd,1
42,12,1,2,2,0,3,0,0,0,0,0,6,0,1,0,0,0,0,1,4.6420846845804995,3.584962500721156,3,0,https://allegro-lokalnie.smar9438-65j.cfd/,1
51,10,21,3,0,0,4,0,0,0,0,0,0,0,1,0,0,0,0,1,4.2091078815187375,2.9219280948873623,3,0,https://storage.googleapis.com/mvmnexthu/index.html,1
61,10,31,3,1,0,4,0,0,0,0,0,0,0,1,0,0,0,0,1,4.328301174253798,2.9219280948873623,3,0,https://storage.googleapis.com/mvm-villanyszamlaja/index.html,1
44,15,1,2,0,0,3,0,0,0,0,0,10,0,1,0,0,0,0,1,4.42511855035714,3.506890595608519,4,0,https://allegrolokalne.2834912oferi180.shop/,1
42,15,0,2,0,0,2,0,0,0,0,0,10,0,0,0,0,0,0,1,4.421962958441535,3.506890595608519,4,0,http://allegrolokalne.2834912oferi180.shop,1
43,15,0,2,0,0,2,0,0,0,0,0,10,0,0,0,0,0,0,1,4.431965045349459,3.506890595608519,4,0,http://allegrolokalnie.2834912oferi180.shop,1
45,15,1,2,0,0,3,0,0,0,0,0,10,0,1,0,0,0,0,1,4.436080318455743,3.506890595608519,4,0,https://allegrolokalnie.2834912oferi180.shop/,1
45,15,0,2,1,0,2,0,0,0,0,0,10,0,1,0,0,0,0,1,4.497300040726042,3.506890595608519,4,0,https://allegro-lokalnie.2834912oferi180.shop,1
29,5,1,2,0,0,3,0,0,0,0,0,4,0,1,0,0,0,0,1,4.090234012145144,1.9219280948873623,3,0,https://mx2026mail.iceiy.com/,1
33,5,1,2,0,0,3,0,1,1,0,0,5,0,1,0,0,0,0,1,4.27137063437885,1.9219280948873623,3,0,https://mx2026mail.iceiy.com/?i=1,1
80,4,65,1,0,0,4,0,0,0,0,0,10,0,1,0,0,0,0,0,4.680675283060515,2.0,2,0,https://ipfs.io/ipfs/bafkreibihwgzhia5dufn5eqhsuo5fej3li2shfthp76sr74dtpellkvc3q,1
88,9,1,3,0,0,3,0,0,0,0,0,10,0,1,0,0,0,0,2,4.750117522899666,2.94770277922009,4,1,https://bafkreibihwgzhia5dufn5eqhsuo5fej3li2shfthp76sr74dtpellkvc3q.ipfs.inbrowser.link/,1
38,3,1,3,2,0,3,0,0,0,0,0,0,0,1,0,0,0,0,1,3.918208434154617,0.9182958340544896,5,0,https://claim-danaa-pending.naa.my.id/,1
38,6,1,2,2,0,3,0,0,0,0,0,6,0,1,0,0,0,0,1,4.293594289588575,2.2516291673878226,3,0,https://many-tables-304491.framer.app/,1
77,11,10,2,0,0,4,0,1,1,0,0,20,0,1,0,0,0,0,1,5.034398839531511,3.027169118440619,3,0,https://allegro.aukceuu8125.cfd/lokalnie/?id=8f6h4z0x3y7x9j8g7k3t5s0z1z8x9y8j,1
75,11,9,2,0,0,3,0,1,1,0,0,20,0,0,0,0,0,0,1,5.033502150605954,3.027169118440619,3,0,http://allegro.aukceuu8125.cfd/lokalnie?id=8f6h4z0x3y7x9j8g7k3t5s0z1z8x9y8j,1
32,11,1,2,0,0,3,0,0,0,0,0,4,0,1,0,0,0,0,1,4.327819531114783,3.027169118440619,3,0,https://allegro.aukceuu8125.cfd/,1
30,11,0,2,0,0,2,0,0,0,0,0,4,0,0,0,0,0,0,1,4.2817276788697365,3.027169118440619,3,0,http://allegro.aukceuu8125.cfd,1
36,7,1,2,0,0,3,0,0,0,0,0,0,0,1,0,0,0,0,1,4.18354236243323,2.8073549220576046,3,0,https://netzerowebmaild.netlify.app/,1
51,10,21,3,0,0,4,0,0,0,0,0,0,0,1,0,0,0,0,1,4.157048625988275,2.9219280948873623,3,0,https://storage.googleapis.com/belepeshu/index.html,1
37,24,1,1,1,0,3,0,0,0,0,0,0,0,1,0,0,0,0,0,4.060012149061901,3.4906015629507228,3,0,https://onlineugyintezes-belepes.com/,1
53,24,17,1,1,0,5,0,0,0,0,0,0,0,1,0,0,0,1,0,4.119707371924008,3.4906015629507228,3,0,https://onlineugyintezes-belepes.com/support/payment/,1
43,15,0,2,0,0,2,0,0,0,0,0,10,0,0,0,0,0,0,1,4.536388882458135,3.506890595608519,4,0,http://allegrolokalnie.smart0298391243.bond,1
45,15,1,2,0,0,3,0,0,0,0,0,10,0,1,0,0,0,0,1,4.5358630961373665,3.506890595608519,4,0,https://allegrolokalnie.smart0298391243.bond/,1
60,11,10,5,2,0,4,0,0,0,0,0,8,0,1,0,0,0,0,3,4.334578988481229,2.8453509366224368,3,0,https://template090.s3.us-east-005.backblazeb2.com/cw/sw.php,1
51,11,16,3,0,0,4,1,1,1,0,0,1,0,1,0,1,0,0,0,4.334409048686643,2.663532754804255,3,0,https://nominaapoyo.com/web3z/index.php?emp=x@x.com,1
42,13,0,2,0,0,2,0,0,0,0,0,7,0,0,0,0,0,1,1,4.282098601752792,3.3927474104487847,5,1,http://allegrolokalnie.oferta7573403.click,1
73,9,37,2,4,0,4,0,0,0,0,0,11,0,0,0,0,0,0,1,4.576256751457814,2.94770277922009,3,1,http://allegrolokalnie.ido986652.top/voucher-na-wakacjepl-o-wartosc/46556,1
64,7,0,3,5,0,2,0,1,1,0,0,4,0,1,0,0,0,0,2,4.871268266288633,2.5216406363433186,3,0,https://base-page-plhy.w-1vtsfd.workers.dev?ei=X2g9MjU4WldrdFI--,1
38,6,1,2,1,0,3,0,0,0,0,0,0,0,1,0,0,0,0,1,4.076103170996722,2.2516291673878226,3,0,https://oboticario-revenda.vercel.app/,1
36,21,0,1,0,0,2,0,0,0,0,0,0,0,0,0,0,0,0,0,3.8956388075276673,3.3087513512471665,7,0,http://cadastrobradescopjatt.digital,1
48,17,9,2,1,0,4,0,0,0,0,0,0,0,1,0,0,0,1,1,3.9748747399889837,3.337175341123077,5,1,https://deposit.quickbooks-intuit.click/deposit/,1
32,12,0,2,0,0,2,0,0,0,0,0,6,0,0,0,0,0,0,1,3.965018266288633,2.792481250360578,4,0,http://allegro.oopo889d0s87.shop,1
34,12,1,2,0,0,3,0,0,0,0,0,6,0,1,0,0,0,0,1,3.9513101799829666,2.792481250360578,4,0,https://allegro.oopo889d0s87.shop/,1
37,13,0,3,0,0,2,0,0,0,0,0,13,0,0,1,0,0,0,2,4.249729716863357,2.6235166412180155,4,0,http://www.allegro.8301273483231.shop,1
105,11,46,2,5,0,7,0,0,0,0,0,0,0,1,0,0,0,0,1,4.219015273235149,3.459431618637298,2,0,https://stationnement-antai-gouv-infractions.fajnebistro.sk/fr/facture-electronique/dossie/fr-fr/redirect,1
42,11,0,3,0,0,2,0,0,0,0,0,10,0,0,1,0,0,0,2,4.6420846845804995,3.095795255000934,3,0,http://www.allegrolokalnie.743802198x2.cfd,1
39,8,0,3,1,0,2,0,0,0,0,0,6,0,0,1,0,0,0,2,4.50938523151634,2.75,3,0,http://www.allegrolokainie.8810h-54.cfd,1
40,8,0,3,2,0,2,0,0,0,0,0,6,0,0,1,0,0,0,2,4.484183719779189,2.75,3,0,http://www.allegro-lokalnie.8810h-54.cfd,1
39,8,0,3,1,0,2,0,0,0,0,0,6,0,0,1,0,0,0,2,4.477459270033353,2.75,3,0,http://www.allegrolokalnie.8810h-54.cfd,1
74,6,22,2,2,0,5,0,0,0,0,0,18,0,1,0,0,0,0,1,4.8308956836242904,2.584962500721156,4,0,https://lnpoowpol-qgc6-dem.hi7ekf.casa/i/h22uc/1779121090313#selectedbank6,1
42,16,0,2,1,0,2,0,0,0,0,0,9,0,0,0,0,0,0,1,4.365664673284385,3.625,3,0,http://allegrolokalne.oaikcj823012-340.lat,1
43,16,0,2,1,0,2,0,0,0,0,0,9,0,0,0,0,0,0,1,4.376976022637825,3.625,3,0,http://allegrolokalnie.oaikcj823012-340.lat,1
44,16,1,2,1,0,3,0,0,0,0,0,9,0,1,0,0,0,0,1,4.416833823616225,3.625,3,0,https://allegrolokalne.oaikcj823012-340.lat/,1
45,16,1,2,1,0,3,0,0,0,0,0,9,0,1,0,0,0,0,1,4.427979696753515,3.625,3,0,https://allegrolokalnie.oaikcj823012-340.lat/,1
35,16,0,2,1,0,2,0,0,0,0,0,9,0,0,0,0,0,0,1,4.378864088188098,3.625,3,0,http://allegro.oaikcj823012-340.lat,1
37,16,1,2,1,0,3,0,0,0,0,0,9,0,1,0,0,0,0,1,4.4251412032329,3.625,3,0,https://allegro.oaikcj823012-340.lat/,1
44,16,0,2,2,0,2,0,0,0,0,0,9,0,0,0,0,0,0,1,4.3885358123017575,3.625,3,0,http://allegro-lokalnie.oaikcj823012-340.lat,1
46,16,1,2,2,0,3,0,0,0,0,0,9,0,1,0,0,0,0,1,4.439337978210769,3.625,3,0,https://allegro-lokalnie.oaikcj823012-340.lat/,1
45,16,1,2,1,0,3,0,0,0,0,0,9,0,1,0,0,0,0,1,4.446974207248478,3.625,3,0,https://allegrolokainie.oaikcj823012-340.lat/,1
43,16,0,2,1,0,2,0,0,0,0,0,9,0,0,0,0,0,0,1,4.396853998737205,3.625,3,0,http://allegrolokainie.oaikcj823012-340.lat,1
62,2,11,3,1,0,3,0,0,0,0,0,17,0,1,0,0,0,0,1,4.614913045231111,1.0,3,0,https://pub-fcf55d0d2bfe4ab59f541f08f81dbf23.r2.dev/index.html,1
204,19,7,4,1,0,3,1,1,5,4,1,24,0,1,0,1,0,2,0,5.102219177642478,3.576617644908666,3,0,https://prime-clientsupport.com/signin?email=bernard.bez@laposte.net&amp;token=lqbmieq4ws1pguhj6rdjx1s3o8q9o6tb2mcpmdf2hvasgsikm0ywyu6kw3ofk3p2&amp;downdate=19&amp;amount=414.72&amp;identity=bernard%20bez,1
25,12,1,1,0,0,3,0,0,0,0,0,0,0,1,0,0,0,1,0,3.6732696895151085,3.084962500721156,3,0,https://santesupport.com/,1
32,12,8,1,0,0,3,0,0,0,0,0,0,0,1,0,0,0,1,0,3.952819531114783,3.084962500721156,3,0,https://santesupport.com/explain,1
44,13,19,1,0,0,4,0,0,0,0,0,10,0,1,0,0,0,0,0,4.3885358123017575,3.238901256602631,3,0,https://ofertadodiaml.com/produto/3949693805,1
73,6,22,2,2,0,5,0,0,0,0,0,20,0,1,0,0,0,0,1,4.780319723406303,2.584962500721156,4,0,https://o-il11xpo1-polrs6ba.fu8rvt.casa/o/g5a9n/1779113338526#merchantpay,1
36,19,1,2,1,0,3,0,0,0,0,0,0,0,1,1,0,0,0,1,4.141604167868594,3.576617644908666,3,0,https://www.obnova-predplatneho.com/,1
32,19,1,1,1,0,3,0,0,0,0,0,0,0,1,0,0,0,0,0,4.054229296672175,3.576617644908666,3,0,https://obnova-predplatneho.com/,1
39,19,8,1,1,0,3,0,0,0,0,0,0,0,1,0,0,0,0,0,3.996564718695828,3.576617644908666,3,0,https://obnova-predplatneho.com/captcha,1
296,15,61,2,11,5,4,0,1,1,0,0,39,0,0,0,0,0,0,1,5.1387321537827315,3.640223928941852,3,0,http://allegrolokalnie.oferta038598265.lat/oferta/traktorek-honda-2315-v-twin-2-cylindry-15-km-20h42crq?fbclid=iwy2xjawr4byllehrua2flbqixmabicmlketbuwxvct0hpde5ct25xmuxvc3j0ywzhchbfawqqmjiymdm5mtc4odiwmdg5mgabhsqwoymeqkrec_eqyzsmbzqhmafw_pqne0moduqsf-uzk7xsdsxaymf_dyki_aem_7gfndok0m9drjn9-k0hdwg,1
57,30,0,2,3,0,2,0,0,0,0,0,8,0,0,0,0,0,0,1,4.36927734810824,3.964735178725505,3,0,http://allegrolokalnie.ogloszenie-19215169-dla-ciebie.lat,1
31,6,1,2,0,0,3,0,0,0,0,0,0,0,1,0,0,0,0,1,4.260332600569877,2.2516291673878226,3,0,https://ffmajortbnk.weebly.com/,1
40,6,1,2,2,0,3,0,0,0,0,0,6,0,1,0,0,0,0,1,4.296439344671016,2.2516291673878226,3,0,https://artsy-village-979746.framer.app/,1
43,6,1,2,0,0,3,0,0,0,0,0,0,0,1,0,0,0,0,1,4.196175150293235,2.2516291673878226,3,0,https://annikabillingerorebrose.weebly.com/,1
28,6,1,2,1,0,3,0,0,0,0,0,0,0,1,0,0,0,0,1,4.351823225551766,2.2516291673878226,3,0,https://admin-xf.weebly.com/,1
41,6,1,2,2,0,3,0,0,0,0,0,6,0,1,0,0,0,0,1,4.405855662943599,2.2516291673878226,3,0,https://lovable-lychee-755094.framer.app/,1
38,6,1,2,3,0,3,0,0,0,0,0,0,0,1,0,0,0,0,1,4.366091329119192,2.2516291673878226,3,0,https://uni-osnabrueck--de.weebly.com/,1
46,6,1,2,2,0,3,0,0,0,0,0,6,0,1,0,0,0,0,1,4.186954489636056,2.2516291673878226,3,0,https://altruistic-partners-323135.framer.app/,1
43,12,1,3,0,0,3,0,0,0,0,0,6,0,1,0,0,0,0,2,4.396853998737205,3.4182958340544896,3,0,https://sp594047.sitebeat.crazydomains.com/,1
43,6,1,2,2,0,3,0,0,0,0,0,6,0,1,0,0,0,0,1,4.379298475431078,2.2516291673878226,3,0,https://aware-university-930573.framer.app/,1
46,6,1,2,2,0,3,0,0,0,0,0,0,0,1,0,0,0,0,1,4.180639401474028,2.2516291673878226,7,0,https://france-universite-mooc.framer.website/,1
36,6,1,2,2,0,3,0,0,0,0,0,6,0,1,0,0,0,0,1,4.2527152789797045,2.2516291673878226,3,0,https://big-storm-641564.framer.app/,1
41,10,1,2,0,0,3,0,0,0,0,0,4,0,1,0,0,0,1,1,4.287447053863762,2.8464393446710154,3,0,https://2026premiumupdate.weeblysite.com/,1
38,6,1,2,2,0,3,0,0,0,0,0,6,0,1,0,0,0,0,1,4.359126526316814,2.2516291673878226,3,0,https://lovely-line-300084.framer.app/,1
44,6,1,2,2,0,3,0,0,0,0,0,6,0,1,0,0,0,0,1,4.419103493391448,2.2516291673878226,3,0,https://daring-directions-230506.framer.app/,1
32,6,1,2,0,0,3,0,0,0,0,0,0,0,1,0,0,0,0,1,4.077819531114783,2.2516291673878226,3,0,https://daewewuodspk.weebly.com/,1
42,6,1,2,2,0,3,0,0,0,0,0,6,0,1,0,0,0,0,1,4.386015934528989,2.2516291673878226,3,0,https://beloved-process-594842.framer.app/,1
33,6,1,2,2,0,3,0,0,0,0,0,4,0,1,0,0,0,0,1,4.309101316131472,2.2516291673878226,3,0,https://admin-0001-de.weebly.com/,1
41,6,1,2,2,0,3,0,0,0,0,0,0,0,1,0,0,0,0,1,4.277926089825635,2.2516291673878226,3,0,https://mail-fortunehotels-in.weebly.com/,1
41,6,1,2,2,0,3,0,0,0,0,0,6,0,1,0,0,0,0,1,4.141105590449127,2.2516291673878226,3,0,https://little-empathy-871278.framer.app/,1
24,6,1,2,0,0,3,0,0,0,0,0,1,0,1,0,0,0,0,1,3.9387218755408675,2.2516291673878226,3,0,https://1tuc.weebly.com/,1
47,6,1,2,2,0,3,0,0,0,0,0,0,0,1,0,0,0,0,1,4.027473159958119,2.2516291673878226,7,0,https://management-att-directtv.framer.website/,1
32,6,1,2,0,0,3,0,0,0,0,0,0,0,1,0,0,0,0,1,4.077819531114783,2.2516291673878226,3,0,https://yascyafejbqe.weebly.com/,1
37,6,1,2,0,0,3,0,0,0,0,0,0,0,1,0,0,0,0,1,4.15487093296263,2.2516291673878226,7,0,https://solaruslegacy.framer.website/,1
40,6,1,2,2,0,3,0,0,0,0,0,6,0,1,0,0,0,1,1,4.358694969562842,2.2516291673878226,3,0,https://unusual-stick-336546.framer.app/,1
41,6,1,2,2,0,3,0,0,0,0,0,6,0,1,0,0,0,0,1,4.113172736114331,2.2516291673878226,3,0,https://apparent-pitch-598275.framer.app/,1
44,6,1,2,2,0,3,0,0,0,0,0,6,0,1,0,0,0,0,1,4.4622883690707695,2.2516291673878226,3,0,https://enlightened-gecko-690565.framer.app/,1
35,6,1,2,0,0,3,0,0,0,0,0,0,0,1,0,0,0,0,1,3.978864088188098,2.2516291673878226,7,0,https://myfeirpoint.framer.website/,1
51,6,1,2,2,0,3,0,0,0,0,0,6,0,1,0,0,0,0,1,4.373118234001096,2.2516291673878226,3,0,https://compassionate-volunteers-791449.framer.app/,1
43,6,1,2,0,0,3,0,0,0,0,0,0,0,1,0,0,0,0,1,3.844497023748528,2.2516291673878226,4,0,https://seargergzdergsrtgsrdtg.framer.wiki/,1
41,6,1,2,2,0,3,0,0,0,0,0,6,0,1,0,0,0,0,1,4.6193895044597815,2.2516291673878226,4,0,https://chilly-dragon-116674.framer.wiki/,1
42,6,1,2,2,0,3,0,0,0,0,0,6,0,1,0,0,0,0,1,4.4273334938982645,2.2516291673878226,3,0,https://reliable-vision-802483.framer.app/,1
34,6,1,2,0,0,3,0,0,0,0,0,0,0,1,0,0,0,0,1,4.13850217929474,2.2516291673878226,3,0,https://xfinityyywebuu.weebly.com/,1
44,6,1,2,2,0,3,0,0,0,0,0,6,0,1,0,0,0,0,1,4.445131834930691,2.2516291673878226,3,0,https://inquisitive-music-649280.framer.app/,1
44,6,1,2,2,0,3,0,0,0,0,0,6,0,1,0,0,0,0,1,4.399677289476146,2.2516291673878226,3,0,https://expansive-desktop-096389.framer.app/,1
41,6,1,2,0,0,3,0,0,0,0,0,0,0,1,0,0,0,0,1,3.8699003348695236,2.2516291673878226,7,0,https://purshaseorderwsps.framer.website/,1
48,6,1,2,2,0,3,0,0,0,0,0,6,0,1,0,0,0,0,1,4.212581188618506,2.2516291673878226,3,0,https://experienced-apartment-812927.framer.app/,1
49,6,1,2,2,0,3,0,0,0,0,0,6,0,1,0,0,0,0,1,4.387384017841379,2.2516291673878226,3,0,https://navigate-circumstances-557381.framer.app/,1
40,6,1,2,2,0,3,0,0,0,0,0,6,0,1,0,0,0,0,1,4.3341837197791895,2.2516291673878226,3,0,https://uplifted-site-695834.framer.app/,1
39,6,1,2,0,0,3,0,0,0,0,0,1,0,1,0,0,0,0,1,4.278114718473934,2.2516291673878226,3,0,https://commonweallthcui0rg.weebly.com/,1
35,6,1,2,0,0,3,0,0,0,0,0,0,0,1,0,0,0,0,1,4.014438730983428,2.2516291673878226,7,0,https://mncablemail.framer.website/,1
39,6,1,2,2,0,3,0,0,0,0,0,6,0,1,0,0,0,0,1,4.131054782742918,2.2516291673878226,3,0,https://welcome-path-355505.framer.app/,1
39,6,1,2,2,0,3,0,0,0,0,0,6,0,1,0,0,0,0,1,4.387465039153175,2.2516291673878226,3,0,https://orange-stack-843029.framer.app/,1
43,12,1,3,0,0,3,0,0,0,0,0,6,0,1,0,0,0,0,2,4.350342370830228,3.4182958340544896,3,0,https://sp295882.sitebeat.crazydomains.com/,1
26,6,1,2,0,0,3,0,0,0,0,0,0,0,1,0,0,0,0,1,3.8441065448145384,2.2516291673878226,2,0,https://tljhaks.framer.ai/,1
26,6,1,2,0,0,3,0,0,0,0,0,0,0,1,0,0,0,0,1,4.056020968057882,2.2516291673878226,3,0,https://xsdwlk.weebly.com/,1
52,6,1,2,2,0,3,0,0,0,0,0,6,0,1,0,0,0,0,1,4.444974092849856,2.2516291673878226,3,0,https://incomparable-imaginations-621837.framer.app/,1
35,6,1,2,0,0,3,0,0,0,0,0,0,0,1,0,0,0,0,1,3.968449003142376,2.2516291673878226,3,0,https://servercomcseqww.weebly.com/,1
46,6,1,2,0,0,3,0,0,0,0,0,0,0,1,0,0,0,0,1,4.1429146733542535,2.2516291673878226,7,0,https://myexcellinvspreadsheet.framer.website/,1
41,6,1,2,2,0,3,0,0,0,0,0,6,0,1,0,0,0,0,1,4.229145602020757,2.2516291673878226,3,0,https://passionate-use-568908.framer.app/,1
42,6,1,2,2,0,3,0,0,0,0,0,6,0,1,0,0,0,0,1,4.46090276852248,2.2516291673878226,3,0,https://adorable-garlic-135968.framer.app/,1
41,10,0,2,1,0,2,0,0,0,0,0,6,0,1,0,0,0,0,1,4.333791798495228,2.8464393446710154,3,0,https://spectrumnet-100341.weeblysite.com,1
53,6,30,3,0,3,4,0,0,0,0,0,3,0,1,0,0,0,0,1,4.283970926016392,2.584962500721156,4,0,https://brt.duwsml.buzz/wd046_it_post_brt/footer.html,1
32,6,9,2,0,0,4,0,0,0,0,0,0,0,1,0,0,0,0,1,4.0121987351738495,2.584962500721156,4,0,https://brt.duwsml.buzz/track/it,1
42,7,23,1,0,0,5,0,0,0,0,0,11,0,1,0,0,0,0,0,4.374958947702557,2.8073549220576046,3,1,https://4826vpk.top/a4nppaq2/bmA08C/594CKh,1
42,7,23,1,0,0,5,0,0,0,0,0,11,0,1,0,0,0,0,0,4.374958947702557,2.8073549220576046,3,1,https://4812vpk.top/a4nppaq2/bmA08C/594CKh,1
43,8,23,1,0,0,5,0,0,0,0,0,15,0,1,0,0,0,0,0,4.5165109063587545,3.0,3,1,https://47159208.xyz/a4nppaq2/bmA08C/594CKh,1
42,7,23,1,0,0,5,0,0,0,0,0,11,0,1,0,0,0,0,0,4.422577995321604,2.8073549220576046,3,1,https://4681zpk.top/a4nppaq2/bmA08C/594CKh,1
43,8,23,1,0,0,5,0,0,0,0,0,15,0,1,0,0,0,0,0,4.563022534265731,3.0,3,1,https://46280719.xyz/a4nppaq2/bmA08C/594CKh,1
45,10,0,2,3,0,2,0,0,0,0,0,12,0,1,0,0,0,0,1,4.508193929518777,2.8464393446710154,3,0,https://my-voice-109729-105769.weeblysite.com,1
42,7,23,1,0,0,5,0,0,0,0,0,11,0,1,0,0,0,0,0,4.470197042940652,2.8073549220576046,3,1,https://4617zpk.top/a4nppaq2/bmA08C/594CKh,1
42,7,23,1,0,0,5,0,0,0,0,0,11,0,1,0,0,0,0,0,4.422577995321604,2.8073549220576046,3,1,https://4610zpk.top/a4nppaq2/bmA08C/594CKh,1
44,10,0,2,3,0,2,0,0,0,0,0,12,0,1,0,0,0,0,1,4.31705292530797,2.8464393446710154,3,0,https://my-site-108633-104003.weeblysite.com,1
42,7,23,1,0,0,5,0,0,0,0,0,10,0,1,0,0,0,0,0,4.422577995321604,2.8073549220576046,3,1,https://41nzp6k.top/a4nppaq2/bmA08C/594CKh,1
51,5,1,2,0,0,3,0,1,1,1,0,2,0,1,1,0,0,0,1,4.506073509513378,1.9219280948873623,3,0,https://www.gthhy.com/?tnhWKfx27dfD&amp;type=paypay,1
50,6,1,2,0,0,3,0,1,1,1,0,2,0,1,1,0,0,0,1,4.833269689515109,2.584962500721156,3,0,https://www.eiqylo.com/?rY7cN5ZBiKGA&amp;type=line,1
52,6,1,2,0,0,3,0,1,1,1,0,2,0,1,1,0,0,0,1,4.803724516543195,2.584962500721156,3,0,https://www.gjiela.com/?5DEXEPuNRJ2T&amp;type=paypay,1
43,8,23,1,0,0,5,0,0,0,0,0,15,0,1,0,0,0,0,0,4.609534162172708,3.0,3,1,https://41695837.xyz/a4nppaq2/bmA08C/594CKh,1
43,8,23,1,0,0,5,0,0,0,0,0,15,0,1,0,0,0,0,0,4.563022534265731,3.0,3,1,https://39175482.xyz/a4nppaq2/bmA08C/594CKh,1
43,8,23,1,0,0,5,0,0,0,0,0,15,0,1,0,0,0,0,0,4.609534162172708,3.0,3,1,https://35764012.xyz/a4nppaq2/bmA08C/594CKh,1
43,8,23,1,0,0,5,0,0,0,0,0,15,0,1,0,0,0,0,0,4.609534162172708,3.0,3,1,https://34617098.xyz/a4nppaq2/bmA08C/594CKh,1
42,7,23,1,0,0,5,0,0,0,0,0,11,0,1,0,0,0,0,0,4.422577995321604,2.8073549220576046,3,1,https://3415xvp.top/a4nppaq2/bmA08C/594CKh,1
42,7,23,1,0,0,5,0,0,0,0,0,11,0,1,0,0,0,0,0,4.33601913762161,2.8073549220576046,3,1,https://3249mwt.top/a4nppaq2/bmA08C/594CKh,1
52,6,1,2,0,0,3,0,1,1,1,0,1,0,1,0,0,0,1,1,4.9116022179746714,2.584962500721156,3,0,https://login.hbparm.com/?QxYlC0AjVzNL&amp;type=line,1
50,6,1,2,0,0,3,0,1,1,1,0,5,0,1,1,0,0,0,1,4.848367439558378,1.792481250360578,3,0,https://www.jjjzhc.com/?S32aP6v0RP2f&amp;type=line,1
42,7,23,1,0,0,5,0,0,0,0,0,11,0,1,0,0,0,0,0,4.440551507277877,2.8073549220576046,3,1,https://3219xvp.top/a4nppaq2/bmA08C/594CKh,1
52,6,1,2,0,0,3,0,1,1,1,0,1,0,1,1,0,0,0,1,4.543116459152937,2.2516291673878226,3,0,https://www.hbqmwh.com/?QpPTjVksp8vC&amp;type=paypay,1
52,6,1,2,0,0,3,0,1,1,1,0,4,0,1,1,0,0,0,1,4.635361295347743,2.2516291673878226,3,0,https://www.hbqmwh.com/?x8LH920egVaE&amp;type=paypay,1
70,9,15,5,2,0,3,0,0,0,0,0,13,0,1,0,0,0,1,3,4.915087038949381,2.6416041678685938,3,0,https://gq36h6nz916j8hyp3v5n.s3.eu-west-3.amazonaws.com/A2iR3OCNc.html,1
42,7,23,1,0,0,5,0,0,0,0,0,11,0,1,0,0,0,0,0,4.440551507277877,2.8073549220576046,3,1,https://3215xvp.top/a4nppaq2/bmA08C/594CKh,1
31,6,7,2,0,0,3,0,0,0,0,0,0,0,1,0,0,0,1,1,4.195816471537619,2.584962500721156,3,0,https://login.knuzrb.com/select,1
52,6,1,2,0,0,3,0,1,1,1,0,2,0,1,0,0,0,1,1,4.810734669939354,2.584962500721156,3,0,https://login.pabxdt.com/?cjWJa3rc8hZE&amp;type=line,1
52,6,1,2,0,0,3,0,1,1,1,0,1,0,1,1,0,0,0,1,4.7343083535732555,2.584962500721156,3,0,https://www.enusxw.com/?w2GBElbOdgQN&amp;type=paypay,1
49,5,1,2,0,0,3,0,1,1,1,0,2,0,1,1,0,0,0,1,4.777576170469211,2.321928094887362,3,0,https://www.pszeg.com/?G4SHivZ0DmmJ&amp;type=line,1
29,6,7,2,0,0,3,0,0,0,0,0,0,0,1,1,0,0,0,1,3.715932185515029,1.9182958340544896,3,0,https://www.jouwjw.com/select,1
43,8,23,1,0,0,5,0,0,0,0,0,15,0,1,0,0,0,0,0,4.609534162172708,3.0,3,1,https://31984576.xyz/a4nppaq2/bmA08C/594CKh,1
51,5,1,2,0,0,3,0,1,1,1,0,0,0,1,1,0,0,0,1,4.821757146182199,2.321928094887362,3,0,https://www.nzvri.com/?lYfHsPcSAjgI&amp;type=paypay,1
43,8,23,1,0,0,5,0,0,0,0,0,15,0,1,0,0,0,0,0,4.563022534265731,3.0,3,1,https://31469258.xyz/a4nppaq2/bmA08C/594CKh,1
42,7,23,1,0,0,5,0,0,0,0,0,11,0,1,0,0,0,0,0,4.449230744815979,2.8073549220576046,3,1,https://3091vwt.top/a4nppaq2/bmA08C/594CKh,1
42,7,23,1,0,0,5,0,0,0,0,0,11,0,1,0,0,0,0,0,4.383638185240658,2.8073549220576046,3,1,https://3024vwt.top/a4nppaq2/bmA08C/594CKh,1
42,7,23,1,0,0,5,0,0,0,0,0,11,0,1,0,0,0,0,0,4.365664673284385,2.8073549220576046,3,1,https://2847vqn.top/a4nppaq2/bmA08C/594CKh,1
43,8,23,1,0,0,5,0,0,0,0,0,15,0,1,0,0,0,0,0,4.580578057571858,3.0,3,1,https://27390581.xyz/a4nppaq2/bmA08C/594CKh,1
43,8,23,1,0,0,5,0,0,0,0,0,15,0,1,0,0,0,0,0,4.609534162172708,3.0,3,1,https://27384615.xyz/a4nppaq2/bmA08C/594CKh,1
42,7,23,1,0,0,5,0,0,0,0,0,11,0,1,0,0,0,0,0,4.431257232859706,2.8073549220576046,3,1,https://2718vqn.top/a4nppaq2/bmA08C/594CKh,1
42,7,23,1,0,0,5,0,0,0,0,0,11,0,1,0,0,0,0,0,4.449230744815979,2.8073549220576046,3,1,https://2678xwt.top/a4nppaq2/bmA08C/594CKh,1
42,7,23,1,0,0,5,0,0,0,0,0,11,0,1,0,0,0,0,0,4.383638185240659,2.8073549220576046,3,1,https://2583vqm.top/a4nppaq2/bmA08C/594CKh,1
42,7,23,1,0,0,5,0,0,0,0,0,11,0,1,0,0,0,0,0,4.33601913762161,2.8073549220576046,3,1,https://2509vqm.top/a4nppaq2/bmA08C/594CKh,1
43,8,23,1,0,0,5,0,0,0,0,0,15,0,1,0,0,0,0,0,4.563022534265731,3.0,3,1,https://24089371.xyz/a4nppaq2/bmA08C/594CKh,1
42,7,23,1,0,0,5,0,0,0,0,0,11,0,1,0,0,0,0,0,4.478876280478754,2.8073549220576046,3,1,https://2306zvn.top/a4nppaq2/bmA08C/594CKh,1
27,10,1,2,0,0,3,0,0,0,0,0,6,0,1,1,0,0,0,1,3.9582291686698783,2.9219280948873623,3,0,https://www.info842287.pro/,1
38,10,12,3,0,0,3,0,0,0,0,0,6,0,1,1,0,0,0,1,4.053609671726371,2.9219280948873623,3,0,https://www.info842287.pro/captcha.php,1
44,10,0,2,3,0,2,0,0,0,0,0,12,0,1,0,0,0,0,1,4.407962016217061,2.8464393446710154,3,0,https://my-site-106543-104668.weeblysite.com,1
28,10,1,2,0,0,3,0,0,0,0,0,6,0,1,0,0,0,0,1,3.9677201004744993,2.9219280948873623,3,0,https://ghft.info842287.pro/,1
42,7,23,1,0,0,5,0,0,0,0,0,11,0,1,0,0,0,0,0,4.449230744815979,2.8073549220576046,3,1,https://2168xwt.top/a4nppaq2/bmA08C/594CKh,1
28,10,1,2,0,0,3,0,0,0,0,0,6,0,1,0,0,0,0,1,4.137537511266052,2.9219280948873623,3,0,https://fdgb.info842287.pro/,1
39,10,12,3,0,0,3,0,0,0,0,0,6,0,1,0,0,0,0,1,4.192346052629154,2.9219280948873623,3,0,https://fdgb.info842287.pro/captcha.php,1
28,10,1,2,0,0,3,0,0,0,0,0,6,0,1,0,0,0,0,1,4.137537511266052,2.9219280948873623,3,0,https://gdfu.info842287.pro/,1
39,10,12,3,0,0,3,0,0,0,0,0,6,0,1,0,0,0,0,1,4.192346052629154,2.9219280948873623,3,0,https://gdfu.info842287.pro/captcha.php,1
28,10,1,2,0,0,3,0,0,0,0,0,6,0,1,0,0,0,0,1,4.137537511266052,2.9219280948873623,3,0,https://gsbd.info842287.pro/,1
39,10,12,3,0,0,3,0,0,0,0,0,6,0,1,0,0,0,0,1,4.192346052629154,2.9219280948873623,3,0,https://gsbd.info842287.pro/captcha.php,1
42,7,23,1,0,0,5,0,0,0,0,0,11,0,1,0,0,0,0,0,4.33601913762161,2.8073549220576046,3,1,https://2058vqm.top/a4nppaq2/bmA08C/594CKh,1
29,6,0,2,0,0,2,0,0,0,0,0,6,0,1,0,0,0,0,1,4.0993603054724,2.2516291673878226,3,0,https://att92w8928.weebly.com,1
43,8,23,1,0,0,5,0,0,0,0,0,15,0,1,0,0,0,0,0,4.627089685478835,3.0,3,1,https://20573691.xyz/a4nppaq2/bmA08C/594CKh,1
42,7,23,1,0,0,5,0,0,0,0,0,11,0,1,0,0,0,0,0,4.383638185240659,2.8073549220576046,3,1,https://1985mzn.top/a4nppaq2/bmA08C/594CKh,1
42,7,23,1,0,0,5,0,0,0,0,0,11,0,1,0,0,0,0,0,4.365664673284385,2.8073549220576046,3,1,https://1948mzn.top/a4nppaq2/bmA08C/594CKh,1
42,7,23,1,0,0,5,0,0,0,0,0,11,0,1,0,0,0,0,0,4.392932459658829,2.8073549220576046,3,1,https://1875mvp.top/a4nppaq2/bmA08C/594CKh,1
42,7,23,1,0,0,5,0,0,0,0,0,11,0,1,0,0,0,0,0,4.345313412039782,2.8073549220576046,3,1,https://1850mvp.top/a4nppaq2/bmA08C/594CKh,1
42,7,23,1,0,0,5,0,0,0,0,0,11,0,1,0,0,0,0,0,4.395310208947159,2.8073549220576046,3,1,https://1420zra.top/a4nppaq2/bmA08C/594CKh,1
42,7,23,1,0,0,5,0,0,0,0,0,11,0,1,0,0,0,0,0,4.478876280478754,2.8073549220576046,3,1,https://1365mqk.top/a4nppaq2/bmA08C/594CKh,1
42,7,23,1,0,0,5,0,0,0,0,0,11,0,1,0,0,0,0,0,4.478876280478754,2.8073549220576046,3,1,https://1357mqk.top/a4nppaq2/bmA08C/594CKh,1
43,8,23,1,0,0,5,0,0,0,0,0,15,0,1,0,0,0,0,0,4.609534162172708,3.0,3,1,https://13264879.xyz/a4nppaq2/bmA08C/594CKh,1
43,8,23,1,0,0,5,0,0,0,0,0,15,0,1,0,0,0,0,0,4.627089685478835,3.0,3,1,https://12693758.xyz/a4nppaq2/bmA08C/594CKh,1
43,8,23,1,0,0,5,0,0,0,0,0,15,0,1,0,0,0,0,0,4.563022534265731,3.0,3,1,https://10483927.xyz/a4nppaq2/bmA08C/594CKh,1
26,9,1,2,0,0,3,0,0,0,0,0,6,0,1,1,0,0,0,1,3.95006375643621,2.94770277922009,3,0,https://www.grv826151.pro/,1
37,9,12,3,0,0,3,0,0,0,0,0,6,0,1,1,0,0,0,1,4.036910717378838,2.94770277922009,3,0,https://www.grv826151.pro/captcha.php,1
28,9,1,2,0,0,3,0,0,0,0,0,6,0,1,0,0,0,0,1,4.208966082694623,2.94770277922009,3,0,https://wafia.grv826151.pro/,1
39,9,12,3,0,0,3,0,0,0,0,0,6,0,1,0,0,0,0,1,4.141064001347103,2.94770277922009,3,0,https://wafia.grv826151.pro/captcha.php,1
30,9,1,2,0,0,3,0,0,0,0,0,6,0,1,0,0,0,0,1,4.139572261986723,2.94770277922009,3,0,https://patrick.grv826151.pro/,1
41,9,12,3,0,0,3,0,0,0,0,0,6,0,1,0,0,0,0,1,4.039525174927651,2.94770277922009,3,0,https://patrick.grv826151.pro/captcha.php,1
28,9,1,2,0,0,3,0,0,0,0,0,6,0,1,0,0,0,0,1,4.208966082694623,2.94770277922009,3,0,https://alain.grv826151.pro/,1
39,9,12,3,0,0,3,0,0,0,0,0,6,0,1,0,0,0,0,1,4.141064001347103,2.94770277922009,3,0,https://alain.grv826151.pro/captcha.php,1
31,9,1,2,0,0,3,0,0,0,0,0,6,0,1,0,0,0,0,1,4.284683810317086,2.94770277922009,3,0,https://michelle.grv826151.pro/,1
40,9,10,3,0,0,3,0,0,0,0,0,6,0,1,0,0,0,0,1,4.396439344671016,2.94770277922009,3,0,https://michelle.grv826151.pro/index.php,1
33,9,1,2,0,0,3,0,0,0,0,0,6,0,1,0,0,0,0,1,4.081532376606413,2.94770277922009,3,0,https://christophe.grv826151.pro/,1
44,9,12,3,0,0,3,0,0,0,0,0,6,0,1,0,0,0,0,1,4.04718240301417,2.94770277922009,3,0,https://christophe.grv826151.pro/captcha.php,1
33,8,1,3,0,0,3,0,0,0,0,0,3,0,1,1,0,0,0,2,3.9603202553942918,2.1556390622295662,3,0,https://www.032eass.hyperphp.com/,1
20,2,7,1,0,0,3,0,0,0,0,0,0,0,1,0,0,0,0,0,3.8841837197791893,1.0,2,0,https://rb.gy/rqvjzx,1
24,2,7,2,0,0,3,0,0,0,0,0,0,0,1,1,0,0,0,1,3.9387218755408675,1.0,2,0,https://www.rb.gy/rqvjzx,1
241,9,95,2,12,5,4,0,1,5,4,4,9,0,1,0,0,0,1,1,4.705469213246005,2.94770277922009,3,0,https://app-mercadopromo.myshopify.com/products/geladeira-electrolux-frost-free-inverter-410l-efficient-com-autosense-inox-look-if46s?utm_source=organic&amp;amp%3Butm_campaign=&amp;amp%3Butm_medium=&amp;amp%3Butm_content=&amp;amp%3Butm_term=,1
47,18,1,2,1,0,3,0,0,0,0,0,10,0,1,0,0,0,0,1,4.61278752175231,3.9477027792200903,3,0,https://allegrolokainie.iaukcj8321920-h345.lat/,1
45,18,0,2,1,0,2,0,0,0,0,0,10,0,0,0,0,0,0,1,4.569413651789077,3.9477027792200903,3,0,http://allegrolokainie.iaukcj8321920-h345.lat,1
73,9,37,2,4,0,4,0,0,0,0,0,13,0,0,0,0,0,0,1,4.3900426686710565,2.94770277922009,3,1,http://allegrolokalnie.ido487579.top/depilator-ipl-philips-lumea-99/91554,1
39,12,0,2,1,0,2,0,0,0,0,0,8,0,0,0,0,0,0,1,4.548097411114467,3.2516291673878226,3,0,http://allegrolokalnie.com-45295862.cfd,1
31,12,0,2,1,0,2,0,0,0,0,0,8,0,0,0,0,0,0,1,4.438067278128811,3.2516291673878226,3,0,http://allegro.com-45295862.cfd,1
33,6,9,2,0,0,4,0,0,0,0,0,0,0,1,0,0,0,1,1,3.8589572866686432,2.584962500721156,5,1,https://brt.mrwgbp.click/track/it,1
22,4,7,1,0,0,3,0,0,0,0,0,0,0,1,0,0,0,0,0,4.061482186720776,2.0,2,0,https://qrco.de/bgoHDU,1
45,9,6,2,2,0,3,0,0,0,0,0,0,0,0,0,0,0,0,1,4.185320040341426,2.94770277922009,3,0,http://started-trezriocdn.wixstudio.com/en-us,1
50,9,6,2,2,0,3,0,0,0,0,0,3,0,1,0,0,0,0,1,4.32307418942857,2.94770277922009,3,0,https://started-trezriocdn.wixstudio.com:443/en-us,1
45,9,6,2,2,0,3,0,0,0,0,0,0,0,0,0,0,0,0,1,4.207976707200401,2.94770277922009,3,0,http://startapps-trezrcdn.wixstudio.com/en-us,1
50,9,6,2,2,0,3,0,0,0,0,0,3,0,1,0,0,0,0,1,4.3361746300696415,2.94770277922009,3,0,https://startapps-trezrcdn.wixstudio.com:443/en-us,1
45,9,6,2,2,0,3,0,0,0,0,0,0,0,0,0,0,0,0,1,4.185320040341426,2.94770277922009,3,0,http://started-trezriocdn.wixstudio.com/us-en,1
50,9,6,2,2,0,3,0,0,0,0,0,3,0,1,0,0,0,0,1,4.32307418942857,2.94770277922009,3,0,https://started-trezriocdn.wixstudio.com:443/us-en,1
40,9,5,2,1,0,3,0,0,0,0,0,0,0,0,0,0,0,0,1,4.106198332810095,2.94770277922009,3,0,http://homestarted-io.wixstudio.com/usen,1
38,9,6,2,2,0,3,0,0,0,0,0,0,0,0,0,0,0,0,1,4.13569955274647,2.94770277922009,3,0,http://ioweb-trexo.wixstudio.com/en-us,1
46,9,6,2,2,0,3,0,0,0,0,0,0,0,1,0,0,0,0,1,4.189125478116705,2.94770277922009,3,0,https://startapps-trezrcdn.wixstudio.com/us-en,1
51,9,6,2,2,0,3,0,0,0,0,0,3,0,1,0,0,0,0,1,4.452056107510172,2.94770277922009,3,0,https://appsstart-ledgrlive.wixstudio.com:443/us-en,1
46,9,6,2,2,0,3,0,0,0,0,0,0,0,0,0,0,0,0,1,4.33597085859852,2.94770277922009,3,0,http://appsstart-ledgrlive.wixstudio.com/us-en,1
47,9,6,2,2,0,3,0,0,0,0,0,0,0,1,0,0,0,0,1,4.3154647887515205,2.94770277922009,3,0,https://appsstart-ledgrlive.wixstudio.com/us-en,1
41,9,6,2,2,0,3,0,0,0,0,0,0,0,0,0,0,0,0,1,4.247557492317427,2.94770277922009,3,0,http://open-ledgrecom.wixstudio.com/us-en,1
82,9,43,2,6,0,4,0,0,0,0,0,12,0,1,0,0,0,0,1,4.647553108463306,3.169925001442312,4,0,https://allegrolokalinie.pl-384572.shop/oferta/nowy-glosnik-jbl-boombox-3-8804b0ae,1
47,9,6,2,2,0,3,0,0,0,0,0,0,0,1,0,0,0,0,1,4.3154647887515205,2.94770277922009,3,0,https://appsstart-ledgrlive.wixstudio.com/en-us,1
41,9,6,2,1,0,3,0,0,0,0,0,0,0,0,0,0,0,1,1,4.220254675762214,2.94770277922009,3,0,http://open-ledgrecom.wixstudio.com/login,1
40,9,5,2,1,0,3,0,0,0,0,0,0,0,0,0,0,0,0,1,4.234183719779189,2.94770277922009,3,0,http://open-ledgrecom.wixstudio.com/enus,1
37,6,4,2,1,0,3,0,0,0,0,0,0,0,1,0,0,0,0,1,3.8951509201400123,2.584962500721156,3,0,https://solflare-pages.zapier.app/org,1
33,6,1,2,1,0,3,0,0,0,0,0,0,0,1,0,0,0,0,1,3.677139104850461,2.584962500721156,3,0,https://teach-started.zapier.app/,1
35,6,1,2,2,0,3,0,0,0,0,0,0,0,1,0,0,0,0,1,3.954442574694574,2.584962500721156,3,0,https://home-en-desktop.zapier.app/,1
38,6,6,2,2,0,3,0,0,0,0,0,0,0,1,0,0,0,1,1,4.083067973799102,2.584962500721156,3,0,https://live-ledgr-en.zapier.app/login,1
43,14,1,2,2,0,3,0,0,0,0,0,8,0,0,0,0,0,0,1,4.5829005103651115,3.5216406363433186,3,0,http://allegro-lokalnie.smart-23059238.cfd/,1
44,14,1,2,2,0,3,0,0,0,0,0,8,0,1,0,0,0,0,1,4.589780198035243,3.5216406363433186,3,0,https://allegro-lokalnie.smart-23059238.cfd/,1
28,8,1,2,1,0,3,0,0,0,0,0,6,0,0,0,0,0,0,1,4.280394654123194,2.75,3,0,http://allegro.8810h-54.cfd/,1
29,8,1,2,1,0,3,0,0,0,0,0,6,0,1,0,0,0,0,1,4.349191770915039,2.75,3,0,https://allegro.8810h-54.cfd/,1
20,2,7,1,0,0,3,0,0,0,0,0,1,0,1,0,0,0,0,0,3.8841837197791893,1.0,2,0,https://rb.gy/mc0igd,1
42,7,23,2,0,0,5,0,0,0,0,0,2,0,1,0,0,0,0,0,4.136863709607319,2.8073549220576046,3,0,https://wfomega.com/sond/modr1/konda1.html,1
61,13,7,2,3,0,4,0,0,0,0,0,0,0,1,0,0,0,1,1,4.150927091164713,3.180832987205441,3,0,https://meinelogin-dkb-kreditdeutshe.redirecte-mah.icu/intel/,1
42,30,0,1,2,0,2,0,0,0,0,0,0,0,1,0,0,0,0,0,4.272804327334621,3.6980685120588386,3,0,https://konto-aktivieren-dkbgeldanlage.com,1
47,14,22,1,0,1,6,0,0,0,0,0,0,0,1,0,0,0,0,0,4.051840117994857,3.378783493486176,2,0,https://isokonsulterna.se/loks/public_html/php/,1
40,13,15,1,0,0,4,0,0,0,0,0,0,0,1,0,0,0,0,0,4.215311532225103,3.0850551027564768,3,0,https://harrykohlmann.com/kundenservice/,1
58,17,8,2,2,0,4,0,0,0,0,0,0,0,1,0,0,0,1,1,4.167651684484335,3.0516016368717036,2,0,https://dkb-logins-kreditbank.baitalarablaundry.ae/de/apps,1
36,15,1,2,1,0,3,0,0,0,0,0,0,0,1,0,0,0,1,1,4.2527152789797045,3.589898095464288,3,0,https://banking.dkb-deutschland.com/,1
49,19,14,3,1,0,3,0,0,0,0,0,3,0,1,0,0,0,0,1,4.321157232171246,3.5110854081804277,2,0,https://suid.kinderschuhe-krempe.de/l2ar6xd9.html,1
29,8,6,2,0,0,4,0,0,0,0,0,1,0,1,0,0,0,0,1,4.168325822713779,2.75,2,0,https://min.ambulace.fr/win0/,1
194,20,124,2,2,0,16,0,1,1,0,0,7,0,0,0,0,0,0,0,4.859493537646824,3.4219280948873627,3,0,http://fueguitosdelmoquehue.com/wp-content/plugins/mailpoet/vendor/woocommerce/email-editor/src/Integrations/Core/Renderer/Blocks/icons/audio/authorize.php?r=bD1odHRwczovL3Nob3J0dXJsLmF0L1Z6Zlpr,1
22,6,1,2,0,0,3,0,0,0,0,0,4,0,1,0,0,0,0,1,3.7887549139935035,2.2516291673878226,3,0,https://ww.ce2661.pro/,1
28,6,7,3,0,0,3,0,0,0,0,0,4,0,1,0,0,0,0,1,3.8248629576173565,2.2516291673878226,3,0,https://ww.ce2661.pro/as.php,1
27,6,1,2,0,0,3,0,0,0,0,0,4,0,1,0,0,0,0,1,4.060262039120377,2.2516291673878226,3,0,https://evanica.ce2661.pro/,1
33,6,7,3,0,0,3,0,0,0,0,0,4,0,1,0,0,0,0,1,4.0060710131011685,2.2516291673878226,3,0,https://evanica.ce2661.pro/as.php,1
25,6,1,2,0,0,3,0,0,0,0,0,4,0,1,0,0,0,0,1,4.053660689688186,2.2516291673878226,3,0,https://adolf.ce2661.pro/,1
31,6,7,3,0,0,3,0,0,0,0,0,4,0,1,0,0,0,0,1,4.002268084440845,2.2516291673878226,3,0,https://adolf.ce2661.pro/as.php,1
27,6,1,2,0,0,3,0,0,0,0,0,4,0,1,0,0,0,0,1,3.9582291686698783,2.2516291673878226,3,0,https://alberto.ce2661.pro/,1
33,6,7,3,0,0,3,0,0,0,0,0,4,0,1,0,0,0,0,1,3.945464952495108,2.2516291673878226,3,0,https://alberto.ce2661.pro/as.php,1
29,6,1,2,0,0,3,0,0,0,0,0,4,0,1,0,0,0,0,1,3.9093680639438846,2.2516291673878226,3,0,https://eberstein.ce2661.pro/,1
35,6,7,3,0,0,3,0,0,0,0,0,4,0,1,0,0,0,0,1,3.95729587384057,2.2516291673878226,3,0,https://eberstein.ce2661.pro/as.php,1
81,9,43,2,6,0,4,0,0,0,0,0,12,0,1,0,0,0,0,1,4.63873333693622,3.169925001442312,3,0,https://allegrolokalinie.pl-452389.sbs/oferta/nowy-glosnik-jbl-boombox-3-8804b0ae,1
28,15,1,1,0,0,3,0,0,0,0,0,0,0,1,0,0,0,0,0,3.994680368408909,3.106890595608519,3,0,https://jasakirimbarang.com/,1
26,14,0,1,0,0,2,0,0,0,0,0,0,0,1,0,0,0,0,0,3.9790978911348054,3.1820058147602137,3,0,https://renewmyplannow.com,1
30,14,0,2,0,0,2,0,0,0,0,0,0,0,1,1,0,0,0,1,3.894739663055176,3.1820058147602137,3,0,https://www.renewmyplannow.com,1
38,14,12,2,0,0,3,0,0,0,0,0,0,0,1,0,0,0,0,0,3.928481053248385,3.1820058147602137,3,0,https://renewmyplannow.com/captcha.php,1
28,9,0,2,0,0,2,0,0,0,0,0,0,0,1,0,0,0,0,1,3.9677201004744993,2.5032583347756456,3,0,https://cesnet.adianjing.com,1
72,13,21,3,2,0,5,0,0,0,0,0,14,0,1,0,0,0,0,1,4.846891932467571,3.238901256602631,3,0,https://wordpress-1625183-6419955.cloudwaysapps.com/MAGENTA/auth/log.php,1
76,12,36,2,3,0,5,0,0,0,0,0,11,0,1,0,0,0,0,1,4.556881383245935,3.584962500721156,3,0,https://allegrolokalnie.oferta963254.cfd/oferta/sprzedam-kojec-dla-psa/29922,1
23,10,1,1,0,0,3,0,0,0,0,0,0,0,1,0,0,0,0,0,3.8492239123906247,3.1219280948873624,3,0,https://amelinksta.com/,1
25,12,1,1,1,0,3,0,0,0,0,0,0,0,1,0,0,0,0,0,3.7532696895151085,2.918295834054489,3,0,https://santes-panel.com/,1
32,12,8,1,1,0,3,0,0,0,0,0,0,0,1,0,0,0,0,0,3.8973683589017414,2.918295834054489,3,0,https://santes-panel.com/explain,1
28,11,3,1,1,0,3,0,0,0,0,0,0,0,1,0,0,0,0,0,3.624518654958899,2.9139770731827523,5,0,https://points-shop.quest/ms,1
29,11,3,1,1,0,3,0,0,0,0,0,0,0,1,0,0,0,0,0,3.771437029461126,2.9139770731827523,6,0,https://points-shop.makeup/ms,1
46,8,8,4,0,0,5,0,0,0,0,0,10,0,1,0,0,0,0,3,4.42292738033765,2.75,4,0,https://s1167342.ha021.t.mydomain.zone/js/jnc/,1
48,4,23,3,1,0,3,0,0,0,0,0,6,0,1,0,0,0,0,1,4.263589126445728,2.0,2,0,https://team-4067.twil.io/Arubateamitalie26.html,1
22,6,4,1,1,0,4,0,0,0,0,0,0,0,1,0,0,0,0,0,3.4251185503571397,2.2516291673878226,3,0,https://brt-it.sbs/IT/,1
41,20,9,1,2,0,4,0,0,0,0,0,4,0,1,0,0,0,1,0,4.326706577630513,3.7219280948873625,3,0,https://secure-domainrenew26.com/at-ar10/,1
22,3,8,1,0,0,3,0,0,0,0,0,0,0,1,0,0,0,0,0,3.720128777433188,0.9182958340544896,2,0,https://goo.su/MVEtfov,1
49,5,1,2,0,0,3,0,1,1,1,0,0,0,1,1,0,0,0,1,4.818392496999823,2.321928094887362,3,0,https://www.nzvri.com/?MGBXGGKrtFHJ&amp;type=line,1
49,5,1,2,0,0,3,0,1,1,1,0,0,0,1,1,0,0,0,1,4.711349384799077,2.321928094887362,3,0,https://www.nzvri.com/?TnUOwkhgvWUp&amp;type=line,1
32,6,9,2,0,0,4,0,0,0,0,0,0,0,1,0,0,0,0,1,4.0121987351738495,2.584962500721156,4,0,https://brt.syjved.help/track/it,1
31,6,10,2,0,0,5,0,0,0,0,0,0,0,1,0,0,0,0,1,3.8582553926114853,2.584962500721156,2,0,https://brt.kyvwqz.cc/track/it/,1
33,6,9,2,0,0,4,0,0,0,0,0,0,0,1,0,0,0,1,1,3.8589572866686432,2.2516291673878226,5,1,https://brt.oqubru.click/track/it,1
35,17,6,1,1,0,3,0,0,0,0,0,0,0,1,0,0,0,1,0,4.128724445269142,3.5280643115840493,3,0,https://relais-expedition.com/login,1
33,17,0,2,1,0,2,0,0,0,0,0,0,0,1,1,0,0,0,1,4.165013816065912,3.5280643115840493,3,0,https://www.relais-expedition.com,1
49,5,1,2,0,0,3,0,1,1,1,0,2,0,1,1,0,0,0,1,4.74472636486846,2.321928094887362,3,0,https://www.qchtg.com/?2Iz6KOshIxtH&amp;type=line,1
49,5,1,2,0,0,3,0,1,1,1,0,1,0,1,1,0,0,0,1,4.736759843938599,2.321928094887362,3,0,https://www.qchtg.com/?ZndhPW3ACnXn&amp;type=line,1
54,4,19,3,3,0,5,0,0,0,0,0,1,0,1,0,0,0,0,1,4.115159030978574,2.0,2,0,https://www-bper-it-service.pyrt.pt/it/auth/index1.php,1
44,4,9,2,3,0,5,0,0,0,0,0,0,0,1,0,0,0,0,1,3.8904415631905387,2.0,2,0,https://www-bper-it-service.pyrt.pt/it/auth/,1
70,9,19,5,2,0,3,0,0,0,0,0,2,0,1,0,0,0,1,3,4.3402465966989885,2.6416041678685938,3,0,https://londonfribasecoi.s3.us-east-1.amazonaws.com/dezdzedezdzed.html,1
43,9,7,2,2,0,3,0,0,0,0,0,0,0,1,0,0,0,0,1,4.248841720211617,2.94770277922009,3,0,https://startioenledgr.wixstudio.com/us--en,1
49,9,10,2,2,0,3,0,0,0,0,0,0,0,1,0,0,0,0,1,4.057961376003088,2.94770277922009,3,0,https://trezio-appstarted.wixstudio.com/suite-app,1
51,9,13,2,3,0,3,0,0,0,0,0,0,0,1,0,0,0,0,1,4.319607332957947,2.94770277922009,3,0,https://bridge-homelives.wixstudio.com/bridge-en-us,1
45,9,7,2,1,0,3,0,0,0,0,0,0,0,1,0,0,0,0,1,4.341310040533735,2.94770277922009,3,0,https://bridge-learnpage.wixstudio.com/bridge,1
42,9,6,2,3,0,3,0,0,0,0,0,0,0,1,0,0,0,0,1,4.129947184477477,2.94770277922009,3,0,https://trexor-io-view.wixstudio.com/us-en,1
44,9,6,2,2,0,3,0,0,0,0,0,0,0,1,0,0,0,0,1,4.282739857027813,2.94770277922009,3,0,https://leddgeliva-wallt.wixstudio.com/us-en,1
45,9,8,2,1,0,3,0,0,0,0,0,0,0,1,0,0,0,0,1,4.178088307912703,2.94770277922009,3,0,https://livesso-ledgrio.wixstudio.com/walllet,1
49,9,12,2,3,0,3,0,0,0,0,0,0,0,1,0,0,0,0,1,4.351968966953429,2.94770277922009,3,0,https://begin-logorlive.wixstudio.com/us-en-start,1
41,9,6,2,2,0,3,0,0,0,0,0,0,0,1,0,0,0,0,1,4.229145602020757,2.94770277922009,3,0,https://liveglive-eng.wixstudio.com/en-us,1
47,9,8,2,2,0,3,0,0,0,0,0,0,0,1,0,0,0,0,1,4.333651022204145,2.94770277922009,3,0,https://liveledgr-en-page.wixstudio.com/connect,1
43,9,8,2,2,0,3,0,0,0,0,0,0,0,1,0,0,0,0,1,4.3906990567258,2.94770277922009,3,0,https://faqs-lognlive.wixstudio.com/live-en,1
45,9,6,2,3,0,3,0,0,0,0,0,0,0,1,0,0,0,0,1,4.258876575099364,2.94770277922009,3,0,https://logon-live-starts.wixstudio.com/en-us,1
49,10,19,3,0,0,5,0,0,0,0,0,1,0,1,0,0,0,0,1,4.165858446978658,2.6464393446710157,3,0,https://cliente.gruppobper.cfd/it/auth/index1.php,1
38,10,8,2,0,0,4,0,0,0,0,0,0,0,1,0,0,0,0,1,4.0804399351119995,2.6464393446710157,3,0,https://cliente.gruppobper.cfd/it/auth,1
39,10,9,2,0,0,5,0,0,0,0,0,0,0,1,0,0,0,0,1,4.055295335502323,2.6464393446710157,3,0,https://cliente.gruppobper.cfd/it/auth/,1
27,10,1,2,0,0,3,0,0,0,0,0,0,0,1,1,0,0,0,1,3.736006946447656,2.6464393446710157,3,0,https://www.gruppobper.one/,1
38,6,21,3,0,0,3,0,0,0,0,0,1,0,1,0,0,0,0,0,4.411758105264182,2.584962500721156,2,0,https://xuesqj.cn/kaNyXslgm6.kyoto.com,1
80,6,1,3,6,0,3,0,0,0,0,0,26,0,1,0,0,0,0,2,4.711514500677626,2.584962500721156,3,0,https://9de97b3a-2d2f-42df-9e16-8b1253b7d012-00-1js9sr2gafwj3.picard.replit.dev/,1
28,6,1,2,0,0,3,0,0,0,0,0,0,0,1,0,0,0,0,1,3.7264741182543752,2.2516291673878226,3,0,https://vdhedheb.vercel.app/,1
32,7,1,2,1,0,3,0,0,0,0,0,0,0,1,0,0,0,0,1,3.917837797403416,2.5216406363433186,2,0,https://gemini-lugin.gitbook.io/,1
34,7,3,2,1,0,3,0,0,0,0,0,0,0,1,0,0,0,0,1,3.9513101799829666,2.5216406363433186,2,0,https://gemini-lugin.gitbook.io/us,1
34,3,1,3,0,0,3,0,0,0,0,0,0,0,1,0,0,0,0,1,3.9764499732851237,1.584962500721156,5,0,https://danaaindoonesia.wvx.my.id/,1
32,7,1,2,0,0,3,0,0,0,0,0,0,0,1,0,0,0,0,1,3.9139097655573916,2.5216406363433186,2,0,https://metamsklogec.gitbook.io/,1
34,7,3,2,0,0,3,0,0,0,0,0,0,0,1,0,0,0,0,1,3.9032080616476805,2.5216406363433186,2,0,https://metamsklogec.gitbook.io/is,1
33,6,1,2,1,0,3,0,0,0,0,0,0,0,1,0,0,0,0,1,3.873812589567827,2.2516291673878226,3,0,https://vdhedheb-etws.vercel.app/,1
32,6,1,2,0,0,3,0,0,0,0,0,0,0,1,0,0,0,0,1,4.116729296672175,2.2516291673878226,3,0,https://doeusignsafe.vercel.app/,1
40,10,1,2,1,0,3,0,0,0,0,0,8,0,0,0,0,0,0,1,4.453055907333276,2.9219280948873623,4,0,http://allegro-lokalnie.849102g90o.cyou/,1
41,10,1,2,1,0,3,0,0,0,0,0,8,0,1,0,0,0,0,1,4.509871821638487,2.9219280948873623,4,0,https://allegro-lokalnie.849102g90o.cyou/,1
44,14,1,2,1,0,3,0,0,0,0,0,9,0,1,0,0,0,0,1,4.589780198035243,3.378783493486176,3,0,https://allegro-lokalnie.smart239124039.cfd/,1
42,13,1,2,1,0,3,0,0,0,0,0,13,0,0,0,0,0,0,1,4.39531020894716,2.931208948910323,3,0,http://allegro-lokalnie.9017348916743.lat/,1
47,17,1,2,2,0,3,0,0,0,0,0,9,0,1,0,0,0,0,1,4.509494905320961,3.852168723603281,3,0,https://allegro-lokalnie.prywan5238729h-45.lat/,1
47,17,1,2,2,0,3,0,0,0,0,0,11,0,1,0,0,0,0,1,4.418757405182868,3.572469458770136,3,0,https://allegro-lokalnie.ofert34592512-509.lat/,1
46,17,1,2,2,0,3,0,0,0,0,0,9,0,0,0,0,0,0,1,4.455748576083888,3.852168723603281,3,0,http://allegro-lokalnie.prywan5238729h-45.lat/,1
46,17,1,2,2,0,3,0,0,0,0,0,11,0,0,0,0,0,0,1,4.363038521594966,3.572469458770136,3,0,http://allegro-lokalnie.ofert34592512-509.lat/,1
40,11,1,2,1,0,3,0,0,0,0,0,6,0,0,0,0,0,0,1,4.2628148954723555,3.277613436819116,3,0,http://allegro-lokalnie.smart039120.lat/,1
46,15,1,2,1,0,3,0,0,0,0,0,8,0,1,0,0,0,0,1,4.5719437493001145,3.640223928941852,4,0,https://allegro-lokalnie.prywatn83812034.bond/,1
41,11,1,2,1,0,3,0,0,0,0,0,6,0,1,0,0,0,0,1,4.275490346652223,3.277613436819116,3,0,https://allegro-lokalnie.smart039120.lat/,1
45,15,1,2,1,0,3,0,0,0,0,0,8,0,0,0,0,0,0,1,4.519087818311512,3.640223928941852,4,0,http://allegro-lokalnie.prywatn83812034.bond/,1
36,7,1,2,1,0,3,0,0,0,0,0,1,0,1,0,0,0,1,1,4.162573265150912,2.5216406363433186,3,0,https://microsoft-1ogin.duckdns.org/,1
37,15,0,2,1,0,2,0,0,0,0,0,6,0,1,0,0,0,1,1,4.3241861358407485,3.640223928941852,5,1,https://allegro.pl-oferta937573.click,1
44,8,0,2,2,0,2,0,0,0,0,0,0,0,1,0,0,0,0,1,4.125999017204181,2.25,3,0,https://webservice-optusenet-au.onrender.com,1
64,5,0,2,4,0,2,0,0,0,0,0,5,0,1,0,0,0,0,1,4.3323585007312415,2.321928094887362,3,0,https://google-optusenet-au-optimization-authid35t78u6.pages.dev,1
47,17,0,2,1,0,2,0,0,0,0,0,8,0,1,0,0,0,1,1,4.479496830124854,3.9698157824268105,5,1,https://allegrolokalnie.pl-oferta63752791.click,1
37,10,14,1,1,0,3,0,0,1,0,0,10,0,1,0,0,0,0,0,4.465945933079573,3.1219280948873624,4,0,https://gift-stean.shop/id=5947221648,1
34,3,1,2,0,0,3,0,0,0,0,0,5,0,1,0,0,0,1,1,4.47702497353965,1.584962500721156,2,0,https://milogin2026ecuad0r.zya.me/,1
51,6,1,2,4,0,3,0,0,0,0,0,0,0,1,0,0,0,0,1,4.127445194530884,2.584962500721156,3,0,https://php-web-server--juarezmichelsui.replit.app/,1
41,13,0,2,0,0,2,0,0,0,0,0,13,0,0,0,0,0,0,1,4.363530358223853,2.6235166412180155,4,0,http://allegrolokalnie.8301273483231.shop,1
43,13,1,2,0,0,3,0,0,0,0,0,13,0,1,0,0,0,0,1,4.367897894136355,2.6235166412180155,4,0,https://allegrolokalnie.8301273483231.shop/,1
46,7,16,3,1,0,3,0,0,0,0,0,0,0,1,0,0,0,0,1,4.131407607854671,2.8073549220576046,2,0,https://paypay-card.hdgfzkr.cn/fingerprint.php,1
46,7,16,3,1,0,3,0,0,0,0,0,0,0,1,0,0,0,0,1,4.218364129593801,2.8073549220576046,2,0,https://paypay-card.xnlscku.cn/fingerprint.php,1
46,7,16,3,1,0,3,0,0,0,0,0,0,0,1,0,0,0,0,1,4.142064672977998,2.5216406363433186,2,0,https://paypay-card.dqcyszq.cn/fingerprint.php,1
55,14,16,3,1,0,3,0,0,0,0,0,0,0,1,0,0,0,0,1,4.082706586884286,3.039148671903071,4,0,https://paypay-bank.jeffreystearns.shop/fingerprint.php,1
46,7,16,3,1,0,3,0,0,0,0,0,0,0,1,0,0,0,0,1,4.137161140604462,2.8073549220576046,2,0,https://paypay-card.aqvgnzr.cn/fingerprint.php,1
46,7,16,3,1,0,3,0,0,0,0,0,0,0,1,0,0,0,0,1,4.022788859542722,2.5216406363433186,2,0,https://paypay-card.hpvtwnt.cn/fingerprint.php,1
45,7,16,3,1,0,3,0,0,0,0,0,0,0,0,0,0,0,0,1,3.957729486559511,2.5216406363433186,2,0,http://paypay-card.hpvtwnt.cn/fingerprint.php,1
37,10,0,2,0,0,2,0,0,0,0,0,9,0,0,0,0,0,0,1,4.303783770917411,2.9219280948873623,4,0,http://allegrolokalne.925389h451.shop,1
39,10,1,2,0,0,3,0,0,0,0,0,9,0,1,0,0,0,0,1,4.304257026388136,2.9219280948873623,4,0,https://allegrolokalne.925389h451.shop/,1
31,10,0,2,0,0,2,0,0,0,0,0,9,0,1,0,0,0,0,1,4.220167681284828,2.9219280948873623,4,0,https://allegro.925389h451.shop,1
39,10,0,2,0,0,2,0,0,0,0,0,9,0,1,0,0,0,0,1,4.406821128952238,2.9219280948873623,4,0,https://allegrolokainie.925389h451.shop,1
40,11,1,2,0,0,3,0,0,0,0,0,6,0,1,0,0,0,0,1,4.212814895472356,3.277613436819116,3,0,https://allegrolokalnie.smart039120.lat/,1
38,11,0,2,0,0,2,0,0,0,0,0,6,0,0,0,0,0,0,1,4.205568553589985,3.277613436819116,3,0,http://allegrolokalnie.smart039120.lat,1
39,11,0,2,0,0,2,0,0,0,0,0,6,0,1,0,0,0,0,1,4.259761193221223,3.277613436819116,3,0,https://allegrolokainie.smart039120.lat,1
45,7,16,3,1,0,3,0,0,0,0,0,0,0,0,0,0,0,0,1,4.074643373867068,2.8073549220576046,2,0,http://paypay-card.aqvgnzr.cn/fingerprint.php,1
54,14,16,3,1,0,3,0,0,0,0,0,0,0,0,0,0,0,0,1,4.0848725120267275,3.039148671903071,4,0,http://paypay-bank.jeffreystearns.shop/fingerprint.php,1
34,11,11,1,0,0,3,0,0,1,0,0,7,0,0,0,0,0,0,0,4.513645929358371,3.277613436819116,4,0,http://vsemiralbom.cyou/id=5129515,1
24,6,1,2,0,0,3,0,0,0,0,0,0,0,1,1,0,0,0,1,3.542481250360578,2.584962500721156,4,0,https://www.ksfheb.shop/,1
23,6,1,2,0,0,3,0,0,0,0,0,0,0,0,1,0,0,0,1,3.5555331514269954,2.584962500721156,4,0,http://www.ksfheb.shop/,1
29,7,0,2,1,0,2,0,0,0,0,0,0,0,0,0,0,0,0,1,3.7974676329840045,2.5216406363433186,3,0,http://net-uphold.created.app,1
31,7,1,2,1,0,3,0,0,0,0,0,0,0,1,0,0,0,0,1,3.873235826376329,2.5216406363433186,3,0,https://net-uphold.created.app/,1
33,13,8,1,1,0,5,0,0,0,0,0,1,0,1,0,0,0,0,0,4.222593650305007,3.7004397181410926,3,0,https://netf1lix-pago.com/pay/de/,1
19,8,0,1,0,0,2,0,0,0,0,0,0,0,0,0,0,0,0,0,3.8268748818646383,3.0,3,0,http://resolvfi.one,1
30,8,11,2,0,0,3,0,0,0,0,0,0,0,0,0,0,0,1,0,3.8980685120588388,3.0,3,0,http://resolvfi.one/verify.php,1
52,14,27,2,0,0,4,0,0,0,0,0,0,0,1,0,0,0,0,0,4.2173740358571745,3.235926350629033,2,0,https://egmtransportes.cl/metalworkservice/index.php,1
44,15,0,2,1,0,2,0,0,0,0,0,8,0,1,0,0,0,0,1,4.572623663895164,3.640223928941852,4,0,https://allegrolokainie.aukcj82180-43h4.shop,1
37,6,1,3,1,0,3,0,0,0,0,0,0,0,1,1,0,0,0,2,4.222174311224063,2.2516291673878226,3,0,https://www.netflixy-bixy.vercel.app/,1
39,19,8,1,0,0,4,0,0,0,0,0,0,0,1,0,0,0,0,0,3.9542189634547196,3.1158340921632206,3,0,https://samsunaritmaservisi.com/PassMy/,1
45,14,1,2,1,0,3,0,0,0,0,0,1,0,1,0,0,0,0,1,4.430198929422623,3.235926350629033,3,0,https://seducerhome-xjv7v.ondigitalocean.app/,1
88,9,68,2,3,0,10,0,0,0,0,0,0,0,1,0,0,0,1,0,4.125633222418039,2.725480556997868,2,0,https://beersmans.be/wp-content/plugins/wp-mail-smtp/assets/css/emails/servive/login.php,1
40,10,17,2,1,0,4,0,0,0,0,0,1,0,1,0,0,0,0,0,4.3719280948873624,3.1219280948873624,4,0,https://fi-delitby.cyou/8dgcrm/page.html,1
35,10,9,2,1,0,4,0,0,0,0,0,0,0,1,1,0,0,0,1,4.043568731230681,2.9219280948873623,3,0,https://www.mylusmedya.com/wp-mail/,1
24,6,1,2,0,0,3,0,0,0,0,0,0,0,1,1,0,0,0,1,3.542481250360578,2.584962500721156,4,0,https://www.platxe.shop/,1
37,12,1,3,0,0,3,0,0,0,0,0,0,0,1,1,0,0,0,2,3.877447621976402,2.8553885422075336,3,0,https://www.contact.botticelliri.com/,1
36,5,1,2,0,0,3,0,0,0,0,0,4,0,0,0,0,0,0,1,4.363826390090815,1.9219280948873623,3,0,http://ws0utlouk365servic.iceiy.com/,1
17,4,1,1,0,0,3,0,0,0,0,0,0,0,1,0,0,0,0,0,3.2927701939369904,1.5,3,0,https://dpde.lat/,1
15,4,0,1,0,0,2,0,0,0,0,0,0,0,0,0,0,0,0,0,3.1898980954642875,1.5,3,0,http://dpde.lat,1
28,5,1,2,0,0,3,0,0,0,0,0,0,0,0,0,0,0,0,1,3.6689869584530608,2.321928094887362,3,0,http://wevtesolve.pages.dev/,1
29,5,1,2,0,0,3,0,0,0,0,0,0,0,1,0,0,0,0,1,3.6638709784692725,2.321928094887362,3,0,https://wevtesolve.pages.dev/,1
37,6,1,2,2,0,3,0,0,0,0,0,0,0,1,0,0,0,0,1,3.97230640587713,2.2516291673878226,3,0,https://segurit-incrit-ec.vercel.app/,1
26,15,0,1,0,0,2,0,0,0,0,0,0,0,0,0,0,0,0,0,4.026986833359287,3.323231428797621,3,0,http://jagdambamobiles.com,1
41,12,17,1,1,0,4,0,1,0,0,0,9,0,1,0,0,0,0,0,4.521828528850025,3.2516291673878226,2,0,https://ricardo-kauf.ch/select/199190724?,1
23,8,0,2,1,0,2,0,0,0,0,0,0,0,0,0,0,0,0,1,3.588354347173233,3.0,3,0,http://dpd.ch-postl.com,1
34,10,12,2,1,0,3,0,0,0,0,0,0,0,1,0,0,0,0,0,4.02085512047121,3.1219280948873624,3,0,https://re-netlfix.com/captcha.php,1
83,4,1,3,0,0,3,0,0,0,0,0,12,0,1,0,0,0,0,2,4.880903666668071,2.0,4,1,https://bafkreidqteie7g35xw7rlopugwxrg2qe4mcgku2j2h6ryj4gj6rkoa2yoe.ipfs.dweb.link/,1
82,4,1,3,0,0,3,0,0,0,0,0,6,0,0,0,0,0,0,2,4.764036266808347,2.0,4,1,http://bafkreib5a2pevnxcwy6nv2q4ysjyppjehbxjpoms6fwaoqtdetxrdccswa.ipfs.dweb.link/,1
83,4,1,3,0,0,3,0,0,0,0,0,6,0,1,0,0,0,0,2,4.7572330340597535,2.0,4,1,https://bafkreib5a2pevnxcwy6nv2q4ysjyppjehbxjpoms6fwaoqtdetxrdccswa.ipfs.dweb.link/,1
83,4,1,3,0,0,3,0,0,0,0,0,7,0,1,0,0,0,0,2,4.775423094352849,2.0,4,1,https://bafkreia7tn2zkgorgvqihnjxfmqpvrekdrhs5mh5ppffpuyp43opdkrar4.ipfs.dweb.link/,1
82,4,1,3,0,0,3,0,0,0,0,0,7,0,0,0,0,0,0,2,4.772024340369976,2.0,4,1,http://bafkreia7tn2zkgorgvqihnjxfmqpvrekdrhs5mh5ppffpuyp43opdkrar4.ipfs.dweb.link/,1
30,5,3,2,1,0,3,0,0,0,0,0,0,0,1,0,0,0,0,1,4.056564762130955,2.321928094887362,4,1,https://e-uprava.govsi.work/si,1
30,5,3,2,1,0,3,0,0,0,0,0,0,0,1,0,0,0,0,1,4.056564762130955,2.321928094887362,4,0,https://e-uprava.govsi.buzz/si,1
28,8,0,2,1,0,2,0,0,0,0,0,2,0,1,0,0,0,0,1,3.8962915290459277,3.0,4,0,https://e-stat.b8no2fhz.shop,1
30,9,5,2,0,0,4,0,0,0,0,0,0,0,1,1,0,0,0,1,3.631401845392172,2.725480556997868,3,1,https://www.dpdlocoyh.top/com/,1
22,4,7,1,0,0,3,0,0,0,0,0,0,0,1,0,0,0,0,0,3.7544418457133455,2.0,2,0,https://surl.li/uvmuey,1
27,3,13,1,0,0,3,0,0,0,0,0,3,0,1,0,0,0,0,0,4.356558335416674,1.584962500721156,2,0,https://zpr.io/LqMF5M3ng2GY,1
27,3,13,1,0,0,3,0,0,0,0,0,4,0,1,0,0,0,0,0,4.254525464966175,1.584962500721156,2,0,https://zpr.io/fW966xHY2wbp,1
20,2,7,1,0,0,3,0,0,0,0,0,1,0,1,0,0,0,0,0,3.684183719779189,1.0,2,0,https://rb.gy/jgsy0d,1
69,6,40,2,1,0,6,0,0,0,0,0,10,0,1,1,0,0,0,1,4.832595471020086,2.2516291673878226,2,0,https://www.roblox.et/communities/6946372401/Avatar-Designers#!/about,1
47,7,1,5,0,0,3,0,0,0,0,0,1,0,1,0,0,0,0,4,4.248544639225421,2.5216406363433186,3,0,https://gioerdsxctvbnm.z9.web.core.windows.net/,1
47,7,1,5,0,0,3,0,0,0,0,0,1,0,1,0,0,0,0,4,4.307159266931027,2.5216406363433186,3,0,https://uiohgfredswazx.z9.web.core.windows.net/,1
26,10,5,1,0,0,4,0,0,0,0,0,0,0,1,0,0,0,0,0,3.7192945256669794,2.721928094887362,2,0,https://cleanhaven.de/afd/,1
22,4,7,1,0,0,3,0,0,0,0,0,1,0,1,0,0,0,0,0,3.970573095811685,2.0,2,0,https://qrco.de/bgoA6d,1
31,6,1,2,0,0,3,0,0,0,0,0,2,0,1,0,0,0,0,1,4.066784213473103,2.2516291673878226,3,0,https://udhdhshyy68.weebly.com/,1
84,6,61,2,0,0,6,0,0,0,0,0,10,0,1,0,0,0,0,1,5.286438220521842,1.9182958340544896,3,0,https://docs.google.com/drawings/d/1QvZPytjX7kR5ao6MOxD7SWfo6GtKHrqQHbD4l32pfp4/edit,1
84,6,61,2,2,0,6,0,0,0,0,0,6,0,1,0,0,0,0,1,5.128758309833312,1.9182958340544896,3,0,https://docs.google.com/drawings/d/1f-sTiLo7KOEWg0o5HtY9AXuLychGlEpCf-OETEjG8Qs/edit,1
84,6,61,2,1,0,6,0,0,0,0,0,5,0,1,0,0,0,0,1,5.194658387848667,1.9182958340544896,3,0,https://docs.google.com/drawings/d/1xXHdxepJgQ6WRZ2VtTe5CBOzgyc-nppqDanmA8pPwuk/edit,1
84,6,61,2,1,1,6,0,0,0,0,0,7,0,1,0,0,0,0,1,5.219656786302356,1.9182958340544896,3,0,https://docs.google.com/drawings/d/1pH4N7JLtBPq7_lyUMrovM3lUETu-wkgBxRd6j7MyhwY/edit,1
84,6,61,2,1,0,6,0,0,0,0,0,6,0,1,0,0,0,0,1,5.215009649093271,1.9182958340544896,3,0,https://docs.google.com/drawings/d/1wPFSDGvCBgjdPJLxwJG6S27TkjyKHOxerMJtL-7nLl0/edit,1
84,6,61,2,0,2,6,0,0,0,0,0,9,0,1,0,0,0,0,1,5.181024494661445,1.9182958340544896,3,0,https://docs.google.com/drawings/d/1_KS48AFWzvjRuKJfZse98LW41o9QXsvh3glhLA_WxJI/edit,1
84,6,61,2,1,0,6,0,0,0,0,0,8,0,1,0,0,0,0,1,5.183402243949776,1.9182958340544896,3,0,https://docs.google.com/drawings/d/16QaYALdCDNXanJv55hy4cDVh6sFkrS6-XHgVd7rZYOU/edit,1
26,8,7,1,1,0,3,0,0,0,0,0,0,0,1,0,0,0,0,0,4.209867121904036,3.0,2,0,https://qr-codes.io/xpmOKn,1
46,2,2,3,1,0,6,0,1,1,0,0,1,0,1,0,0,0,0,1,4.381620107948734,1.0,2,0,https://l.wl.co/l?u=https://qr-codes.io/qajI2U,1
46,2,2,3,1,0,6,0,1,1,0,0,0,0,1,0,0,0,0,1,4.365209510075616,1.0,2,0,https://l.wl.co/l?u=https://qr-codes.io/EpfAkx,1
69,22,1,2,0,0,3,0,1,0,0,0,5,0,1,0,0,0,1,1,4.520859601392159,3.3519530742463757,3,0,https://managewebappasecureakjsdagfjk.ddfjh457uerdgdfj54edfs.com/?yyy,1
83,6,1,3,0,0,3,0,1,0,0,0,0,0,1,0,0,0,1,1,4.530766389696742,2.2516291673878226,6,0,https://servintlaccmngespymntswebappsverifyngawhjdbasuhvbdyhawsd.euleio.com.br/?yyy,1
29,9,4,2,0,0,3,0,0,0,0,0,0,0,1,1,0,0,0,1,3.7193758224153695,2.725480556997868,3,1,https://www.dpdlocoyx.top/com,1
29,9,4,2,0,0,3,0,0,0,0,0,0,0,1,1,0,0,0,1,3.65041030517399,2.5032583347756456,3,1,https://www.dpdlocoyl.top/com,1
29,9,4,2,0,0,3,0,0,0,0,0,0,0,1,1,0,0,0,1,3.6074753914554893,2.725480556997868,3,1,https://www.dpdlocotk.top/com,1
29,9,4,2,0,0,3,0,0,0,0,0,0,0,1,1,0,0,0,1,3.7193758224153695,2.725480556997868,3,1,https://www.dpdlocoyi.top/com,1
29,9,4,2,0,0,3,0,0,0,0,0,0,0,1,1,0,0,0,1,3.7193758224153695,2.725480556997868,3,1,https://www.dpdlocoyg.top/com,1
29,9,4,2,0,0,3,0,0,0,0,0,0,0,1,1,0,0,0,1,3.6074753914554893,2.725480556997868,3,1,https://www.dpdlocoyt.top/com,1
29,9,4,2,0,0,3,0,0,0,0,0,0,0,1,1,0,0,0,1,3.5949054612278935,2.4193819456463714,3,1,https://www.dpdlocoyo.top/com,1
29,9,4,2,0,0,3,0,0,0,0,0,0,0,1,1,0,0,0,1,3.7193758224153695,2.725480556997868,3,1,https://www.dpdlocore.top/com,1
29,9,4,2,0,0,3,0,0,0,0,0,0,0,1,1,0,0,0,1,3.624379701651112,2.4193819456463714,3,1,https://www.dpdlocoyd.top/com,1
29,9,4,2,0,0,3,0,0,0,0,0,0,0,1,1,0,0,0,1,3.6074753914554893,2.725480556997868,3,1,https://www.dpdlocoyw.top/com,1
29,9,4,2,0,0,3,0,0,0,0,0,0,0,1,1,0,0,0,1,3.7193758224153695,2.725480556997868,3,1,https://www.dpdlocoyz.top/com,1
29,9,4,2,0,0,3,0,0,0,0,0,0,0,1,1,0,0,0,1,3.7193758224153695,2.725480556997868,3,1,https://www.dpdlocoyu.top/com,1
29,9,4,2,0,0,3,0,0,0,0,0,0,0,1,1,0,0,0,1,3.7193758224153695,2.725480556997868,3,1,https://www.dpdlocoyq.top/com,1
29,9,4,2,0,0,3,0,0,0,0,0,0,0,1,1,0,0,0,1,3.7193758224153695,2.725480556997868,3,1,https://www.dpdlocoyj.top/com,1
29,9,4,2,0,0,3,0,0,0,0,0,0,0,1,1,0,0,0,1,3.7193758224153695,2.725480556997868,3,1,https://www.dpdlocoye.top/com,1
29,9,4,2,0,0,3,0,0,0,0,0,0,0,1,1,0,0,0,1,3.6074753914554893,2.725480556997868,3,1,https://www.dpdlocout.top/com,1
29,9,4,2,0,0,3,0,0,0,0,0,0,0,1,1,0,0,0,1,3.7193758224153695,2.725480556997868,3,1,https://www.dpdlocoyb.top/com,1
29,9,4,2,0,0,3,0,0,0,0,0,0,0,1,1,0,0,0,1,3.5949054612278935,2.4193819456463714,3,1,https://www.dpdlocouo.top/com,1
29,9,4,2,0,0,3,0,0,0,0,0,0,0,1,1,0,0,0,1,3.7193758224153695,2.725480556997868,3,1,https://www.dpdlocoui.top/com,1
29,9,4,2,0,0,3,0,0,0,0,0,0,0,1,1,0,0,0,1,3.7193758224153695,2.725480556997868,3,1,https://www.dpdlocoyv.top/com,1
29,9,4,2,0,0,3,0,0,0,0,0,0,0,1,1,0,0,0,1,3.65041030517399,2.725480556997868,3,1,https://www.dpdlocoys.top/com,1
29,9,4,2,0,0,3,0,0,0,0,0,0,0,1,1,0,0,0,1,3.7193758224153695,2.725480556997868,3,1,https://www.dpdlocoyr.top/com,1
29,9,4,2,0,0,3,0,0,0,0,0,0,0,1,1,0,0,0,1,3.495574960495609,2.725480556997868,3,1,https://www.dpdlocotw.top/com,1
29,9,4,2,0,0,3,0,0,0,0,0,0,0,1,1,0,0,0,1,3.6074753914554893,2.5032583347756456,3,1,https://www.dpdlocoyp.top/com,1
29,9,4,2,0,0,3,0,0,0,0,0,0,0,1,1,0,0,0,1,3.65041030517399,2.725480556997868,3,1,https://www.dpdlocoym.top/com,1
29,9,4,2,0,0,3,0,0,0,0,0,0,0,1,1,0,0,0,1,3.6074753914554893,2.725480556997868,3,1,https://www.dpdlocotu.top/com,1
29,9,4,2,0,0,3,0,0,0,0,0,0,0,1,1,0,0,0,1,3.53850987421411,2.725480556997868,3,1,https://www.dpdlocots.top/com,1
44,15,0,2,1,0,2,0,0,0,0,0,8,0,1,0,0,0,0,1,4.544325652580697,3.640223928941852,4,0,https://allegrolokalnie.aukcj82180-43h4.shop,1
29,9,4,2,0,0,3,0,0,0,0,0,0,0,1,1,0,0,0,1,3.483005030268013,2.5032583347756456,3,1,https://www.dpdlocoww.top/com,1
29,9,4,2,0,0,3,0,0,0,0,0,0,0,1,1,0,0,0,1,3.6074753914554893,2.725480556997868,3,1,https://www.dpdlocowz.top/com,1
29,9,4,2,0,0,3,0,0,0,0,0,0,0,1,1,0,0,0,1,3.7193758224153695,2.725480556997868,3,1,https://www.dpdlocoyk.top/com,1
29,9,4,2,0,0,3,0,0,0,0,0,0,0,1,1,0,0,0,1,3.5949054612278935,2.4193819456463714,3,1,https://www.dpdlocoro.top/com,1
29,9,4,2,0,0,3,0,0,0,0,0,0,0,1,1,0,0,0,1,3.65041030517399,2.725480556997868,3,1,https://www.dpdlocoyh.top/com,1
29,9,4,2,0,0,3,0,0,0,0,0,0,0,1,1,0,0,0,1,3.6074753914554893,2.725480556997868,3,1,https://www.dpdlocouw.top/com,1
29,9,4,2,0,0,3,0,0,0,0,0,0,0,1,1,0,0,0,1,3.624379701651112,2.5032583347756456,3,1,https://www.dpdlocoyc.top/com,1
29,9,4,2,0,0,3,0,0,0,0,0,0,0,1,1,0,0,0,1,3.6074753914554893,2.725480556997868,3,1,https://www.dpdlocotj.top/com,1
29,9,4,2,0,0,3,0,0,0,0,0,0,0,1,1,0,0,0,1,3.7193758224153695,2.725480556997868,3,1,https://www.dpdlocoyf.top/com,1
29,9,4,2,0,0,3,0,0,0,0,0,0,0,1,1,0,0,0,1,3.7193758224153695,2.725480556997868,3,1,https://www.dpdlocouq.top/com,1
29,9,4,2,0,0,3,0,0,0,0,0,0,0,1,1,0,0,0,1,3.7193758224153695,2.725480556997868,3,1,https://www.dpdlocouf.top/com,1
29,9,4,2,0,0,3,0,0,0,0,0,0,0,1,1,0,0,0,1,3.7193758224153695,2.725480556997868,3,1,https://www.dpdlocoub.top/com,1
29,9,4,2,0,0,3,0,0,0,0,0,0,0,1,1,0,0,0,1,3.7193758224153695,2.725480556997868,3,1,https://www.dpdlocoua.top/com,1
29,9,4,2,0,0,3,0,0,0,0,0,0,0,1,1,0,0,0,1,3.6074753914554893,2.725480556997868,3,1,https://www.dpdlocoty.top/com,1
29,9,4,2,0,0,3,0,0,0,0,0,0,0,1,1,0,0,0,1,3.483005030268013,2.5032583347756456,3,1,https://www.dpdlocott.top/com,1
29,9,4,2,0,0,3,0,0,0,0,0,0,0,1,1,0,0,0,1,3.7193758224153695,2.725480556997868,3,1,https://www.dpdlocouy.top/com,1
29,9,4,2,0,0,3,0,0,0,0,0,0,0,1,1,0,0,0,1,3.495574960495609,2.5032583347756456,3,1,https://www.dpdlocotp.top/com,1
29,9,4,2,0,0,3,0,0,0,0,0,0,0,1,1,0,0,0,1,3.53850987421411,2.725480556997868,3,1,https://www.dpdlocoth.top/com,1
29,9,4,2,0,0,3,0,0,0,0,0,0,0,1,1,0,0,0,1,3.65041030517399,2.725480556997868,3,1,https://www.dpdlocoum.top/com,1
29,9,4,2,0,0,3,0,0,0,0,0,0,0,1,1,0,0,0,1,3.495574960495609,2.5032583347756456,3,1,https://www.dpdlocowp.top/com,1
29,9,4,2,0,0,3,0,0,0,0,0,0,0,1,1,0,0,0,1,3.7193758224153695,2.725480556997868,3,1,https://www.dpdlocouj.top/com,1
29,9,4,2,0,0,3,0,0,0,0,0,0,0,1,1,0,0,0,1,3.7193758224153695,2.725480556997868,3,1,https://www.dpdlocouk.top/com,1
29,9,4,2,0,0,3,0,0,0,0,0,0,0,1,1,0,0,0,1,3.6074753914554893,2.725480556997868,3,1,https://www.dpdlocowf.top/com,1
29,9,4,2,0,0,3,0,0,0,0,0,0,0,1,1,0,0,0,1,3.624379701651112,2.4193819456463714,3,1,https://www.dpdlocoud.top/com,1
29,9,4,2,0,0,3,0,0,0,0,0,0,0,1,1,0,0,0,1,3.53850987421411,2.5032583347756456,3,1,https://www.dpdlocotl.top/com,1
29,9,4,2,0,0,3,0,0,0,0,0,0,0,1,1,0,0,0,1,3.6074753914554893,2.725480556997868,3,1,https://www.dpdlocotr.top/com,1
29,9,4,2,0,0,3,0,0,0,0,0,0,0,1,1,0,0,0,1,3.7193758224153695,2.725480556997868,3,1,https://www.dpdlocouz.top/com,1
29,9,4,2,0,0,3,0,0,0,0,0,0,0,1,1,0,0,0,1,3.53850987421411,2.725480556997868,3,1,https://www.dpdlocotm.top/com,1
36,17,0,2,1,0,2,0,0,0,0,0,11,0,0,0,0,0,0,1,4.239097917988786,3.572469458770136,3,0,http://allegro.ofert34592512-509.lat,1
38,17,1,2,1,0,3,0,0,0,0,0,11,0,1,0,0,0,0,1,4.293594289588575,3.572469458770136,3,0,https://allegro.ofert34592512-509.lat/,1
29,9,4,2,0,0,3,0,0,0,0,0,0,0,1,1,0,0,0,1,3.6074753914554893,2.725480556997868,3,1,https://www.dpdlocoti.top/com,1
29,9,4,2,0,0,3,0,0,0,0,0,0,0,1,1,0,0,0,1,3.7193758224153695,2.725480556997868,3,1,https://www.dpdlocouv.top/com,1
29,9,4,2,0,0,3,0,0,0,0,0,0,0,1,1,0,0,0,1,3.65041030517399,2.5032583347756456,3,1,https://www.dpdlocouu.top/com,1
29,9,4,2,0,0,3,0,0,0,0,0,0,0,1,1,0,0,0,1,3.65041030517399,2.725480556997868,3,1,https://www.dpdlocous.top/com,1
29,9,4,2,0,0,3,0,0,0,0,0,0,0,1,1,0,0,0,1,3.6074753914554893,2.725480556997868,3,1,https://www.dpdlocotf.top/com,1
29,9,4,2,0,0,3,0,0,0,0,0,0,0,1,1,0,0,0,1,3.7193758224153695,2.725480556997868,3,1,https://www.dpdlocoqv.top/com,1
45,7,16,3,1,0,3,0,0,0,0,0,0,0,0,0,0,0,0,1,4.124100318071126,2.5216406363433186,2,0,http://paypay-card.dqcyszq.cn/fingerprint.php,1
29,9,4,2,0,0,3,0,0,0,0,0,0,0,1,1,0,0,0,1,3.7193758224153695,2.725480556997868,3,1,https://www.dpdlocour.top/com,1
29,9,4,2,0,0,3,0,0,0,0,0,0,0,1,1,0,0,0,1,3.65041030517399,2.5032583347756456,3,1,https://www.dpdlocoqq.top/com,1
29,9,4,2,0,0,3,0,0,0,0,0,0,0,1,1,0,0,0,1,3.6074753914554893,2.725480556997868,3,1,https://www.dpdlocota.top/com,1
29,9,4,2,0,0,3,0,0,0,0,0,0,0,1,1,0,0,0,1,3.6074753914554893,2.5032583347756456,3,1,https://www.dpdlocoqp.top/com,1
29,9,4,2,0,0,3,0,0,0,0,0,0,0,1,1,0,0,0,1,3.6074753914554893,2.5032583347756456,3,1,https://www.dpdlocoup.top/com,1
29,9,4,2,0,0,3,0,0,0,0,0,0,0,1,1,0,0,0,1,3.7193758224153695,2.725480556997868,3,1,https://www.dpdlocoun.top/com,1
29,9,4,2,0,0,3,0,0,0,0,0,0,0,1,1,0,0,0,1,3.65041030517399,2.5032583347756456,3,1,https://www.dpdlocoul.top/com,1
29,9,4,2,0,0,3,0,0,0,0,0,0,0,1,1,0,0,0,1,3.7193758224153695,2.725480556997868,3,1,https://www.dpdlocoug.top/com,1
29,9,4,2,0,0,3,0,0,0,0,0,0,0,1,1,0,0,0,1,3.65041030517399,2.725480556997868,3,1,https://www.dpdlocouh.top/com,1
29,9,4,2,0,0,3,0,0,0,0,0,0,0,1,1,0,0,0,1,3.624379701651112,2.5032583347756456,3,1,https://www.dpdlocouc.top/com,1
29,9,4,2,0,0,3,0,0,0,0,0,0,0,1,1,0,0,0,1,3.7193758224153695,2.725480556997868,3,1,https://www.dpdlocorx.top/com,1
29,9,4,2,0,0,3,0,0,0,0,0,0,0,1,1,0,0,0,1,3.65041030517399,2.5032583347756456,3,1,https://www.dpdlocorl.top/com,1
29,9,4,2,0,0,3,0,0,0,0,0,0,0,1,1,0,0,0,1,3.6074753914554893,2.725480556997868,3,1,https://www.dpdlocotn.top/com,1
29,9,4,2,0,0,3,0,0,0,0,0,0,0,1,1,0,0,0,1,3.483005030268013,2.4193819456463714,3,1,https://www.dpdlocoto.top/com,1
29,9,4,2,0,0,3,0,0,0,0,0,0,0,1,1,0,0,0,1,3.6074753914554893,2.725480556997868,3,1,https://www.dpdlocotg.top/com,1
29,9,4,2,0,0,3,0,0,0,0,0,0,0,1,1,0,0,0,1,3.6074753914554893,2.725480556997868,3,1,https://www.dpdlocote.top/com,1
29,9,4,2,0,0,3,0,0,0,0,0,0,0,1,1,0,0,0,1,3.5124792706912316,2.4193819456463714,3,1,https://www.dpdlocotd.top/com,1
29,9,4,2,0,0,3,0,0,0,0,0,0,0,1,1,0,0,0,1,3.624379701651112,2.5032583347756456,3,1,https://www.dpdlocorc.top/com,1
29,9,4,2,0,0,3,0,0,0,0,0,0,0,1,1,0,0,0,1,3.6074753914554893,2.725480556997868,3,1,https://www.dpdlocotb.top/com,1
29,9,4,2,0,0,3,0,0,0,0,0,0,0,1,1,0,0,0,1,3.7193758224153695,2.725480556997868,3,1,https://www.dpdlocorz.top/com,1
29,9,4,2,0,0,3,0,0,0,0,0,0,0,1,1,0,0,0,1,3.6074753914554893,2.725480556997868,3,1,https://www.dpdlocoiw.top/com,1
29,9,4,2,0,0,3,0,0,0,0,0,0,0,1,1,0,0,0,1,3.7193758224153695,2.725480556997868,3,1,https://www.dpdlocory.top/com,1
29,9,4,2,0,0,3,0,0,0,0,0,0,0,1,1,0,0,0,1,3.7193758224153695,2.725480556997868,3,1,https://www.dpdlocorv.top/com,1
29,9,4,2,0,0,3,0,0,0,0,0,0,0,1,1,0,0,0,1,3.65041030517399,2.725480556997868,3,1,https://www.dpdlocorm.top/com,1
29,9,4,2,0,0,3,0,0,0,0,0,0,0,1,1,0,0,0,1,3.7193758224153695,2.725480556997868,3,1,https://www.dpdlocork.top/com,1
29,9,4,2,0,0,3,0,0,0,0,0,0,0,1,1,0,0,0,1,3.7193758224153695,2.725480556997868,3,1,https://www.dpdlocorb.top/com,1
29,9,4,2,0,0,3,0,0,0,0,0,0,0,1,1,0,0,0,1,3.7193758224153695,2.725480556997868,3,1,https://www.dpdlocoen.top/com,1
29,9,4,2,0,0,3,0,0,0,0,0,0,0,1,1,0,0,0,1,3.7193758224153695,2.725480556997868,3,1,https://www.dpdlocoqg.top/com,1
29,9,4,2,0,0,3,0,0,0,0,0,0,0,1,1,0,0,0,1,3.624379701651112,2.4193819456463714,3,1,https://www.dpdlocoqd.top/com,1
29,9,4,2,0,0,3,0,0,0,0,0,0,0,1,1,0,0,0,1,3.624379701651112,2.5032583347756456,3,1,https://www.dpdlocoqc.top/com,1
29,9,4,2,0,0,3,0,0,0,0,0,0,0,1,1,0,0,0,1,3.7193758224153695,2.725480556997868,3,1,https://www.dpdlocoqa.top/com,1
29,9,4,2,0,0,3,0,0,0,0,0,0,0,1,1,0,0,0,1,3.7193758224153695,2.725480556997868,3,1,https://www.dpdlocoiy.top/com,1
29,9,4,2,0,0,3,0,0,0,0,0,0,0,1,1,0,0,0,1,3.7193758224153695,2.725480556997868,3,1,https://www.dpdlocoig.top/com,1
29,9,4,2,0,0,3,0,0,0,0,0,0,0,1,1,0,0,0,1,3.6074753914554893,2.5032583347756456,3,1,https://www.dpdlocoip.top/com,1
29,9,4,2,0,0,3,0,0,0,0,0,0,0,1,1,0,0,0,1,3.7193758224153695,2.725480556997868,3,1,https://www.dpdlocoev.top/com,1
29,9,4,2,0,0,3,0,0,0,0,0,0,0,1,1,0,0,0,1,3.7193758224153695,2.725480556997868,3,1,https://www.dpdlocoej.top/com,1
29,9,4,2,0,0,3,0,0,0,0,0,0,0,1,1,0,0,0,1,3.7193758224153695,2.725480556997868,3,1,https://www.dpdlocoei.top/com,1
29,9,4,2,0,0,3,0,0,0,0,0,0,0,1,1,0,0,0,1,3.7193758224153695,2.725480556997868,3,1,https://www.dpdlocoiu.top/com,1
29,9,4,2,0,0,3,0,0,0,0,0,0,0,1,1,0,0,0,1,3.7193758224153695,2.725480556997868,3,1,https://www.dpdlocoie.top/com,1
29,9,4,2,0,0,3,0,0,0,0,0,0,0,1,1,0,0,0,1,3.6074753914554893,2.725480556997868,3,1,https://www.dpdlocoit.top/com,1
29,9,4,2,0,0,3,0,0,0,0,0,0,0,1,1,0,0,0,1,3.7193758224153695,2.725480556997868,3,1,https://www.dpdlocoir.top/com,1
29,9,4,2,0,0,3,0,0,0,0,0,0,0,1,1,0,0,0,1,3.7193758224153695,2.725480556997868,3,1,https://www.dpdlocoiq.top/com,1
29,9,4,2,0,0,3,0,0,0,0,0,0,0,1,1,0,0,0,1,3.65041030517399,2.5032583347756456,3,1,https://www.dpdlocoii.top/com,1
29,9,4,2,0,0,3,0,0,0,0,0,0,0,1,1,0,0,0,1,3.7193758224153695,2.725480556997868,3,1,https://www.dpdlocoeu.top/com,1
29,9,4,2,0,0,3,0,0,0,0,0,0,0,1,1,0,0,0,1,3.65041030517399,2.725480556997868,3,1,https://www.dpdlocois.top/com,1
29,9,4,2,0,0,3,0,0,0,0,0,0,0,1,1,0,0,0,1,3.65041030517399,2.725480556997868,3,1,https://www.dpdlocoih.top/com,1
29,9,4,2,0,0,3,0,0,0,0,0,0,0,1,1,0,0,0,1,3.7193758224153695,2.725480556997868,3,1,https://www.dpdlocoij.top/com,1
29,9,4,2,0,0,3,0,0,0,0,0,0,0,1,1,0,0,0,1,3.624379701651112,2.4193819456463714,3,1,https://www.dpdlocoid.top/com,1
29,9,4,2,0,0,3,0,0,0,0,0,0,0,1,1,0,0,0,1,3.5949054612278935,2.4193819456463714,3,1,https://www.dpdlocoio.top/com,1
29,9,4,2,0,0,3,0,0,0,0,0,0,0,1,1,0,0,0,1,3.6074753914554893,2.725480556997868,3,1,https://www.dpdlocoew.top/com,1
29,9,4,2,0,0,3,0,0,0,0,0,0,0,1,1,0,0,0,1,3.7193758224153695,2.725480556997868,3,1,https://www.dpdlocoia.top/com,1
29,9,4,2,0,0,3,0,0,0,0,0,0,0,1,1,0,0,0,1,3.6074753914554893,2.725480556997868,3,1,https://www.dpdlocoet.top/com,1
29,9,4,2,0,0,3,0,0,0,0,0,0,0,1,1,0,0,0,1,3.5949054612278935,2.4193819456463714,3,1,https://www.dpdlocoeo.top/com,1
29,9,4,2,0,0,3,0,0,0,0,0,0,0,1,1,0,0,0,1,3.7193758224153695,2.725480556997868,3,1,https://www.dpdlocoer.top/com,1
29,9,4,2,0,0,3,0,0,0,0,0,0,0,1,1,0,0,0,1,3.65041030517399,2.725480556997868,3,1,https://www.dpdlocoes.top/com,1
30,9,4,2,0,0,3,0,0,0,0,0,0,0,1,1,0,0,0,1,4.0062389286533895,2.94770277922009,4,0,https://www.dpdlocaxv.cyou/com,1
30,9,4,2,0,0,3,0,0,0,0,0,0,0,1,1,0,0,0,1,3.939572261986723,2.94770277922009,4,0,https://www.dpdlocaxu.cyou/com,1
30,9,4,2,0,0,3,0,0,0,0,0,0,0,1,1,0,0,0,1,3.939572261986723,2.725480556997868,4,0,https://www.dpdlocaxx.cyou/com,1
30,9,4,2,0,0,3,0,0,0,0,0,0,0,1,1,0,0,0,1,4.0062389286533895,2.94770277922009,4,0,https://www.dpdlocavk.cyou/com,1
30,9,4,2,0,0,3,0,0,0,0,0,0,0,1,1,0,0,0,1,4.0062389286533895,2.94770277922009,4,0,https://www.dpdlocaxi.cyou/com,1
30,9,4,2,0,0,3,0,0,0,0,0,0,0,1,1,0,0,0,1,3.939572261986723,2.94770277922009,4,0,https://www.dpdlocaxh.cyou/com,1
30,9,4,2,0,0,3,0,0,0,0,0,0,0,1,1,0,0,0,1,4.0062389286533895,2.94770277922009,4,0,https://www.dpdlocaxg.cyou/com,1
30,9,4,2,0,0,3,0,0,0,0,0,0,0,1,1,0,0,0,1,3.8980685120588388,2.725480556997868,4,0,https://www.dpdlocaxc.cyou/com,1
30,9,4,2,0,0,3,0,0,0,0,0,0,0,1,1,0,0,0,1,3.939572261986723,2.94770277922009,4,0,https://www.dpdlocavm.cyou/com,1
30,9,4,2,0,0,3,0,0,0,0,0,0,0,1,1,0,0,0,1,4.0062389286533895,2.94770277922009,4,0,https://www.dpdlocanv.cyou/com,1
30,9,4,2,0,0,3,0,0,0,0,0,0,0,1,1,0,0,0,1,3.939572261986723,2.94770277922009,4,0,https://www.dpdlocany.cyou/com,1
30,9,4,2,0,0,3,0,0,0,0,0,0,0,1,1,0,0,0,1,4.0062389286533895,2.94770277922009,4,0,https://www.dpdlocanr.cyou/com,1
30,9,4,2,0,0,3,0,0,0,0,0,0,0,1,1,0,0,0,1,3.939572261986723,2.725480556997868,4,0,https://www.dpdlocanl.cyou/com,1
30,9,4,2,0,0,3,0,0,0,0,0,0,0,1,1,0,0,0,1,4.0062389286533895,2.94770277922009,4,0,https://www.dpdlocani.cyou/com,1
45,7,16,3,1,0,3,0,0,0,0,0,0,0,0,0,0,0,0,1,4.202095318167281,2.8073549220576046,2,0,http://paypay-card.xnlscku.cn/fingerprint.php,1
30,9,4,2,0,0,3,0,0,0,0,0,0,0,1,1,0,0,0,1,3.9144093452479405,2.6416041678685938,4,0,https://www.dpdlocand.cyou/com,1
30,9,4,2,0,0,3,0,0,0,0,0,0,0,1,1,0,0,0,1,4.0062389286533895,2.94770277922009,4,0,https://www.dpdlocane.cyou/com,1
30,9,4,2,0,0,3,0,0,0,0,0,0,0,1,1,0,0,0,1,3.872905595320056,2.94770277922009,4,0,https://www.dpdlocams.cyou/com,1
30,9,4,2,0,0,3,0,0,0,0,0,0,0,1,1,0,0,0,1,3.939572261986723,2.94770277922009,4,0,https://www.dpdlocamq.cyou/com,1
30,9,4,2,0,0,3,0,0,0,0,0,0,0,1,1,0,0,0,1,3.831401845392172,2.725480556997868,4,0,https://www.dpdlocamc.cyou/com,1
30,9,4,2,0,0,3,0,0,0,0,0,0,0,1,1,0,0,0,1,3.8980685120588388,2.94770277922009,4,0,https://www.dpdlocabw.cyou/com,1
30,9,4,2,0,0,3,0,0,0,0,0,0,0,1,1,0,0,0,1,4.0062389286533895,2.94770277922009,4,0,https://www.dpdlocabv.cyou/com,1
30,9,4,2,0,0,3,0,0,0,0,0,0,0,1,1,0,0,0,1,4.0062389286533895,2.94770277922009,4,0,https://www.dpdlocabe.cyou/com,1
29,9,4,2,0,0,3,0,0,0,0,0,0,0,1,1,0,0,0,1,3.83127625337525,2.94770277922009,3,1,https://www.dpdlocaxu.top/com,1
29,9,4,2,0,0,3,0,0,0,0,0,0,0,1,1,0,0,0,1,3.7623107361338706,2.94770277922009,3,1,https://www.dpdlocaxh.top/com,1
29,9,4,2,0,0,3,0,0,0,0,0,0,0,1,1,0,0,0,1,3.83127625337525,2.94770277922009,3,1,https://www.dpdlocavu.top/com,1
29,9,4,2,0,0,3,0,0,0,0,0,0,0,1,1,0,0,0,1,3.83127625337525,2.94770277922009,3,1,https://www.dpdlocaxv.top/com,1
29,9,4,2,0,0,3,0,0,0,0,0,0,0,1,1,0,0,0,1,3.83127625337525,2.94770277922009,3,1,https://www.dpdlocanz.top/com,1
29,9,4,2,0,0,3,0,0,0,0,0,0,0,1,1,0,0,0,1,3.83127625337525,2.94770277922009,3,1,https://www.dpdlocavi.top/com,1
45,17,0,2,1,0,2,0,0,0,0,0,11,0,1,0,0,0,0,1,4.446974207248478,3.572469458770136,3,0,https://allegrolokainie.ofert34592512-509.lat,1
29,9,4,2,0,0,3,0,0,0,0,0,0,0,1,1,0,0,0,1,3.7623107361338706,2.94770277922009,3,1,https://www.dpdlocanh.top/com,1
29,9,4,2,0,0,3,0,0,0,0,0,0,0,1,1,0,0,0,1,3.83127625337525,2.94770277922009,3,1,https://www.dpdlocany.top/com,1
29,9,4,2,0,0,3,0,0,0,0,0,0,0,1,1,0,0,0,1,3.83127625337525,2.94770277922009,3,1,https://www.dpdlocanu.top/com,1
29,9,4,2,0,0,3,0,0,0,0,0,0,0,1,1,0,0,0,1,3.7623107361338706,2.94770277922009,3,1,https://www.dpdlocamz.top/com,1
29,9,4,2,0,0,3,0,0,0,0,0,0,0,1,1,0,0,0,1,3.7362801326109922,2.725480556997868,3,1,https://www.dpdlocacz.top/com,1
29,9,4,2,0,0,3,0,0,0,0,0,0,0,1,1,0,0,0,1,3.83127625337525,2.94770277922009,3,1,https://www.dpdlocabq.top/com,1
29,9,4,2,0,0,3,0,0,0,0,0,0,0,1,1,0,0,0,1,3.6673146153696132,2.725480556997868,3,1,https://www.dpdlocacs.top/com,1
29,9,4,2,0,0,3,0,0,0,0,0,0,0,1,1,0,0,0,1,3.6673146153696132,2.725480556997868,3,1,https://www.dpdlocacm.top/com,1
29,9,4,2,0,0,3,0,0,0,0,0,0,0,1,1,0,0,0,1,3.83127625337525,2.94770277922009,3,1,https://www.dpdlocabx.top/com,1
29,9,4,2,0,0,3,0,0,0,0,0,0,0,1,1,0,0,0,1,3.83127625337525,2.94770277922009,3,1,https://www.dpdlocabg.top/com,1
30,9,4,2,0,0,3,0,0,0,0,0,0,0,1,1,0,0,0,1,3.872905595320056,2.94770277922009,4,0,https://www.dpdlocaxy.shop/com,1
30,9,4,2,0,0,3,0,0,0,0,0,0,0,1,1,0,0,0,1,3.872905595320056,2.94770277922009,4,0,https://www.dpdlocaxu.shop/com,1
30,9,4,2,0,0,3,0,0,0,0,0,0,0,1,1,0,0,0,1,3.7647351787255054,2.94770277922009,4,0,https://www.dpdlocaxw.shop/com,1
30,9,4,2,0,0,3,0,0,0,0,0,0,0,1,1,0,0,0,1,3.872905595320056,2.94770277922009,4,0,https://www.dpdlocavi.shop/com,1
30,9,4,2,0,0,3,0,0,0,0,0,0,0,1,1,0,0,0,1,3.872905595320056,2.94770277922009,4,0,https://www.dpdlocani.shop/com,1
30,9,4,2,0,0,3,0,0,0,0,0,0,0,1,1,0,0,0,1,3.872905595320056,2.94770277922009,4,0,https://www.dpdlocanu.shop/com,1
30,9,4,2,0,0,3,0,0,0,0,0,0,0,1,1,0,0,0,1,3.872905595320056,2.94770277922009,4,0,https://www.dpdlocanr.shop/com,1
30,9,4,2,0,0,3,0,0,0,0,0,0,0,1,1,0,0,0,1,3.8062389286533898,2.725480556997868,4,0,https://www.dpdlocanl.shop/com,1
30,9,4,2,0,0,3,0,0,0,0,0,0,0,1,1,0,0,0,1,3.872905595320056,2.94770277922009,4,0,https://www.dpdlocang.shop/com,1
30,9,4,2,0,0,3,0,0,0,0,0,0,0,1,1,0,0,0,1,3.872905595320056,2.94770277922009,4,0,https://www.dpdlocane.shop/com,1
30,9,4,2,0,0,3,0,0,0,0,0,0,0,1,1,0,0,0,1,3.8062389286533898,2.94770277922009,4,0,https://www.dpdlocamx.shop/com,1
30,9,4,2,0,0,3,0,0,0,0,0,0,0,1,1,0,0,0,1,3.872905595320056,2.94770277922009,4,0,https://www.dpdlocabn.shop/com,1
45,7,16,3,1,0,3,0,0,0,0,0,0,0,0,0,0,0,0,1,4.068761984833947,2.8073549220576046,2,0,http://paypay-card.hdgfzkr.cn/fingerprint.php,1
45,7,16,3,1,0,3,0,0,0,0,0,0,0,0,0,0,0,0,1,4.113206429278392,2.2359263506290326,2,0,http://paypay-card.wbwueae.cn/fingerprint.php,1
31,11,8,1,1,0,3,0,0,0,0,0,0,0,1,0,0,0,0,0,3.7726095206097563,3.095795255000934,3,0,https://acces-infos.com/captcha,1
46,7,16,3,1,0,3,0,0,0,0,0,0,0,1,0,0,0,0,1,4.1478182057277895,2.5216406363433186,2,0,https://paypay-card.vrsbska.cn/fingerprint.php,1
27,8,8,2,0,0,3,0,0,0,0,0,2,0,0,0,0,0,0,0,3.782122224145305,2.0,3,0,http://qxr33qxr.com/am.html,1
30,15,8,4,0,0,3,0,0,0,0,0,12,1,0,0,0,0,0,0,3.7144093452479408,2.6389205950315935,0,0,http://202.137.141.244/am.html,1
46,7,16,3,1,0,3,0,0,0,0,0,0,0,1,0,0,0,0,1,3.9823912388922067,2.5216406363433186,2,0,https://paypay-card.yjhnnar.cn/fingerprint.php,1
27,3,13,1,0,0,3,0,0,0,0,0,0,0,1,0,0,0,0,0,4.282484261342599,1.584962500721156,2,0,https://zpr.io/XUsiVdDajWRC,1
81,12,41,2,3,0,5,0,0,0,0,0,11,0,1,0,0,0,0,1,4.555658572081891,3.584962500721156,3,0,https://allegrolokalnie.oferta963254.cfd/oferta/lodka-wedkarska-z-silnikiem/56333,1
34,21,1,1,2,0,3,0,0,0,0,0,0,0,1,0,0,0,0,0,4.010133709394731,3.2321018048454135,3,0,https://centre-index-edfrance.com/,1
41,21,8,1,2,0,3,0,0,0,0,0,0,0,1,0,0,0,0,0,4.00428509107262,3.2321018048454135,3,0,https://centre-index-edfrance.com/captcha,1
82,9,43,2,6,0,4,0,0,0,0,0,12,0,1,0,0,0,0,1,4.647553108463306,2.94770277922009,4,0,https://allegrolokalinie.pl-932414.shop/oferta/nowy-glosnik-jbl-boombox-3-8804b0ae,1
32,13,0,2,0,0,2,0,0,0,0,0,13,0,0,0,0,0,0,1,4.202819531114783,2.931208948910323,3,0,http://allegro.9017348916743.lat,1
34,13,1,2,0,0,3,0,0,0,0,0,13,0,1,0,0,0,0,1,4.256149238118269,2.931208948910323,3,0,https://allegro.9017348916743.lat/,1
28,3,1,2,0,0,3,0,0,0,0,0,4,0,1,0,0,0,0,1,4.208966082694623,1.584962500721156,2,0,https://desjokiy9855.zya.me/,1
48,19,1,2,0,0,3,0,0,0,0,0,15,0,1,0,0,0,0,1,4.4387218755408675,3.405822250285691,3,0,https://allegrolokainie.432874128gorp230912.lat/,1
46,19,0,2,0,0,2,0,0,0,0,0,15,0,0,0,0,0,0,1,4.387373640698526,3.405822250285691,3,0,http://allegrolokainie.432874128gorp230912.lat,1
47,20,0,2,2,0,2,0,0,0,0,0,10,0,0,0,0,0,0,1,4.240239117404927,3.684183719779189,3,0,http://allegrolokalnie.pl-oferta-4838399543.lat,1
49,20,1,2,2,0,3,0,0,0,0,0,10,0,1,0,0,0,0,1,4.297784843850294,3.684183719779189,3,0,https://allegrolokalnie.pl-oferta-4838399543.lat/,1
23,8,1,1,0,0,3,0,0,0,0,0,0,0,1,0,0,0,0,0,3.936180434129755,2.75,5,0,https://liderbci.today/,1
34,18,1,1,1,0,3,0,0,0,0,0,0,0,1,0,0,0,0,0,4.1162996057016965,3.725480556997868,6,0,https://creditos-produbanc.online/,1
31,11,0,2,1,0,2,0,0,0,0,0,0,0,1,0,0,0,0,1,3.9621031651557956,3.095795255000934,3,0,https://smbc-os.worksmonkey.com,1
33,5,1,2,0,0,3,0,0,0,0,0,0,0,1,0,0,0,1,1,4.0060710131011685,2.321928094887362,3,0,https://amigakidsecure.pages.dev/,1
34,21,1,1,1,0,3,0,0,0,0,0,0,0,1,0,0,0,0,0,4.02085512047121,3.499227541723357,3,0,https://mondossier-annulation.com/,1
41,21,8,1,1,0,3,0,0,0,0,0,0,0,1,0,0,0,0,0,4.034023650801244,3.499227541723357,3,0,https://mondossier-annulation.com/captcha,1
72,12,32,2,4,0,4,0,0,0,0,0,19,0,1,0,0,0,0,1,4.641604167868594,2.792481250360578,3,0,https://allegrolokalnie.pl-534234394.icu/hulajnoga-kukirin-g4-2025/39616,1
29,7,0,2,1,0,2,0,0,0,0,0,0,0,0,0,0,0,0,1,3.7974676329840045,2.5216406363433186,3,0,http://uphold-net.created.app,1
31,7,1,2,1,0,3,0,0,0,0,0,0,0,1,0,0,0,0,1,3.873235826376329,2.5216406363433186,3,0,https://uphold-net.created.app/,1
43,7,3,2,1,0,3,0,0,0,0,0,0,0,1,0,0,0,0,1,4.118384964992156,2.5216406363433186,2,0,https://metamskcrome-extnsion.gitbook.io/us,1
41,7,0,3,3,0,2,0,0,0,0,0,12,0,0,0,0,0,0,2,4.1898860782540055,2.5216406363433186,3,0,http://cpanel.129-121-102-216.cprapid.com,1
31,6,0,2,2,0,2,0,0,0,0,0,0,0,0,0,0,0,0,1,3.8975870361235376,2.2516291673878226,2,0,http://learn-trust-us.framer.ai,1
33,6,1,2,2,0,3,0,0,0,0,0,0,0,1,0,0,0,0,1,3.8848588918890474,2.2516291673878226,2,0,https://learn-trust-us.framer.ai/,1
37,10,0,2,0,0,2,0,0,0,0,0,8,0,0,0,0,0,0,1,4.303783770917411,3.1219280948873624,4,0,http://allegrolokalne.01289523rt.shop,1
39,11,0,2,0,0,2,0,0,0,0,0,11,0,0,0,0,0,0,1,4.445533308550365,2.9139770731827523,4,0,http://allegrolokalnie.01384921634.shop,1
39,10,1,2,0,0,3,0,0,0,0,0,8,0,1,0,0,0,0,1,4.304257026388136,3.1219280948873624,4,0,https://allegrolokalne.01289523rt.shop/,1
41,11,1,2,0,0,3,0,0,0,0,0,11,0,1,0,0,0,0,1,4.442679443536939,2.9139770731827523,4,0,https://allegrolokalnie.01384921634.shop/,1
39,18,1,2,1,0,3,0,0,0,0,0,12,0,1,0,0,0,0,1,4.2849009365890725,3.57243125132212,3,0,https://allegro.smart-502393528120.lat/,1
38,17,1,2,1,0,3,0,0,0,0,0,9,0,1,0,0,0,0,1,4.431623565847431,3.852168723603281,3,0,https://allegro.prywan5238729h-45.lat/,1
37,18,0,2,1,0,2,0,0,0,0,0,12,0,0,0,0,0,0,1,4.283381405994074,3.57243125132212,3,0,http://allegro.smart-502393528120.lat,1
36,17,0,2,1,0,2,0,0,0,0,0,9,0,0,0,0,0,0,1,4.384795487373134,3.852168723603281,3,0,http://allegro.prywan5238729h-45.lat,1
41,11,1,2,2,0,3,0,0,0,0,0,7,0,1,0,0,0,0,1,4.424267553240269,2.8453509366224368,3,0,https://allegro-lokalnie.po12801-f12.cfd/,1
39,11,0,2,2,0,2,0,0,0,0,0,7,0,0,0,0,0,0,1,4.3748951674692504,2.8453509366224368,3,0,http://allegro-lokalnie.po12801-f12.cfd,1
45,18,0,2,1,0,2,0,0,0,0,0,12,0,0,0,0,0,0,1,4.452855596281598,3.57243125132212,3,0,http://allegrolokainie.smart-502393528120.lat,1
43,13,1,2,1,0,3,0,0,0,0,0,13,0,1,0,0,0,0,1,4.452443755145651,2.931208948910323,3,0,https://allegro-lokalnie.9017348916743.lat/,1
41,13,0,2,1,0,2,0,0,0,0,0,13,0,0,0,0,0,0,1,4.4034199197701875,2.931208948910323,3,0,http://allegro-lokalnie.9017348916743.lat,1
40,12,0,2,1,0,2,0,0,0,0,0,6,0,0,0,0,0,0,1,4.293942707918269,3.2516291673878226,3,0,http://allegro-lokalnie.aukcje729917.lat,1
30,11,0,2,0,0,2,0,0,0,0,0,6,0,0,0,0,0,0,1,4.056564762130955,3.277613436819116,3,0,http://allegro.smart039120.lat,1
42,12,1,2,1,0,3,0,0,0,0,0,6,0,1,0,0,0,0,1,4.347691161328112,3.2516291673878226,3,0,https://allegro-lokalnie.aukcje729917.lat/,1
36,9,0,2,0,0,2,0,0,0,0,0,6,0,0,0,0,0,0,1,4.204511459715549,2.94770277922009,3,1,http://allegrolokalnie.ido487654.top,1
41,13,0,2,0,0,2,0,0,0,0,0,7,0,1,0,0,0,0,1,4.141105590449127,3.180832987205441,3,0,https://allegrolokalnie.oferta9227949.lat,1
33,6,0,2,1,0,2,0,0,0,0,0,3,0,0,0,0,0,0,1,4.268344408011884,2.584962500721156,3,0,http://allegrolokalnie.pl-703.cfd,1
44,16,0,2,1,0,2,0,0,0,0,0,7,0,1,0,0,0,0,1,4.490586380385237,3.875,3,0,https://allegrolokalnie.pl-oferta8372719.cfd,1
32,5,0,2,0,0,2,0,0,0,0,0,5,0,0,0,0,0,0,1,4.077819531114783,1.9219280948873623,3,1,http://allegrolokalnie.45834.top,1
82,9,45,2,9,0,4,0,0,0,0,0,10,0,1,0,0,0,0,1,4.3671084447761155,2.725480556997868,3,0,https://allegrolokalnie.pl4892748.lat/oferta/playstation-5-pro--2-pady--naped--2tb,1
28,15,1,1,0,0,3,0,0,0,0,0,0,0,1,0,0,0,0,0,3.797902689682947,3.139572261986723,3,0,https://redirectvasetrp.com/,1
30,17,1,1,1,0,3,0,0,0,0,0,1,0,1,0,0,0,1,0,3.872905595320056,3.2927701939369904,3,0,https://restore-1password.com/,1
36,17,7,1,1,0,3,0,0,0,0,0,1,0,1,0,0,0,2,0,4.141604167868593,3.2927701939369904,3,0,https://restore-1password.com/verify,1
43,13,1,2,1,0,3,0,0,0,0,0,10,0,1,0,0,0,0,1,4.37082108062642,3.180832987205441,3,0,https://allegro-lokalnie.342879r2g312o.lat/,1
41,13,0,2,1,0,2,0,0,0,0,0,10,0,0,0,0,0,0,1,4.317815651371969,3.180832987205441,3,0,http://allegro-lokalnie.342879r2g312o.lat,1
33,6,10,2,0,0,4,0,0,0,0,0,4,0,1,0,0,0,0,1,4.354852073838349,2.2516291673878226,3,1,https://mymz.raubwb.top/Q37Hv57f/,1
32,6,9,2,0,0,3,0,0,0,0,0,4,0,1,0,0,0,0,1,4.390319531114783,2.2516291673878226,3,1,https://mymz.raubwb.top/Q37Hv57f,1
87,13,47,2,5,0,4,0,0,0,0,0,7,0,0,0,0,0,0,1,4.500969824578027,3.546593564294939,3,0,http://allegrolokalnie.oferta5276920.lat/oferta/rower-gorski-kameleon-santa-cruz-medium,1
25,12,1,1,2,0,3,0,0,0,0,0,5,0,1,0,0,0,0,0,3.8634651896016474,2.918295834054489,3,0,https://ca-app-01731.com/,1
29,12,1,2,2,0,3,0,0,0,0,0,5,0,1,1,0,0,0,1,3.9523029776623857,2.918295834054489,3,0,https://www.ca-app-01731.com/,1
206,17,7,4,1,0,3,1,1,5,4,1,24,0,1,0,1,0,1,0,5.051847172596007,3.2927701939369904,3,0,https://prime-espacesuivi.com/signin?email=albert.benoit@laposte.net&amp;token=lqbmieq4ws1pguhj6rdjx1s3o8q9o6tb2mcpmdf2hvasgsikm0ywyu6kw3ofk3p2&amp;downdate=19&amp;amount=414.72&amp;identity=albert%20benoit,1
205,16,7,4,1,0,3,1,1,5,4,1,24,0,1,0,1,0,1,0,5.037791479301855,3.327819531114783,3,0,https://plateforme-prime.com/signin?email=albert.benoit@laposte.net&amp;token=lqbmieq4ws1pguhj6rdjx1s3o8q9o6tb2mcpmdf2hvasgsikm0ywyu6kw3ofk3p2&amp;downdate=19&amp;amount=414.72&amp;identity=albert%20benoit,1
37,11,0,2,1,0,2,0,0,0,0,0,7,0,0,0,0,0,0,1,4.303783770917411,2.8453509366224368,3,0,http://allegrolokalne.po12801-f12.cfd,1
39,11,1,2,1,0,3,0,0,0,0,0,7,0,1,0,0,0,0,1,4.355539077670187,2.8453509366224368,3,0,https://allegrolokalne.po12801-f12.cfd/,1
41,19,10,2,0,0,3,0,0,0,0,0,0,0,1,0,0,0,0,0,3.9852431629963667,3.0363722498302237,3,0,https://franceconnectretard.com/index.php,1
38,11,0,2,1,0,2,0,0,0,0,0,7,0,0,0,0,0,0,1,4.366091329119192,2.8453509366224368,3,0,http://allegrolokalnie.po12801-f12.cfd,1
40,11,1,2,1,0,3,0,0,0,0,0,7,0,1,0,0,0,0,1,4.415311532225102,2.8453509366224368,3,0,https://allegrolokalnie.po12801-f12.cfd/,1
73,9,37,2,4,0,4,0,0,0,0,0,15,0,0,0,0,0,0,1,4.491328930358913,2.94770277922009,3,1,http://allegrolokalnie.ido485579.top/depilator-philips-lumea-9900-b/98785,1
40,11,0,2,1,0,2,0,0,0,0,0,10,0,1,0,0,0,0,1,4.721928094887363,3.095795255000934,3,0,https://allegro-lokalnie.743802198x2.cfd,1
32,11,1,2,1,0,3,0,0,0,0,0,7,0,1,0,0,0,0,1,4.265319531114783,2.8453509366224368,3,0,https://allegro.po12801-f12.cfd/,1
30,11,0,2,1,0,2,0,0,0,0,0,7,0,0,0,0,0,0,1,4.21506101220307,2.8453509366224368,3,0,http://allegro.po12801-f12.cfd,1
208,19,7,4,1,0,3,1,1,5,4,1,24,0,1,0,1,0,2,0,5.048338298255787,3.576617644908666,3,0,https://prime-clientsupport.com/signin?email=louna.grillon@laposte.net&amp;token=lqbmieq4ws1pguhj6rdjx1s3o8q9o6tb2mcpmdf2hvasgsikm0ywyu6kw3ofk3p2&amp;downdate=19&amp;amount=414.72&amp;identity=louna%20grillon,1
423,19,9,8,0,0,3,0,1,1,0,38,93,0,1,0,0,0,0,0,5.22087229593098,3.326360407952694,3,0,https://surlalunefairytales.com/book.php?id=%22%2F%3E%3Cimg%20src%3D%22https%3A%2F%2Fgoogle.com%2FPO9VzQnkmguiW.jpg%22%20onerror%3D%22window.location%3DdecodeURIComponent%28atob%28%27Njg3NDc0NzA3MzNhMmYyZjY5Njc3MDc0NjE3MDcxNzkyZTcwMzU3OTZhNmM2NjMzMzE3NzM2Njg3NjY1MzEzMjc5NmI3NDc1Nzc2ZDY1NmU2Yjc5N2EzMDM3NmU2YjJlNmM2MTc0MmY2NTcyNmU2NTc1NjU3MjZlMmU3MDY4NzA%3D%27%29.replace%28%2F%28..%29%2Fg%2C%20%27%25%241%27%29%29%3B%22%3E,1
31,18,1,1,1,0,3,0,0,0,0,0,0,0,1,0,0,0,0,0,3.9016417786742723,3.4193819456463714,3,0,https://gov-autenticacaopt.com/,1
105,19,21,2,2,0,4,0,1,1,0,0,25,0,1,0,0,0,0,1,4.846348885576044,3.7216117239699016,4,0,https://allegrolokalnie.ofertaheodhr3395826.shop/oferta/iphone-13-pro?id=3l5b6s1f3u3s8n4j9s6p8w0n4l4k8u7e,1
104,19,21,2,2,0,4,0,1,1,0,0,25,0,0,0,0,0,0,1,4.849290622996656,3.7216117239699016,4,0,http://allegrolokalnie.ofertaheodhr3395826.shop/oferta/iphone-13-pro?id=3l5b6s1f3u3s8n4j9s6p8w0n4l4k8u7e,1
74,9,37,2,4,0,4,0,0,0,0,0,15,0,1,0,0,0,0,1,4.506883353709482,2.94770277922009,3,1,https://allegrolokalnie.ido485579.top/depilator-philips-lumea-9900-b/98785,1
66,9,29,2,3,0,4,0,0,0,0,0,11,0,1,0,0,0,0,1,4.657882376868652,3.169925001442312,3,1,https://allegrolokalnie.ido485679.top/jacuzzi-intex-pure-spa/54648,1
45,15,1,2,2,0,3,0,0,0,0,0,8,0,0,0,0,0,0,1,4.5358630961373665,3.640223928941852,4,0,http://allegro-lokalnie.aukcj82180-43h4.shop/,1
46,15,1,2,2,0,3,0,0,0,0,0,8,0,1,0,0,0,0,1,4.544876086303668,3.640223928941852,4,0,https://allegro-lokalnie.aukcj82180-43h4.shop/,1
41,13,0,2,1,0,2,0,0,0,0,0,4,0,0,0,0,0,0,1,4.220254675762214,3.7004397181410926,4,0,http://allegrolokalnie.pl-oferta4295.shop,1
61,30,13,3,0,0,3,0,0,0,0,0,8,0,1,0,0,0,0,1,4.551410034490466,4.323231428797621,3,0,https://yatef.p5yjlf31w6hve12yktuwmenkyz07nk.lat/erneuern.php,1
442,8,27,10,0,1,4,0,1,1,0,37,83,0,1,1,0,0,0,2,5.313791257180537,2.75,3,0,https://www.cam.letslink.org/members/listings_found.php?type=%22%2F%3E%3Cimg%20src%3D%22https%3A%2F%2Fgoogle.com%2FfdLYAaGehrIKQ.jpg%22%20onerror%3D%22window.location%3DdecodeURIComponent%28atob%28%27Njg3NDc0NzA3MzNhMmYyZjYzNjE3OTZhNmM3ODY5NjU2MjcwMmU3MDM1Nzk2YTZjNjYzMzMxNzczNjY4NzY2NTMxMzI3OTZiNzQ3NTc3NmQ2NTZlNmI3OTdhMzAzNzZlNmIyZTZjNjE3NDJmNjU3MjZlNjU3NTY1NzI2ZTJlNzA2ODcw%27%29.replace%28%2F%28..%29%2Fg%2C%20%27%25%241%27%29%29%3B%22%3E,1
437,15,32,8,0,0,6,0,1,1,0,38,95,0,1,0,0,0,0,0,5.183127953575286,3.640223928941852,3,0,https://nycguitarschool.com/video/main/chartMaker/list2.php?genre=%22%2F%3E%3Cimg%20src%3D%22https%3A%2F%2Fgoogle.com%2FFptZ0XJm0Mjl6.jpg%22%20onerror%3D%22window.location%3DdecodeURIComponent%28atob%28%27Njg3NDc0NzA3MzNhMmYyZjc5NjE3NDY1NjYyZTcwMzU3OTZhNmM2NjMzMzE3NzM2Njg3NjY1MzEzMjc5NmI3NDc1Nzc2ZDY1NmU2Yjc5N2EzMDM3NmU2YjJlNmM2MTc0MmY2NTcyNmU2NTc1NjU3MjZlMmU3MDY4NzA%3D%27%29.replace%28%2F%28..%29%2Fg%2C%20%27%25%241%27%29%29%3B%22%3E,1
66,30,13,3,0,0,3,0,0,0,0,0,8,0,1,0,0,0,0,1,4.727820589213286,4.323231428797621,3,0,https://cayjlxiebp.p5yjlf31w6hve12yktuwmenkyz07nk.lat/erneuern.php,1
45,15,0,2,1,0,2,0,0,0,0,0,6,0,1,0,0,0,1,1,4.413423651596768,3.906890595608519,5,1,https://allegrolokalnie.pl-oferta853019.click,1
73,12,22,3,1,0,6,0,0,0,0,0,3,0,1,0,0,0,0,2,4.486019128127344,2.918295834054489,3,0,https://360degreesgoldenhub-com.us.stackstaging.com/vendor/bin/carbone/my,1
73,12,23,3,1,0,7,0,0,0,0,0,3,0,0,0,0,0,0,2,4.478730512022694,2.918295834054489,3,0,http://360degreesgoldenhub-com.us.stackstaging.com/vendor/bin/carbone/my/,1
40,9,6,2,2,0,3,0,0,0,0,0,0,0,0,0,0,0,0,1,4.296439344671016,2.94770277922009,3,0,http://open-ldgreapp.wixstudio.com/en-us,1
41,9,6,2,2,0,3,0,0,0,0,0,0,0,0,0,0,0,0,1,4.247557492317427,2.94770277922009,3,0,http://open-ledgrecom.wixstudio.com/en-us,1
41,9,6,2,1,0,3,0,0,0,0,0,0,0,0,0,0,0,0,1,4.257078456355553,2.94770277922009,3,0,http://open-ledgrecom.wixstudio.com/start,1
92,15,10,2,1,0,4,0,1,1,0,0,25,0,1,0,0,0,0,1,4.929873136870803,3.640223928941852,4,0,https://allegro-lokalnie.prywatn83812034.bond/lokalnie/?id=3j7z0h6f0x7m6k0p6t8i3z6z6a1l0o9m1,1
90,15,9,2,1,0,3,0,1,1,0,0,25,0,0,0,0,0,0,1,4.898805775581955,3.640223928941852,4,0,http://allegro-lokalnie.prywatn83812034.bond/lokalnie?id=3j7z0h6f0x7m6k0p6t8i3z6z6a1l0o9m1,1
36,6,1,2,1,0,3,0,0,0,0,0,0,0,1,0,0,0,0,1,3.7425895018519193,2.584962500721156,3,0,https://trezo-homestarts.zapier.app/,1
42,6,1,2,2,0,3,0,0,0,0,0,0,0,1,0,0,0,0,1,4.035324126119452,2.584962500721156,3,0,https://starting-guide-desktop.zapier.app/,1
38,6,8,2,1,0,3,0,0,0,0,0,0,0,1,0,0,0,1,1,3.915580395467515,2.584962500721156,3,0,https://ten-trolink.zapier.app/support,1
41,9,5,2,1,0,3,0,0,0,0,0,0,0,1,0,0,0,0,1,4.217818932588802,2.94770277922009,3,0,https://ldgr-comstarts.wixstudio.com/enus,1
46,9,6,2,2,0,3,0,0,0,0,0,0,0,1,0,0,0,0,1,4.186954489636056,2.94770277922009,3,0,https://suiteapp-pub-learn.wixstudio.com/setup,1
44,9,6,2,2,0,3,0,0,0,0,0,0,0,1,0,0,0,0,1,4.183546039377806,2.94770277922009,3,0,https://suiteapp-trrazor.wixstudio.com/us-en,1
49,10,10,2,0,0,4,0,0,0,0,0,9,0,1,0,0,0,0,1,4.3131907112413845,2.9219280948873623,4,0,https://allegrolokalnie.925389h451.shop/lokalnie/,1
38,19,7,1,1,0,3,0,0,0,0,0,0,0,1,0,0,0,2,0,3.9778048159043644,3.576617644908666,3,0,https://prime-clientsupport.com/signin,1
212,19,7,4,1,0,3,1,1,5,4,1,24,0,1,0,1,0,2,0,5.0371996780429535,3.576617644908666,3,0,https://prime-clientsupport.com/signin?email=isabelle.founet@laposte.net&amp;token=lqbmieq4ws1pguhj6rdjx1s3o8q9o6tb2mcpmdf2hvasgsikm0ywyu6kw3ofk3p2&amp;downdate=19&amp;amount=414.72&amp;identity=isabelle%20founet,1
979,8,9,5,21,1,4,0,1,1,0,0,187,0,1,0,0,0,1,3,5.9680173302644635,2.75,3,0,https://u106898146.ct.eu.sendgrid.net/ls/click?upn=u001.ujKTzqcLK9LGtLkRCbvpuS0PGO3GOI9fNrX2aOFN0vco84oJAbbz3D3iLU1VJsPH7c6RaHxZvhKsynOkMEq7T7Gn5Xu5c5I3WE7kaAr9cDUhZeFP4MG8cuy3KM-2BD3a2DY1eDLkCMwgx5-2FdP1j6yGInFvL9N95VrIPl6tgfEdFcbUSFXFgncsACHH1HLTg-2B-2Bejeqzb5akCVfFanIkWsBoapnB5Kvl6CqACpeKAjxdOSbl1-2F-2FxL9Sinzp3DdIuPVGctaY2huoO-2BXkm-2BtAgA-2FTn4duwQ2I6ZwGxlSyvjC-2BqE76YMuqkTwtsYhAXVajXT42Z4MEZml41cjeUJp2l5il6fDoWn6yQN3wMbzF22MVd0P8vexNniWD2f8SH11yxL8GFHK-2BY9efrNqx-2B3OHyGVuDkFjvwlPf971RPzLgkJXjW8U-3DMAyA_noKpPTDhsQIpiq15UrxVN7egMuGTdX32izl7nGMQuuf1k8urM6Sh8z-2BzsrNWigDZON9PsVFlguO-2FhyPUUU0Uh5WKky7VCZqXzzE2Gg3NEqsxM9H80SJbrNjB3S0PYkXoTUSEm0ss8f4ZziKziM4IWEM6tA9M6MsSQCEnFGAC5e9u39W3gmYtDyK27kf3LEtMhtvVTMIOBHB5ZLN-2FmbILAe7ibvNtoNHxFcsM1d8s7glfX6Emt9IjAeOdwc9WVtJeOxikWK8wPSUwj5QIl9M5C9TA7NujAMarPGYO5E70Pa79jrHcSUg3DaYREr911ddqX-2FZq5EwhXMrwfHEF1wpFWH91bbfnb508DaFc8wBQO0TEIdlaHLrdEUeMWZN9aPxXHpxg-2Brs-2F44snlWWy4n5fzh2xMQesMRXqhhL5A5pk-2BEhfzQ683NJp5b6lm-2BVE1mEB,1
302,6,13,4,0,1,4,0,1,2,1,0,37,0,1,0,0,0,0,1,5.717311455656077,2.584962500721156,3,0,https://trackingservice.monday.com/tracker/link?token=eyJhbGciOiJIUzI1NiIsInR5cCI6IkpXVCJ9.eyJvcmlnaW5hbFVybCI6Imh0dHBzOi8vd2FkZHl3b3Jrcy5jb20vLS9lYXN5LXAyLyIsImVtYWlsSWQiOiJkNDQ2OWYxZi00YTA2LTQyODktYWEyNi05NWEyOGE3MjJjZDQiLCJpYXQiOjE3Nzg5OTY0OTN9.0am0zop60C82bZZSgB0jJJeBlTdGsYsh8_sap3MdQYI&amp;r=euc1,1
33,10,11,1,2,0,5,0,0,0,0,0,1,0,1,0,0,0,0,0,4.063650847340264,2.9219280948873623,3,0,https://waddyworks.com/-/easy-p2/,1
63,14,37,1,2,0,6,0,0,0,0,0,0,0,1,0,0,0,0,0,4.328891488071911,3.235926350629033,3,0,https://avanteshipping.com/wp-content/aktualisierung/easybk-de/,1
66,14,40,1,2,0,7,0,0,0,0,0,0,0,1,0,0,0,0,0,4.336135507476574,3.235926350629033,3,0,https://avanteshipping.com/wp-content/aktualisierung/easybk-de/lg/,1
29,10,7,1,1,0,3,0,0,0,0,0,4,0,1,0,0,0,1,0,4.185230132909402,3.3219280948873626,3,0,https://prime-2340.com/signin,1
203,10,7,4,1,0,3,1,1,5,4,1,28,0,1,0,1,0,1,0,5.0865710136421285,3.3219280948873626,3,0,https://prime-2340.com/signin?email=bernard.conneau@laposte.net&amp;token=lqbmieq4ws1pguhj6rdjx1s3o8q9o6tb2mcpmdf2hvasgsikm0ywyu6kw3ofk3p2&amp;downdate=19&amp;amount=414.72&amp;identity=bernard%20conneau,1
214,21,7,4,1,0,3,1,1,5,4,1,24,0,1,0,1,0,1,0,5.037875275222538,3.6537567082870015,3,0,https://prime-annulationfilms.com/signin?email=bernard.conneau@laposte.net&amp;token=lqbmieq4ws1pguhj6rdjx1s3o8q9o6tb2mcpmdf2hvasgsikm0ywyu6kw3ofk3p2&amp;downdate=19&amp;amount=414.72&amp;identity=bernard%20conneau,1
40,21,7,1,1,0,3,0,0,0,0,0,0,0,1,0,0,0,1,0,4.065957320949175,3.6537567082870015,3,0,https://prime-annulationfilms.com/signin,1
205,16,7,4,1,0,3,1,1,5,4,1,24,0,1,0,1,0,1,0,5.081464326570769,3.327819531114783,3,0,https://plateforme-prime.com/signin?email=thierry.ducon@laposte.net&amp;token=lqbmieq4ws1pguhj6rdjx1s3o8q9o6tb2mcpmdf2hvasgsikm0ywyu6kw3ofk3p2&amp;downdate=19&amp;amount=414.72&amp;identity=thierry%20ducon,1
42,14,0,2,0,0,2,0,0,0,0,0,8,0,0,0,0,0,0,1,4.195539744052798,3.0930692077718898,4,0,http://allegrolokalnie.oferta22424279.shop,1
52,24,0,2,4,0,2,0,0,0,0,0,5,0,1,0,0,0,0,1,4.32574849784563,3.688721875540867,3,0,https://allegrolokalnie.okazje-na-lato-2026-n3rn.sbs,1
51,10,21,3,0,0,4,0,0,0,0,0,0,0,1,0,0,0,0,1,4.272737538339062,2.9219280948873623,3,0,https://storage.googleapis.com/mvmrolunk/index.html,1
45,32,1,1,1,0,3,0,0,0,0,0,0,0,1,0,0,0,0,0,4.207976707200401,3.702819531114783,3,0,https://onlineugyintezes-ugyfelszolgalat.com/,1
59,32,15,1,1,0,5,0,0,0,0,0,0,0,1,0,0,0,1,0,4.219708575828711,3.702819531114783,3,0,https://onlineugyintezes-ugyfelszolgalat.com/support/alert/,1
61,32,17,1,1,0,5,0,0,0,0,0,0,0,1,0,0,0,1,0,4.229940518516092,3.702819531114783,3,0,https://onlineugyintezes-ugyfelszolgalat.com/support/payment/,1
36,9,0,2,1,0,2,0,0,0,0,0,6,0,0,0,0,0,0,1,4.270910335425638,2.4193819456463714,3,0,http://allegrolokalnie.pl-129911.cfd,1
23,10,1,1,1,0,3,0,0,0,0,0,0,0,1,0,0,0,0,0,4.0559581516151235,3.3219280948873626,3,0,https://survey-log.com/,1
32,10,10,2,1,0,3,0,0,0,0,0,0,0,1,0,0,0,0,0,4.327819531114783,3.3219280948873626,3,0,https://survey-log.com/index.php,1
34,21,1,1,2,0,3,0,0,0,0,0,0,0,1,0,0,0,0,0,4.02085512047121,3.463280517810811,3,0,https://espacio-de-renovacion.com/,1
38,21,1,2,2,0,3,0,0,0,0,0,0,0,1,1,0,0,0,1,4.115834092163221,3.463280517810811,3,0,https://www.espacio-de-renovacion.com/,1
32,15,1,2,1,0,3,0,0,0,0,0,0,0,1,1,0,0,0,1,4.030639062229566,3.3735572622751855,3,0,https://www.mon-colisrelais.com/,1
28,15,1,1,1,0,3,0,0,0,0,0,0,0,1,0,0,0,0,0,3.9407598325400897,3.3735572622751855,3,0,https://mon-colisrelais.com/,1
36,23,1,1,1,0,3,0,0,0,0,0,0,0,1,0,0,0,0,0,4.197159723424149,3.7081320646586016,3,0,https://mondialrelay-suivicolis.com/,1
95,17,14,2,1,0,4,0,1,1,0,0,27,0,1,0,0,0,0,1,5.084491436111955,3.572469458770136,3,0,https://allegrolokalnie.ofert34592512-509.lat/lokalnie/home?id=7q2R2c5m7z3J1p7y7R5A6O1R4d4s7F8F,1
33,19,1,1,2,0,3,0,0,0,0,0,1,0,1,0,0,0,0,0,4.066677073707229,3.6163485660751644,4,0,https://uas1-connect-portal.info/,1
51,18,10,2,0,0,4,0,0,0,0,0,1,0,1,0,0,0,1,1,4.4219461750927245,3.57243125132212,3,0,https://securesite.sydneycenterbillau.com/r/Y3UnHqZ,1
54,21,10,2,0,0,4,0,0,0,0,0,0,0,1,0,0,0,1,1,4.282484261342599,3.5537631144722455,3,0,https://securesite.greenfieldwatermelons.com/r/ouaRcAz,1
39,13,14,2,0,0,3,0,0,0,0,0,0,0,1,0,0,0,0,0,4.028490680178816,3.3927474104487847,3,0,https://digoalimentos.com/docusign.html,1
35,10,6,2,0,0,3,0,0,0,0,0,0,0,1,0,0,0,1,1,4.090296503327815,2.5219280948873624,3,0,https://vexora.alwaysdata.net/login,1
34,23,0,1,0,0,2,0,0,0,0,0,0,0,0,0,0,0,0,0,3.7015976801102295,3.2361862832554125,3,0,http://acessosuportenetempresa.com,1
31,20,0,1,0,0,2,0,0,0,0,0,0,0,0,0,0,0,0,0,3.8858280691364318,3.3464393446710154,3,0,http://atendimentoseguronet.com,1
40,14,1,2,0,0,3,0,0,0,0,0,0,0,1,0,0,0,0,1,4.106198332810095,3.3248629576173565,3,0,https://bradescochat.apoioexclusivo.com/,1
43,15,1,2,0,0,3,0,0,0,0,0,0,0,1,0,0,0,0,1,3.954538882256882,3.240223928941852,7,0,https://netempresa.cadastrointerno.digital/,1
26,9,1,2,0,0,3,0,0,0,0,0,0,0,1,1,0,0,0,1,3.5073801024236353,2.725480556997868,3,1,https://www.dpdlocoty.top/,1
30,9,5,2,0,0,4,0,0,0,0,0,0,0,1,1,0,0,0,1,3.5898980954642874,2.725480556997868,3,1,https://www.dpdlocoty.top/com/,1
50,7,21,2,2,0,3,0,0,0,0,0,4,0,1,0,0,0,0,1,4.361076880026372,2.5216406363433186,3,0,https://dhelp6669.wixsite.com/professional-web-sol,1
33,6,1,2,0,0,3,0,0,0,0,0,2,0,1,0,0,0,0,1,4.028946391954607,2.2516291673878226,4,0,https://restaurant45.framer.wiki/,1
35,10,1,2,1,0,3,0,0,0,0,0,6,0,1,0,0,0,0,1,4.436006945330955,2.8464393446710154,3,0,https://manx-100343.weeblysite.com/,1
31,6,1,2,0,0,3,0,0,0,0,0,0,0,1,0,0,0,0,1,3.7726095206097563,2.2516291673878226,3,0,https://commchoicec.weebly.com/,1
44,6,1,2,0,0,3,0,0,0,0,0,0,0,1,0,0,0,0,1,4.189561096343497,2.2516291673878226,3,0,https://hudsonvalleyrenewacssonl.weebly.com/,1
34,6,1,2,1,0,3,0,0,0,0,0,1,0,1,0,0,0,0,1,4.197325708706504,2.2516291673878226,3,0,https://ac-versailles2.weebly.com/,1
41,6,1,2,2,0,3,0,0,0,0,0,6,0,1,0,0,0,0,1,4.259514199528965,2.2516291673878226,3,0,https://spiky-approach-287085.framer.app/,1
45,6,1,2,0,0,3,0,0,0,0,0,2,0,1,0,0,0,0,1,4.580307540581812,2.2516291673878226,3,0,https://natemail80kjfxxcvkjlkdtsr.weebly.com/,1
29,6,1,2,0,0,3,0,0,0,0,0,4,0,1,0,0,0,0,1,4.228165046627903,2.2516291673878226,3,0,https://gtrre2385.weebly.com/,1
34,10,1,2,1,0,3,0,0,0,0,0,6,0,1,0,0,0,0,1,4.231009444816112,2.8464393446710154,3,0,https://att-104408.weeblysite.com/,1
35,6,1,2,0,0,3,0,0,0,0,0,0,0,1,0,0,0,0,1,3.8972997175517166,2.2516291673878226,4,0,https://sdrtgsrtgstyhg.framer.wiki/,1
40,6,1,2,0,0,3,0,0,0,0,0,0,0,1,0,0,0,0,1,4.0653115322251026,2.2516291673878226,3,0,https://protecteverwlsellink.weebly.com/,1
32,6,1,2,0,0,3,0,0,0,0,0,0,0,1,0,0,0,0,1,4.351409765557392,2.2516291673878226,3,0,https://awqopiyunguv.weebly.com/,1
41,6,1,2,0,0,3,0,0,0,0,0,0,0,1,0,0,0,0,1,4.094760845817661,2.2516291673878226,3,0,https://automaticresultnotice.weebly.com/,1
32,6,1,2,0,0,3,0,0,0,0,0,0,0,1,0,0,0,0,1,4.140319531114783,2.2516291673878226,3,0,https://zimbracentre.weebly.com/,1
32,7,1,2,0,0,3,0,0,0,0,0,0,0,1,0,0,0,0,1,4.116729296672175,2.5216406363433186,2,0,https://sthdidzimbra.webflow.io/,1
43,6,1,2,2,0,3,0,0,0,0,0,6,0,1,0,0,0,0,1,4.466166789233626,2.2516291673878226,3,0,https://considerate-kiwi-419137.framer.app/,1
45,6,1,2,2,0,3,0,0,0,0,0,6,0,1,0,0,0,0,1,4.23564587381899,2.2516291673878226,3,0,https://dedicated-elements-399230.framer.app/,1
30,6,1,2,0,0,3,0,0,0,0,0,0,0,1,0,0,0,0,1,4.01506101220307,2.2516291673878226,3,0,https://hvconlinee.weebly.com/,1
44,6,1,2,0,0,3,0,0,0,0,0,0,0,1,0,0,0,1,1,4.027169118440619,2.2516291673878226,3,0,https://accountterminationnoitce.weebly.com/,1
38,6,1,2,2,0,3,0,0,0,0,0,6,0,1,0,0,0,0,1,4.293594289588575,2.2516291673878226,3,0,https://poised-tour-673944.framer.app/,1
50,6,1,2,2,0,3,0,0,0,0,0,6,0,1,0,0,0,0,1,4.353269689515108,2.2516291673878226,3,0,https://numerical-circumstances-826853.framer.app/,1
36,6,1,2,0,0,3,0,0,0,0,0,4,0,1,0,0,0,0,1,4.31562257082666,2.2516291673878226,3,0,https://baucarshopee1468.weebly.com/,1
28,6,1,2,0,0,3,0,0,0,0,0,0,0,1,0,0,0,0,1,3.7264741182543752,2.2516291673878226,3,0,https://moemespt.weebly.com/,1
31,6,1,2,0,0,3,0,0,0,0,0,0,0,1,0,0,0,0,1,4.260332600569877,2.2516291673878226,3,0,https://verwaiokumh.weebly.com/,1
40,6,1,2,2,0,3,0,0,0,0,0,6,0,1,0,0,0,0,1,4.158694969562842,2.2516291673878226,3,0,https://scary-service-226646.framer.app/,1
28,6,1,2,2,0,3,0,0,0,0,0,0,0,1,0,0,0,0,1,4.110577243331642,2.2516291673878226,3,0,https://sbng--si.weebly.com/,1
39,6,1,2,2,0,3,0,0,0,0,0,6,0,1,0,0,0,0,1,4.243628103911205,2.2516291673878226,3,0,https://readable-day-332108.framer.app/,1
32,6,1,2,0,0,3,0,0,0,0,0,0,0,1,0,0,0,0,1,4.327819531114783,2.2516291673878226,3,0,https://djdjhxfinpge.weebly.com/,1
36,6,1,2,2,0,3,0,0,0,0,0,6,0,1,0,0,0,0,1,4.231746181697386,2.2516291673878226,3,0,https://best-fern-713684.framer.app/,1
44,6,1,2,2,0,3,0,0,0,0,0,6,0,1,0,0,0,0,1,4.373648947936903,2.2516291673878226,3,0,https://awesome-sunflower-585649.framer.app/,1
41,6,1,2,2,0,3,0,0,0,0,0,6,0,1,0,0,0,0,1,4.405855662943599,2.2516291673878226,3,0,https://forceful-pizza-995326.framer.app/,1
41,6,1,2,2,0,3,0,0,0,0,0,6,0,1,0,0,0,0,1,4.2411023092322955,2.2516291673878226,3,0,https://familiar-minds-963377.framer.app/,1
44,10,1,2,1,0,3,0,0,0,0,0,6,0,1,0,0,0,0,1,4.533184175406309,2.8464393446710154,3,0,https://xfinitymailer-102605.weeblysite.com/,1
29,6,1,2,0,0,3,0,0,0,0,0,3,0,1,0,0,0,0,1,4.28022625367366,2.2516291673878226,3,0,https://001zimbra.weebly.com/,1
42,6,1,2,2,0,3,0,0,0,0,0,6,0,1,0,0,0,0,1,4.3680424225727155,2.2516291673878226,3,0,https://relevant-agency-110354.framer.app/,1
48,6,1,2,0,0,3,0,0,0,0,0,0,0,1,0,0,0,1,1,4.042481250360578,2.2516291673878226,3,0,https://securesafeeverwisecuvprotect.weebly.com/,1
44,6,1,2,2,0,3,0,0,0,0,0,6,0,1,0,0,0,0,1,4.373648947936903,2.2516291673878226,3,0,https://helpful-questions-707734.framer.app/,1
29,6,1,2,0,0,3,0,0,0,0,0,0,0,1,0,0,0,0,1,4.004364184708142,2.2516291673878226,3,0,https://cresprenv.weebly.com/,1
28,6,1,2,0,0,3,0,0,0,0,0,0,0,1,0,0,0,0,1,3.9232517969803373,2.2516291673878226,2,0,https://mynckcnnn.framer.ai/,1
37,6,1,2,0,0,3,0,0,0,0,0,0,0,1,0,0,0,1,1,4.060012149061901,2.2516291673878226,3,0,https://secureunitedonecu.weebly.com/,1
34,6,1,2,0,0,3,0,0,0,0,0,0,0,1,0,0,0,0,1,4.076741430173861,2.2516291673878226,3,0,https://remodelinctext.weebly.com/,1
42,6,1,2,0,0,3,0,0,0,0,0,1,0,1,0,0,0,0,1,4.528873077386131,2.2516291673878226,3,0,https://daumm7rjlkfuikjlkgcgvk.weebly.com/,1
31,6,1,2,0,0,3,0,0,0,0,0,8,0,1,0,0,0,0,1,4.195816471537619,2.2516291673878226,3,0,https://hgy78899009.weebly.com/,1
41,6,1,2,0,0,3,0,0,0,0,0,0,0,1,0,0,0,0,1,3.9650255673058683,2.2516291673878226,3,0,https://businessbillstatement.weebly.com/,1
39,6,1,2,2,0,3,0,0,0,0,0,6,0,1,0,0,0,0,1,4.111698692943855,2.2516291673878226,3,0,https://khaki-shares-665070.framer.app/,1
45,6,1,2,0,0,3,0,0,0,0,0,0,0,1,0,0,0,0,1,4.116868585642403,2.2516291673878226,3,0,https://goldenstatementnewservice.weebly.com/,1
42,6,1,2,2,0,3,0,0,0,0,0,6,0,1,0,0,0,0,1,4.58816414871168,2.2516291673878226,3,0,https://daring-checkout-920581.framer.app/,1
26,6,1,2,0,0,3,0,0,0,0,0,0,0,1,0,0,0,0,1,4.056020968057882,2.2516291673878226,3,0,https://kymaii.weebly.com/,1
42,6,1,2,0,0,3,0,0,0,0,0,1,0,1,0,0,0,0,1,4.184482757226366,2.2516291673878226,3,0,https://instagviediooeeloogin1.weebly.com/,1
27,6,1,2,0,0,3,0,0,0,0,0,0,0,1,0,0,0,0,1,4.106377316818026,2.2516291673878226,3,0,https://zbimbra.weebly.com/,1
37,6,1,2,0,0,3,0,0,0,0,0,0,0,1,0,0,0,0,1,4.131769501279566,2.2516291673878226,3,0,https://ssonwmissouriable.weebly.com/,1
25,6,1,2,0,0,3,0,0,0,0,0,0,0,1,0,0,0,0,1,3.9434651896016475,2.2516291673878226,3,0,https://dmbfb.weebly.com/,1
28,6,1,2,2,0,3,0,0,0,0,0,0,0,1,0,0,0,0,1,3.91379956460568,2.2516291673878226,3,0,https://csic--es.weebly.com/,1
35,6,1,2,0,0,3,0,0,0,0,0,0,0,1,0,0,0,0,1,4.090296503327815,2.2516291673878226,3,0,https://redstonecreditu.weebly.com/,1
28,6,1,2,0,0,3,0,0,0,0,0,0,0,1,0,0,0,0,1,4.208966082694623,2.2516291673878226,3,0,https://grngovna.weebly.com/,1
26,6,1,2,0,0,3,0,0,0,0,0,1,0,1,0,0,0,0,1,4.209867121904036,2.2516291673878226,3,0,https://inria1.weebly.com/,1
28,6,1,2,0,0,3,0,0,0,0,0,0,0,1,0,0,0,0,1,4.110577243331642,2.2516291673878226,3,0,https://jobonail.weebly.com/,1
43,6,1,2,2,0,3,0,0,0,0,0,6,0,1,0,0,0,0,1,4.379298475431078,2.2516291673878226,3,0,https://worthy-champagne-767359.framer.app/,1
40,6,1,2,0,0,3,0,0,0,0,0,0,0,1,0,0,0,0,1,4.215311532225103,2.2516291673878226,3,0,https://hudsonvallcusaeuresr.weebly.com/,1
37,6,1,2,0,0,3,0,0,0,0,0,4,0,1,0,0,0,0,1,4.208924987016683,2.2516291673878226,3,0,https://outlookwebapp2026.weebly.com/,1
33,6,1,2,1,0,3,0,0,0,0,0,2,0,1,0,0,0,0,1,4.161987589698946,2.2516291673878226,3,0,https://outlook-owa26.weebly.com/,1
41,6,1,2,2,0,3,0,0,0,0,0,6,0,1,0,0,0,0,1,4.338663284842051,2.2516291673878226,3,0,https://purple-company-670587.framer.app/,1
40,6,1,2,0,0,3,0,0,0,0,0,0,0,1,0,0,0,0,1,4.175070520364182,2.2516291673878226,3,0,https://chasemynamdjvndbdeje.weebly.com/,1
39,6,1,2,0,0,3,0,0,0,0,0,0,0,1,0,0,0,0,1,4.272331064905147,2.2516291673878226,3,0,https://outlookingwayptsafe.weebly.com/,1
42,7,10,2,1,0,3,0,0,0,0,0,6,0,1,0,0,0,0,1,4.546846589342405,2.5216406363433186,3,0,https://myportal2026.wixsite.com/0ne-driv3,1
45,6,1,2,2,0,3,0,0,0,0,0,6,0,1,0,0,0,0,1,4.446974207248478,2.2516291673878226,3,0,https://responsible-cougar-543346.framer.app/,1
49,6,1,2,2,0,3,0,0,0,0,0,6,0,1,0,0,0,0,1,4.499828405684786,2.2516291673878226,3,0,https://enlightened-collection-024618.framer.app/,1
31,6,1,2,0,0,3,0,0,0,0,0,0,0,1,0,0,0,0,1,4.018081793978686,2.2516291673878226,7,0,https://cardcvv.framer.website/,1
49,6,1,2,2,0,3,0,0,0,0,0,6,0,1,0,0,0,0,1,4.369412905163088,2.2516291673878226,3,0,https://understanding-increase-965604.framer.app/,1
29,6,1,2,0,0,3,0,0,0,0,0,0,0,1,0,0,0,0,1,3.8404025467025056,2.2516291673878226,7,0,https://hilfe.framer.website/,1
30,6,1,2,0,0,3,0,0,0,0,0,5,0,1,0,0,0,0,1,4.41506101220307,2.2516291673878226,3,0,https://daum11q245.weebly.com/,1
35,6,1,2,0,0,3,0,0,0,0,0,0,0,1,0,0,0,0,1,3.8045822176135298,2.2516291673878226,7,0,https://silverstarr.framer.website/,1
28,6,1,2,0,0,3,0,0,0,0,0,0,0,1,0,0,0,0,1,4.039148671903071,2.2516291673878226,3,0,https://rallyhcu.weebly.com/,1
36,6,1,2,0,0,3,0,0,0,0,0,0,0,1,0,0,0,0,1,4.218128820706467,2.2516291673878226,3,0,https://viewdpdfdocument.weebly.com/,1
39,6,1,2,2,0,3,0,0,0,0,0,6,0,1,0,0,0,0,1,4.1217079115480395,2.2516291673878226,3,0,https://magenta-card-167171.framer.app/,1
40,6,1,2,2,0,3,0,0,0,0,0,6,0,1,0,0,0,0,1,4.362814895472356,2.2516291673878226,3,0,https://second-people-782305.framer.app/,1
25,6,1,2,0,0,3,0,0,0,0,0,0,0,1,0,0,0,0,1,4.023465189601647,2.2516291673878226,3,0,https://mnmai.weebly.com/,1
46,6,1,2,2,0,3,0,0,0,0,0,6,0,1,0,0,0,0,1,4.311074184082723,2.2516291673878226,3,0,https://harmonious-pentagon-307078.framer.app/,1
30,3,1,2,0,0,3,0,0,0,0,0,8,0,1,0,0,0,0,1,4.1898980954642875,1.584962500721156,2,0,https://online98377883.zya.me/,1
44,6,1,2,0,0,3,0,0,0,0,0,0,0,1,0,0,0,0,1,4.138091493923261,2.2516291673878226,3,0,https://envistarccuretyonlinertt.weebly.com/,1
28,6,1,2,0,0,3,0,0,0,0,0,2,0,1,0,0,0,0,1,4.280394654123194,2.2516291673878226,3,0,https://zimbra04.weebly.com/,1
33,6,1,2,1,0,3,0,0,0,0,0,2,0,1,0,0,0,0,1,4.12728313431329,2.2516291673878226,3,0,https://outlook-web26.weebly.com/,1
42,6,1,2,2,0,3,0,0,0,0,0,6,0,1,0,0,0,0,1,4.216506042177471,2.2516291673878226,3,0,https://inventive-sense-399247.framer.app/,1
49,6,1,2,1,0,3,0,0,0,0,0,0,0,1,0,0,0,0,1,4.36737483434452,2.2516291673878226,3,0,https://kjhenvistaonlinehtkfjf-cuonhh.weebly.com/,1
37,6,1,2,0,0,3,0,0,0,0,0,0,0,1,0,0,0,0,1,3.9590570816697497,2.2516291673878226,7,0,https://ccrtcwebmaill.framer.website/,1
47,6,1,2,2,0,3,0,0,0,0,0,6,0,1,0,0,0,0,1,4.35746837281614,2.2516291673878226,3,0,https://beautiful-minimalist-227608.framer.app/,1
37,6,1,2,0,0,3,0,0,0,0,0,0,0,1,0,0,0,1,1,4.046762824854521,2.2516291673878226,7,0,https://nefcomsupport.framer.website/,1
41,6,1,2,0,0,3,0,0,0,0,0,0,0,1,0,0,0,0,1,4.259514199528965,2.2516291673878226,3,0,https://vvfonlineenvistacyfgh.weebly.com/,1
40,6,1,2,1,0,3,0,0,0,0,0,0,0,1,0,0,0,1,1,4.296439344671016,2.2516291673878226,3,0,https://adm-wpcusupportlogln.weebly.com/,1
26,6,1,2,0,0,3,0,0,0,0,0,0,0,1,0,0,0,0,1,4.026986833359287,2.2516291673878226,3,0,https://mzmaii.weebly.com/,1
43,6,1,2,2,0,3,0,0,0,0,0,6,0,1,0,0,0,0,1,4.275475372019214,2.2516291673878226,3,0,https://neat-opportunity-309965.framer.app/,1
28,6,1,2,1,0,3,0,0,0,0,0,0,0,1,0,0,0,0,1,4.012188403968661,2.2516291673878226,3,0,https://altia-es.weebly.com/,1
39,6,1,2,0,0,3,0,0,0,0,0,0,0,1,0,0,0,0,1,4.160420091146166,2.2516291673878226,3,0,https://rogersusersnnowlive.weebly.com/,1
44,6,1,2,3,0,3,0,0,0,0,0,0,0,1,0,0,0,0,1,4.3347965401062964,2.2516291673878226,3,0,https://admin-index-verifier-inc.weebly.com/,1
37,6,1,2,2,0,3,0,0,0,0,0,6,0,1,0,0,0,0,1,4.134468568039292,2.2516291673878226,3,0,https://quiet-fade-333832.framer.app/,1
41,6,1,2,2,0,3,0,0,0,0,0,6,0,1,0,0,0,0,1,4.357075175138721,2.2516291673878226,3,0,https://olive-pentagon-915549.framer.app/,1
41,6,1,2,2,0,3,0,0,0,0,0,6,0,1,0,0,0,0,1,4.3546394319653094,2.2516291673878226,3,0,https://peaceful-koala-327418.framer.app/,1
42,6,1,2,0,0,3,0,0,0,0,0,0,0,1,0,0,0,1,1,4.186860506514696,2.2516291673878226,3,0,https://passwordsauthenticator.weebly.com/,1
40,6,1,2,0,0,3,0,0,0,0,0,20,0,1,0,0,0,0,1,4.496439344671016,2.2516291673878226,3,0,https://88826345201924176473.weebly.com/,1
31,6,1,2,1,0,3,0,0,0,0,0,1,0,1,0,0,0,0,1,4.324848729602135,2.2516291673878226,3,0,https://univ-tours1.weebly.com/,1
34,6,1,2,0,0,3,0,0,0,0,0,0,0,1,0,0,0,0,1,4.2339466645252255,2.2516291673878226,3,0,https://aswedrdtfyoiko.weebly.com/,1
32,6,1,2,0,0,3,0,0,0,0,0,0,0,1,0,0,0,1,1,4.202819531114783,2.2516291673878226,3,0,https://zipverifyapp.weebly.com/,1
35,6,1,2,1,0,3,0,0,0,0,0,1,0,1,0,0,0,0,1,4.286146588249911,2.2516291673878226,3,0,https://acct-redstnef1x.weebly.com/,1
47,6,1,2,2,0,3,0,0,0,0,0,6,0,1,0,0,0,0,1,4.375313916247412,2.2516291673878226,3,0,https://fearless-discussions-250460.framer.app/,1
34,6,1,2,2,0,3,0,0,0,0,0,0,0,1,0,0,0,0,1,4.135564959585626,2.2516291673878226,3,0,https://muehlbauer--de.weebly.com/,1
37,6,1,2,2,0,3,0,0,0,0,0,6,0,1,0,0,0,0,1,4.2629790410707376,2.2516291673878226,3,0,https://zany-tweak-696167.framer.app/,1
39,6,1,2,0,0,3,0,0,0,0,0,0,0,1,0,0,0,0,1,4.231058232227281,2.2516291673878226,3,0,https://fatestnewgradesinfo.weebly.com/,1
34,6,1,2,1,0,3,0,0,0,0,0,3,0,1,0,0,0,0,1,4.231009444816112,2.2516291673878226,3,0,https://outlook-owa206.weebly.com/,1
46,6,1,2,2,0,3,0,0,0,0,0,6,0,1,0,0,0,0,1,4.230432750505621,2.2516291673878226,3,0,https://compassionate-plans-884289.framer.app/,1
37,6,1,2,0,0,3,0,0,0,0,0,0,0,1,0,0,0,0,1,4.152171866202902,2.2516291673878226,3,0,https://uitreweaspolikbre.weebly.com/,1
35,6,1,2,0,0,3,0,0,0,0,0,0,0,1,0,0,0,0,1,4.207435516759526,2.2516291673878226,3,0,https://srfuikyhiyiknik.weebly.com/,1
41,10,1,2,2,0,3,0,0,0,0,0,0,0,1,0,0,0,1,1,4.208297968550675,2.8464393446710154,3,0,https://mynew-update-mail.weeblysite.com/,1
47,6,1,2,1,0,3,0,0,0,0,0,0,0,1,0,0,0,0,1,4.351837255656769,2.2516291673878226,3,0,https://gfenvistarewyjview-onlinegt.weebly.com/,1
43,7,1,2,2,0,3,0,0,0,0,0,0,0,1,0,0,0,0,1,4.109306836490687,2.5216406363433186,3,0,https://custom-button-pichinha.lovable.app/,1
51,6,1,2,3,0,3,0,0,0,0,0,2,0,1,0,0,0,0,1,4.383236989778271,2.2516291673878226,3,0,https://xn--contrletlphoniqueetu-i2bb1w.weebly.com/,1
40,12,1,2,1,0,3,0,0,0,0,0,1,0,1,0,0,0,0,1,4.125070520364182,3.0220552088742005,3,0,https://site-z8xszvozd.godaddysites.com/,1
33,6,1,2,0,0,3,0,0,0,0,0,0,0,1,0,0,0,0,1,4.331976694984911,2.2516291673878226,3,0,https://duvallgrenier.weebly.com/,1
38,6,1,2,2,0,3,0,0,0,0,0,6,0,1,0,0,0,0,1,4.431623565847431,2.2516291673878226,3,0,https://violet-kiwi-572280.framer.app/,1
40,6,1,2,0,0,3,0,0,0,0,0,0,0,1,0,0,0,0,1,4.093942707918269,2.2516291673878226,3,0,https://gencattechnicalunits.weebly.com/,1
42,6,1,2,2,0,3,0,0,0,0,0,6,0,1,0,0,0,0,1,4.558518613048906,2.2516291673878226,3,0,https://cuddly-cylinder-341289.framer.app/,1
44,6,1,2,1,0,3,0,0,0,0,0,0,0,1,0,0,0,1,1,4.202972243293109,2.2516291673878226,3,0,https://redirect-eaglecomsupport.weebly.com/,1
26,6,1,2,1,0,3,0,0,0,0,0,0,0,1,0,0,0,0,1,3.921029621737615,2.2516291673878226,3,0,https://cac-es.weebly.com/,1
34,6,1,2,1,0,3,0,0,0,0,0,3,0,1,0,0,0,0,1,4.197325708706504,2.2516291673878226,3,0,https://outlook-web026.weebly.com/,1
43,12,1,2,0,0,3,0,0,0,0,0,0,0,1,0,0,0,0,1,4.251164173004869,3.0220552088742005,3,0,https://webkoprabymandiri.godaddysites.com/,1
40,6,1,2,2,0,3,0,0,0,0,0,6,0,1,0,0,0,0,1,4.056198332810095,2.2516291673878226,3,0,https://sure-operator-334462.framer.app/,1
38,6,1,2,0,0,3,0,0,0,0,0,1,0,1,0,0,0,0,1,4.346225868535943,2.2516291673878226,3,0,https://l0ginwrightpunosef.weebly.com/,1
40,6,1,2,0,0,3,0,0,0,0,0,0,0,1,0,0,0,1,1,3.934183719779189,2.2516291673878226,3,0,https://secureeverwlseonllne.weebly.com/,1
27,6,1,2,0,0,3,0,0,0,0,0,0,0,1,0,0,0,0,1,4.032303242743953,2.2516291673878226,3,0,https://mamnail.weebly.com/,1
46,6,1,2,3,0,3,0,0,0,0,0,0,0,1,0,0,0,1,1,4.23477472746692,2.2516291673878226,7,0,https://online-email-update-jn.framer.website/,1
48,6,1,2,2,0,3,0,0,0,0,0,6,0,1,0,0,0,0,1,4.337581188618506,2.2516291673878226,3,0,https://ordinary-independence-414587.framer.app/,1
63,6,1,2,1,0,3,0,0,0,0,0,7,0,1,0,0,0,0,1,4.643325954971222,2.2516291673878226,7,0,https://hcc-mailr63z7pr3lafqkysjtqi2cmlq3upnl3c.framer.website/,1
31,6,1,2,0,0,3,0,0,0,0,0,6,0,1,0,0,0,0,1,4.195816471537619,2.2516291673878226,3,0,https://volny333445.weebly.com/,1
45,10,1,2,2,0,3,0,0,0,0,0,0,0,1,0,0,0,0,1,4.129981707104247,2.8464393446710154,3,0,https://btlnternet-voice-mail.weeblysite.com/,1
29,6,1,2,0,0,3,0,0,0,0,0,0,0,1,0,0,0,0,1,3.8404025467025056,2.2516291673878226,3,0,https://rtoourtee.weebly.com/,1
43,6,1,2,2,0,3,0,0,0,0,0,6,0,1,0,0,0,0,1,4.286275219617124,2.2516291673878226,3,0,https://faithful-portion-635225.framer.app/,1
46,6,1,2,0,0,3,0,0,0,0,0,0,0,1,0,0,0,0,1,4.104339944858224,2.2516291673878226,3,0,https://totalitarianassignmentcpos.weebly.com/,1
30,6,1,2,2,0,3,0,0,0,0,0,0,0,1,0,0,0,0,1,4.0980685120588385,2.2516291673878226,3,0,https://sbu-edu-tr.weebly.com/,1
27,6,1,2,0,0,3,0,0,0,0,0,0,0,1,0,0,0,0,1,4.208410187268526,2.2516291673878226,3,0,https://fumnail.weebly.com/,1
28,6,1,2,0,0,3,0,0,0,0,0,0,0,1,0,0,0,0,1,3.9102329406731844,2.2516291673878226,3,0,https://vkeieoeo.weebly.com/,1
39,6,1,2,0,0,3,0,0,0,0,0,0,0,1,0,0,0,0,1,4.072986513345729,2.2516291673878226,3,0,https://chercheertaviideoss.weebly.com/,1
40,6,1,2,2,0,3,0,0,0,0,0,6,0,1,0,0,0,0,1,4.175070520364182,2.2516291673878226,3,0,https://artsy-popover-318610.framer.app/,1
44,6,1,2,2,0,3,0,0,0,0,0,6,0,1,0,0,0,0,1,4.362507470762515,2.2516291673878226,3,0,https://strong-everything-224154.framer.app/,1
46,6,1,2,0,0,3,0,0,0,0,0,26,0,1,0,0,0,0,1,4.168372903282288,2.2516291673878226,3,0,https://23456787654334567854323456.weebly.com/,1
28,6,1,2,0,0,3,0,0,0,0,0,0,0,1,0,0,0,0,1,4.110577243331642,2.2516291673878226,3,0,https://oofmnail.weebly.com/,1
38,6,1,2,0,0,3,0,0,0,0,0,0,0,1,0,0,0,0,1,4.113206053476119,2.2516291673878226,7,0,https://coxinetwebmail.framer.website/,1
28,6,1,2,1,0,3,0,0,0,0,0,0,0,1,0,0,0,0,1,4.039148671903071,2.2516291673878226,3,0,https://icmab-es.weebly.com/,1
44,6,1,2,2,0,3,0,0,0,0,0,6,0,1,0,0,0,0,1,4.235015641798043,2.2516291673878226,3,0,https://pioneering-series-385966.framer.app/,1
40,6,1,2,0,0,3,0,0,0,0,0,1,0,1,0,0,0,0,1,4.503055907333276,2.2516291673878226,3,0,https://log1nkembafincuverfy.weebly.com/,1
31,6,1,2,0,0,3,0,0,0,0,0,0,0,1,0,0,0,0,1,4.091135423220312,2.2516291673878226,3,0,https://feriomfresa.weebly.com/,1
62,6,1,2,0,0,3,0,0,0,0,0,11,0,1,0,0,0,0,1,4.602365059933245,2.2516291673878226,3,0,https://kakaoauthvjviizu9g8v9gugdfuv97v7v08vc7v86v.weebly.com/,1
44,6,1,2,2,0,3,0,0,0,0,0,6,0,1,0,0,0,0,1,4.475699516020382,2.2516291673878226,3,0,https://ivory-combination-598379.framer.app/,1
45,6,1,2,2,0,3,0,0,0,0,0,6,0,1,0,0,0,0,1,4.174426151548691,2.2516291673878226,3,0,https://reserved-transform-828207.framer.app/,1
41,6,1,2,2,0,3,0,0,0,0,0,6,0,1,0,0,0,0,1,4.229145602020757,2.2516291673878226,3,0,https://zestful-guests-866805.framer.app/,1
59,7,1,2,4,0,3,0,0,0,0,0,3,0,1,0,0,0,2,1,4.320256448219739,2.5216406363433186,2,0,https://login-microsoftonline-com-3eeabeae8-2ff.webflow.io/,1
43,6,1,2,0,0,3,0,0,0,0,0,0,0,1,0,0,0,0,1,4.005483733078822,2.2516291673878226,7,0,https://westwisconsintelcom.framer.website/,1
45,6,1,2,2,0,3,0,0,0,0,0,6,0,1,0,0,0,0,1,4.322315530038771,2.2516291673878226,3,0,https://refreshed-minotaur-425702.framer.app/,1
33,6,1,2,2,0,3,0,0,0,0,0,0,0,1,0,0,0,1,1,4.150158513166728,2.2516291673878226,3,0,https://update-gob-ec.weebly.com/,1
32,6,1,2,0,0,3,0,0,0,0,0,0,0,1,0,0,0,0,1,4.116729296672175,2.2516291673878226,3,0,https://dskpodmcijeo.weebly.com/,1
26,6,1,2,0,0,3,0,0,0,0,0,0,0,1,0,0,0,0,1,4.103909910282364,2.2516291673878226,3,0,https://authgx.weebly.com/,1
42,10,1,2,1,0,3,0,0,0,0,0,6,0,1,0,0,0,0,1,4.327339900083508,2.8464393446710154,3,0,https://spectrumnet-100341.weeblysite.com/,1
43,12,1,3,0,0,3,0,0,0,0,0,6,0,1,0,0,0,0,2,4.332786847524101,3.4182958340544896,3,0,https://sp364696.sitebeat.crazydomains.com/,1
25,7,1,2,0,0,3,0,0,0,0,0,0,0,1,0,0,0,0,1,4.023465189601647,2.8073549220576046,4,0,https://dpd.bmvxtrq.cyou/,1
29,7,5,2,0,0,4,0,0,0,0,0,0,0,1,0,0,0,0,1,4.004364184708142,2.8073549220576046,4,0,https://dpd.bmvxtrq.cyou/com/,1
42,6,1,2,0,0,3,0,0,0,0,0,9,0,1,0,0,0,0,1,4.3680424225727155,2.2516291673878226,3,0,https://vercel7c0d7509f3a41bdd.vercel.app/,1
90,13,50,2,7,0,4,0,0,0,0,0,11,0,0,0,0,0,0,1,4.502857920646109,3.334679141051595,3,0,http://allegrolokalnie.oferta3488158.lat/oferta/nvidia-geforce-rtx-5070-ti-prime-gaming-oc,1
27,14,1,1,1,0,3,0,0,0,0,0,0,0,1,0,0,0,1,0,3.7821222241453056,3.378783493486176,3,0,https://support-acctek.com/,1
35,7,1,2,1,0,3,0,0,0,0,0,1,0,1,0,0,0,0,1,4.307714802597439,2.5216406363433186,3,0,https://facebook-1ogin.duckdns.org/,1
31,12,0,2,0,0,2,0,0,0,0,0,6,0,0,0,0,0,0,1,4.17146526179041,3.2516291673878226,3,0,http://allegro.aukcje729917.lat,1
33,12,1,2,0,0,3,0,0,0,0,0,6,0,1,0,0,0,0,1,4.225619876671973,3.2516291673878226,3,0,https://allegro.aukcje729917.lat/,1
38,7,4,2,3,0,4,0,0,0,0,0,11,0,1,0,0,0,0,1,4.313459750171824,2.5216406363433186,3,0,https://20-251-144-161.cprapid.com/eu/,1
27,14,1,1,1,0,3,0,0,0,0,0,0,0,1,0,0,0,0,0,3.986187965046303,3.3248629576173565,3,0,https://robinhood-desk.com/,1
51,27,12,2,1,0,3,0,0,0,0,0,0,0,1,0,0,0,0,0,3.942758686901602,3.38379305739851,3,0,https://reprogrammation-information.com/captcha.php,1
40,27,1,1,1,0,3,0,0,0,0,0,0,0,1,0,0,0,0,0,3.9061983328100953,3.38379305739851,3,0,https://reprogrammation-information.com/,1
63,30,13,3,0,0,3,0,0,0,0,0,8,0,1,0,0,0,0,1,4.616190939978417,4.323231428797621,3,0,https://ysgjsyu.p5yjlf31w6hve12yktuwmenkyz07nk.lat/erneuern.php,1
456,12,33,10,0,4,3,0,1,1,0,38,94,0,1,1,0,0,0,2,5.243969025308988,3.084962500721156,3,0,https://www.m.grupsexports.com/siemens_plc_vfd_hmi_supplier.php?mlfb=%22%2F%3E%3Cimg%20src%3D%22https%3A%2F%2Fgoogle.com%2FtpUI3SzK8oVhA.jpg%22%20onerror%3D%22window.location%3DdecodeURIComponent%28atob%28%27Njg3NDc0NzA3MzNhMmYyZjcwNjE2YjYyNzU2Nzc4NmQ3MDZjNjcyZTcwMzU3OTZhNmM2NjMzMzE3NzM2Njg3NjY1MzEzMjc5NmI3NDc1Nzc2ZDY1NmU2Yjc5N2EzMDM3NmU2YjJlNmM2MTc0MmY2NTcyNmU2NTc1NjU3MjZlMmU3MDY4NzA%3D%27%29.replace%28%2F%28..%29%2Fg%2C%20%27%25%241%27%29%29%3B%22%3E,1
64,30,13,3,0,0,3,0,0,0,0,0,8,0,1,0,0,0,0,1,4.689867633875558,4.323231428797621,3,0,https://topabmdh.p5yjlf31w6hve12yktuwmenkyz07nk.lat/erneuern.php,1
417,13,9,8,0,0,3,0,1,1,0,38,94,0,1,0,0,0,0,0,5.150272104491742,3.3927474104487847,3,0,https://stayaliveshop.com/list.php?id=%22%2F%3E%3Cimg%20src%3D%22https%3A%2F%2Fgoogle.com%2Frsjz8DC8ybXah.jpg%22%20onerror%3D%22window.location%3DdecodeURIComponent%28atob%28%27Njg3NDc0NzA3MzNhMmYyZjY3Nzk2ZjY0Nzk2YjZkNjcyZTcwMzU3OTZhNmM2NjMzMzE3NzM2Njg3NjY1MzEzMjc5NmI3NDc1Nzc2ZDY1NmU2Yjc5N2EzMDM3NmU2YjJlNmM2MTc0MmY2NTcyNmU2NTc1NjU3MjZlMmU3MDY4NzA%3D%27%29.replace%28%2F%28..%29%2Fg%2C%20%27%25%241%27%29%29%3B%22%3E,1
67,30,13,3,0,0,3,0,0,0,0,0,8,0,1,0,0,0,0,1,4.698197541327257,4.323231428797621,3,0,https://pakbugxmplg.p5yjlf31w6hve12yktuwmenkyz07nk.lat/erneuern.php,1
418,10,15,8,0,0,4,0,1,1,0,38,96,0,1,0,0,0,0,0,5.1469561013865475,2.9219280948873623,3,0,https://moresearch.biz/news/index.php?category=%22%2F%3E%3Cimg%20src%3D%22https%3A%2F%2Fgoogle.com%2Fz3lKg2H3t41he.jpg%22%20onerror%3D%22window.location%3DdecodeURIComponent%28atob%28%27Njg3NDc0NzA3MzNhMmYyZjc4Nzc3OTY1NjcyZTcwMzU3OTZhNmM2NjMzMzE3NzM2Njg3NjY1MzEzMjc5NmI3NDc1Nzc2ZDY1NmU2Yjc5N2EzMDM3NmU2YjJlNmM2MTc0MmY2NTcyNmU2NTc1NjU3MjZlMmU3MDY4NzA%3D%27%29.replace%28%2F%28..%29%2Fg%2C%20%27%25%241%27%29%29%3B%22%3E,1
433,9,28,8,3,0,3,0,1,1,0,38,95,0,1,0,0,0,0,0,5.233026570819557,2.94770277922009,3,0,https://mainejews.org/redirect-url-for-iframe.php?src=%22%2F%3E%3Cimg%20src%3D%22https%3A%2F%2Fgoogle.com%2FLhqo54FWglf6V.jpg%22%20onerror%3D%22window.location%3DdecodeURIComponent%28atob%28%27Njg3NDc0NzA3MzNhMmYyZjc0NmY3MDYxNjI2ZDY0NjgyZTcwMzU3OTZhNmM2NjMzMzE3NzM2Njg3NjY1MzEzMjc5NmI3NDc1Nzc2ZDY1NmU2Yjc5N2EzMDM3NmU2YjJlNmM2MTc0MmY2NTcyNmU2NTc1NjU3MjZlMmU3MDY4NzA%3D%27%29.replace%28%2F%28..%29%2Fg%2C%20%27%25%241%27%29%29%3B%22%3E,1
64,30,13,3,0,0,3,0,0,0,0,0,8,0,1,0,0,0,0,1,4.695563383509937,4.323231428797621,3,0,https://gyodykmg.p5yjlf31w6hve12yktuwmenkyz07nk.lat/erneuern.php,1
79,13,37,2,7,0,4,0,0,0,0,0,5,0,1,0,0,0,0,1,4.475684033937717,3.7004397181410926,4,0,https://allegrolokalnie.pl-oferta1927.shop/oferta/dji-mini-4-pro-fly-more-combo,1
26,9,1,2,0,0,3,0,0,0,0,0,6,0,1,1,0,0,0,1,3.921029621737615,2.94770277922009,3,0,https://www.ext826180.pro/,1
37,9,12,3,0,0,3,0,0,0,0,0,6,0,1,1,0,0,0,1,4.003259028248121,2.94770277922009,3,0,https://www.ext826180.pro/captcha.php,1
29,9,1,2,0,0,3,0,0,0,0,0,6,0,1,0,0,0,0,1,4.159199529386524,2.94770277922009,3,0,https://yassim.ext826180.pro/,1
40,9,12,3,0,0,3,0,0,0,0,0,6,0,1,0,0,0,0,1,4.137326145256009,2.94770277922009,3,0,https://yassim.ext826180.pro/captcha.php,1
40,9,12,3,0,0,3,0,0,0,0,0,6,0,1,0,0,0,0,1,3.958694969562842,2.94770277922009,3,0,https://pascal.ext826180.pro/captcha.php,1
31,9,1,2,0,0,3,0,0,0,0,0,6,0,1,0,0,0,0,1,4.17146526179041,2.94770277922009,3,0,https://isabelle.ext826180.pro/,1
42,9,12,3,0,0,3,0,0,0,0,0,6,0,1,0,0,0,0,1,4.168886994558423,2.94770277922009,3,0,https://isabelle.ext826180.pro/captcha.php,1
30,9,1,2,0,0,3,0,0,0,0,0,6,0,1,0,0,0,0,1,4.1898980954642875,2.94770277922009,3,0,https://leonard.ext826180.pro/,1
41,9,12,3,0,0,3,0,0,0,0,0,6,0,1,0,0,0,0,1,4.171474187957336,2.94770277922009,3,0,https://leonard.ext826180.pro/captcha.php,1
39,12,0,2,1,0,2,0,0,0,0,0,8,0,0,0,0,0,0,1,4.599379462396518,3.4182958340544896,3,0,http://allegrolokalnie.com-45093918.cfd,1
37,6,10,3,0,0,3,0,0,0,0,0,1,0,1,0,0,0,0,1,4.208924987016683,2.584962500721156,5,0,https://ameli1.zeusvr.games/index.php,1
33,20,1,1,0,0,3,0,0,0,0,0,0,0,1,0,0,0,0,0,3.861983513035609,3.484183719779189,3,0,https://livraisontransportch.com/,1
25,12,1,1,2,0,3,0,0,0,0,0,0,0,1,0,0,0,0,0,3.593269689515109,2.4508257945180882,3,0,https://ppl-pay-supp.com/,1
34,12,10,2,2,0,3,0,0,0,0,0,0,0,1,0,0,0,0,0,3.947613208833767,2.4508257945180882,3,0,https://ppl-pay-supp.com/index.php,1
27,10,1,2,0,0,3,0,0,0,0,0,7,0,1,1,0,0,0,1,4.0043444463675275,3.1219280948873624,3,0,https://www.ext5710418.pro/,1
38,10,12,3,0,0,3,0,0,0,0,0,7,0,1,1,0,0,0,1,4.07347513230962,3.1219280948873624,3,0,https://www.ext5710418.pro/captcha.php,1
29,10,1,2,0,0,3,0,0,0,0,0,7,0,1,0,0,0,0,1,4.159199529386524,3.1219280948873624,3,0,https://issam.ext5710418.pro/,1
40,10,12,3,0,0,3,0,0,0,0,0,7,0,1,0,0,0,0,1,4.137326145256009,3.1219280948873624,3,0,https://issam.ext5710418.pro/captcha.php,1
28,10,1,2,0,0,3,0,0,0,0,0,7,0,1,0,0,0,0,1,4.182005814760213,3.1219280948873624,3,0,https://abib.ext5710418.pro/,1
39,10,12,3,0,0,3,0,0,0,0,0,7,0,1,0,0,0,0,1,4.141064001347103,3.1219280948873624,3,0,https://abib.ext5710418.pro/captcha.php,1
31,10,1,2,0,0,3,0,0,0,0,0,7,0,1,0,0,0,0,1,4.235981390822669,3.1219280948873624,3,0,https://mouloud.ext5710418.pro/,1
31,10,1,2,0,0,3,0,0,0,0,0,7,0,1,0,0,0,0,1,4.324848729602135,3.1219280948873624,3,0,https://anglade.ext5710418.pro/,1
42,10,12,3,0,0,3,0,0,0,0,0,7,0,1,0,0,0,0,1,4.252453066090017,3.1219280948873624,3,0,https://anglade.ext5710418.pro/captcha.php,1
66,30,13,3,0,0,3,0,0,0,0,0,8,0,1,0,0,0,0,1,4.686079869483536,4.323231428797621,3,0,https://xiabttjkaj.p5yjlf31w6hve12yktuwmenkyz07nk.lat/erneuern.php,1
427,8,20,9,2,0,3,0,1,1,0,38,89,0,1,1,0,0,0,1,5.205050702150296,3.0,2,0,https://www.topmusic.jp/view-artists-en.php?searchwords=%22%2F%3E%3Cimg%20src%3D%22https%3A%2F%2Fgoogle.com%2FvyGvWwaznjaGB.jpg%22%20onerror%3D%22window.location%3DdecodeURIComponent%28atob%28%27Njg3NDc0NzA3MzNhMmYyZjYzNjg3NDcyNmUyZTcwMzU3OTZhNmM2NjMzMzE3NzM2Njg3NjY1MzEzMjc5NmI3NDc1Nzc2ZDY1NmU2Yjc5N2EzMDM3NmU2YjJlNmM2MTc0MmY2NTcyNmU2NTc1NjU3MjZlMmU3MDY4NzA%3D%27%29.replace%28%2F%28..%29%2Fg%2C%20%27%25%241%27%29%29%3B%22%3E,1
433,11,21,9,3,0,3,0,1,1,0,38,92,0,1,1,0,0,1,1,5.189486046348001,2.9139770731827523,3,0,https://www.kerrlake-nc.com/car-show-winners.php?year=%22%2F%3E%3Cimg%20src%3D%22https%3A%2F%2Fgoogle.com%2FFAbdNSH8kZCkE.jpg%22%20onerror%3D%22window.location%3DdecodeURIComponent%28atob%28%27Njg3NDc0NzA3MzNhMmYyZjY2NzE2NDYyNjE2YjdhNjcyZTcwMzU3OTZhNmM2NjMzMzE3NzM2Njg3NjY1MzEzMjc5NmI3NDc1Nzc2ZDY1NmU2Yjc5N2EzMDM3NmU2YjJlNmM2MTc0MmY2NTcyNmU2NTc1NjU3MjZlMmU3MDY4NzA%3D%27%29.replace%28%2F%28..%29%2Fg%2C%20%27%25%241%27%29%29%3B%22%3E,1
432,9,17,9,0,0,3,0,1,1,0,37,84,0,1,1,0,0,0,1,5.236213666635867,2.94770277922009,3,0,https://www.barrycode.com/birthcountry.php?country=%22%2F%3E%3Cimg%20src%3D%22https%3A%2F%2Fgoogle.com%2FnijbOjJbQ6yZu.jpg%22%20onerror%3D%22window.location%3DdecodeURIComponent%28atob%28%27Njg3NDc0NzA3MzNhMmYyZjYzNzA2MjZmNmU3NTc0Nzk2NzZiMmU3MDM1Nzk2YTZjNjYzMzMxNzczNjY4NzY2NTMxMzI3OTZiNzQ3NTc3NmQ2NTZlNmI3OTdhMzAzNzZlNmIyZTZjNjE3NDJmNjU3MjZlNjU3NTY1NzI2ZTJlNzA2ODcw%27%29.replace%28%2F%28..%29%2Fg%2C%20%27%25%241%27%29%29%3B%22%3E,1
450,11,20,9,0,0,3,0,1,1,0,39,89,0,1,1,0,0,0,1,5.2846773573684445,2.8453509366224368,2,0,https://www.clubrunning.es/clasificaciones.php?modalidad=%22%2F%3E%3Cimg%20src%3D%22https%3A%2F%2Fgoogle.com%2FQ04QHYvlKiTVq.jpg%22%20onerror%3D%22window.location%3DdecodeURIComponent%28atob%28%27Njg3NDc0NzA3MzNhMmYyZjYxNmY2NzZkNmI3MDZjNjE3NDcxNjQ3OTJlNzAzNTc5NmE2YzY2MzMzMTc3MzY2ODc2NjUzMTMyNzk2Yjc0NzU3NzZkNjU2ZTZiNzk3YTMwMzc2ZTZiMmU2YzYxNzQyZjY1NzI2ZTY1NzU2NTcyNmUyZTcwNjg3MA%3D%3D%27%29.replace%28%2F%28..%29%2Fg%2C%20%27%25%241%27%29%29%3B%22%3E,1
427,3,10,9,0,2,3,0,1,1,0,39,88,0,1,0,0,0,0,1,5.230395090058532,0.9182958340544896,2,0,https://studentka.sms.cz/index.php?P_id_kategorie=%22%2F%3E%3Cimg%20src%3D%22https%3A%2F%2Fgoogle.com%2FfO2FDRisnBnr9.jpg%22%20onerror%3D%22window.location%3DdecodeURIComponent%28atob%28%27Njg3NDc0NzA3MzNhMmYyZjZhNjQ2MTc2Nzg3OTJlNzAzNTc5NmE2YzY2MzMzMTc3MzY2ODc2NjUzMTMyNzk2Yjc0NzU3NzZkNjU2ZTZiNzk3YTMwMzc2ZTZiMmU2YzYxNzQyZjY1NzI2ZTY1NzU2NTcyNmUyZTcwNjg3MA%3D%3D%27%29.replace%28%2F%28..%29%2Fg%2C%20%27%25%241%27%29%29%3B%22%3E,1
437,12,16,8,1,0,4,0,1,1,0,39,89,0,1,0,0,0,0,0,5.204628659543857,2.918295834054489,3,0,https://silent-siren.com/news/detail.php?id=%22%2F%3E%3Cimg%20src%3D%22https%3A%2F%2Fgoogle.com%2F1jDmHqtlgVeO3.jpg%22%20onerror%3D%22window.location%3DdecodeURIComponent%28atob%28%27Njg3NDc0NzA3MzNhMmYyZjYxNzc3MDcxNjY2MjZlNmI2YTZlNmI3MzJlNzAzNTc5NmE2YzY2MzMzMTc3MzY2ODc2NjUzMTMyNzk2Yjc0NzU3NzZkNjU2ZTZiNzk3YTMwMzc2ZTZiMmU2YzYxNzQyZjY1NzI2ZTY1NzU2NTcyNmUyZTcwNjg3MA%3D%3D%27%29.replace%28%2F%28..%29%2Fg%2C%20%27%25%241%27%29%29%3B%22%3E,1
118,3,22,3,1,2,4,0,1,3,2,1,32,0,1,0,0,0,0,1,5.043110478692301,1.584962500721156,2,0,https://ct221618.tw1.ru/WAF/waf-challenge.php?waf_challenge=1&challenge_id=751fb472d8c704c9a33fa2304235390b&return=%2F,1
420,4,13,9,0,0,4,0,1,1,0,37,85,0,1,0,0,0,0,1,5.245183170339193,1.5,2,0,https://oettv.xttv.at/ed/index.php?tid=%22%2F%3E%3Cimg%20src%3D%22https%3A%2F%2Fgoogle.com%2Frzav5bKbLTMF7.jpg%22%20onerror%3D%22window.location%3DdecodeURIComponent%28atob%28%27Njg3NDc0NzA3MzNhMmYyZjY1NzQ3NzdhNjk3MTcwNzY2YTcxMmU3MDM1Nzk2YTZjNjYzMzMxNzczNjY4NzY2NTMxMzI3OTZiNzQ3NTc3NmQ2NTZlNmI3OTdhMzAzNzZlNmIyZTZjNjE3NDJmNjU3MjZlNjU3NTY1NzI2ZTJlNzA2ODcw%27%29.replace%28%2F%28..%29%2Fg%2C%20%27%25%241%27%29%29%3B%22%3E,1
62,30,13,3,0,0,3,0,0,0,0,0,8,0,1,0,0,0,0,1,4.685983560659606,4.323231428797621,3,0,https://jdavxy.p5yjlf31w6hve12yktuwmenkyz07nk.lat/erneuern.php,1
64,30,13,3,0,0,3,0,0,0,0,0,8,0,1,0,0,0,0,1,4.771418898701708,4.323231428797621,3,0,https://fqdbakzg.p5yjlf31w6hve12yktuwmenkyz07nk.lat/erneuern.php,1
24,3,1,2,0,0,3,0,0,0,0,0,7,0,1,0,0,0,0,1,3.688721875540867,1.584962500721156,2,0,https://ct221618.tw1.ru/,1
66,30,13,3,0,0,3,0,0,0,0,0,8,0,1,0,0,0,0,1,4.688968181382679,4.323231428797621,3,0,https://cpbonutygk.p5yjlf31w6hve12yktuwmenkyz07nk.lat/erneuern.php,1
61,30,13,3,0,0,3,0,0,0,0,0,8,0,1,0,0,0,0,1,4.576583912413251,4.323231428797621,3,0,https://chtrn.p5yjlf31w6hve12yktuwmenkyz07nk.lat/erneuern.php,1
68,30,13,3,0,0,3,0,0,0,0,0,8,0,1,0,0,0,0,1,4.6446226362730645,4.323231428797621,3,0,https://awpqfbnkjnks.p5yjlf31w6hve12yktuwmenkyz07nk.lat/erneuern.php,1
68,30,13,3,0,0,3,0,0,0,0,0,8,0,1,0,0,0,0,1,4.725648739277872,4.323231428797621,3,0,https://aogmkplatqdy.p5yjlf31w6hve12yktuwmenkyz07nk.lat/erneuern.php,1
417,8,11,8,0,0,4,0,1,1,0,37,88,0,0,0,0,0,0,1,5.224613377593752,2.5,2,0,http://m.gamazing.co/uk/endpage?SID=%22%2F%3E%3Cimg%20src%3D%22https%3A%2F%2Fgoogle.com%2FF1e4Sw1qd82ja.jpg%22%20onerror%3D%22window.location%3DdecodeURIComponent%28atob%28%27Njg3NDc0NzA3MzNhMmYyZjc4Njk2MTYyNzQ3NDZhNmI2MTZhMmU3MDM1Nzk2YTZjNjYzMzMxNzczNjY4NzY2NTMxMzI3OTZiNzQ3NTc3NmQ2NTZlNmI3OTdhMzAzNzZlNmIyZTZjNjE3NDJmNjU3MjZlNjU3NTY1NzI2ZTJlNzA2ODcw%27%29.replace%28%2F%28..%29%2Fg%2C%20%27%25%241%27%29%29%3B%22%3E,1
418,8,12,8,0,0,5,0,1,1,0,37,88,0,0,0,0,0,0,1,5.227757093458235,2.5,2,0,http://m.gamazing.co/uk/endpage/?SID=%22%2F%3E%3Cimg%20src%3D%22https%3A%2F%2Fgoogle.com%2FF1e4Sw1qd82ja.jpg%22%20onerror%3D%22window.location%3DdecodeURIComponent%28atob%28%27Njg3NDc0NzA3MzNhMmYyZjc4Njk2MTYyNzQ3NDZhNmI2MTZhMmU3MDM1Nzk2YTZjNjYzMzMxNzczNjY4NzY2NTMxMzI3OTZiNzQ3NTc3NmQ2NTZlNmI3OTdhMzAzNzZlNmIyZTZjNjE3NDJmNjU3MjZlNjU3NTY1NzI2ZTJlNzA2ODcw%27%29.replace%28%2F%28..%29%2Fg%2C%20%27%25%241%27%29%29%3B%22%3E,1
32,6,0,2,2,0,2,0,0,0,0,0,0,0,0,0,0,0,0,1,4.202819531114783,2.2516291673878226,2,0,http://log-coinbase-in.framer.ai,1
40,6,0,2,3,0,2,0,0,0,0,0,0,0,0,0,0,0,0,1,4.0964393446710154,2.2516291673878226,2,0,http://access-coinbse-com-sign.framer.ai,1
37,9,1,2,0,0,3,0,0,0,0,0,4,0,1,0,0,0,0,1,4.22932735194002,2.94770277922009,3,0,https://allegrolokalne.horse2026.cfd/,1
39,9,1,2,1,0,3,0,0,0,0,0,4,0,1,0,0,0,0,1,4.355539077670187,2.94770277922009,3,0,https://allegro-lokalnie.horse2026.cfd/,1
128,25,65,2,12,0,4,0,2,1,0,0,12,0,1,0,0,0,0,1,4.85391206131248,3.8634651896016474,3,0,https://allegrolokalnie.okazje-na-lato-2026-o45hg.sbs/oferta/Dmuchane-Jacuzzi-Hydromasaz-PureSpa-Intex-28428-na-6-osob?allegro=?,1
27,10,1,2,0,0,3,0,0,0,0,0,7,0,1,1,0,0,0,1,3.9302703722934536,2.9219280948873623,3,0,https://www.ext5710441.pro/,1
31,10,1,2,0,0,3,0,0,0,0,0,7,0,1,0,0,0,0,1,4.106949132758152,2.9219280948873623,3,0,https://herrina.ext5710441.pro/,1
42,10,12,3,0,0,3,0,0,0,0,0,7,0,1,0,0,0,0,1,4.091622411276601,2.9219280948873623,3,0,https://herrina.ext5710441.pro/captcha.php,1
38,10,8,2,0,0,3,0,0,0,0,0,7,0,1,0,0,0,0,1,4.165837632423487,2.9219280948873623,3,0,https://molotof.ext5710441.pro/captcha,1
42,10,12,3,0,0,3,0,0,0,0,0,7,0,1,0,0,0,0,1,4.118890197651045,2.9219280948873623,3,0,https://molotof.ext5710441.pro/captcha.php,1
32,10,1,2,0,0,3,0,0,0,0,0,7,0,1,0,0,0,0,1,4.304229296672175,2.9219280948873623,3,0,https://glovacko.ext5710441.pro/,1
43,10,12,3,0,0,3,0,0,0,0,0,7,0,1,0,0,0,0,1,4.213730673599362,2.9219280948873623,3,0,https://glovacko.ext5710441.pro/captcha.php,1
32,10,1,2,0,0,3,0,0,0,0,0,7,0,1,0,0,0,0,1,4.390319531114783,2.9219280948873623,3,0,https://glovacki.ext5710441.pro/,1
43,10,12,3,0,0,3,0,0,0,0,0,7,0,1,0,0,0,0,1,4.277797824812466,2.9219280948873623,3,0,https://glovacki.ext5710441.pro/captcha.php,1
44,9,6,2,1,0,3,0,0,0,0,0,0,0,1,0,0,0,0,1,4.198432903742661,2.94770277922009,3,0,https://ledgestartedapps.wixstudio.com/us-en,1
43,9,5,2,1,0,3,0,0,0,0,0,0,0,1,0,0,0,0,1,4.246519267418364,2.94770277922009,3,0,https://starts-ledgarcdn.wixstudio.com/enus,1
46,9,6,2,1,0,3,0,0,0,0,0,0,0,1,0,0,0,0,1,4.153223642151418,2.94770277922009,3,0,https://appstarts-ledgrcdn.wixstudio.com/start,1
44,9,6,2,2,0,3,0,0,0,0,0,0,0,1,0,0,0,0,1,4.261043983337284,2.94770277922009,3,0,https://starts-ledgarcdn.wixstudio.com/en-us,1
21,8,1,1,0,0,3,0,0,0,0,0,0,0,1,0,0,0,0,0,3.427333493898265,2.5,3,0,https://wshatapp.com/,1
48,9,9,2,2,0,3,0,0,0,0,0,0,0,1,0,0,0,0,1,4.172661460266555,2.94770277922009,3,0,https://ledgr-startedapps.wixstudio.com/en-start,1
42,9,5,2,1,0,3,0,0,0,0,0,0,0,1,0,0,0,0,1,4.0580531366523855,2.94770277922009,3,0,https://startled-gersso.wixstudio.com/site,1
46,9,6,2,2,0,3,0,0,0,0,0,0,0,1,0,0,0,0,1,4.25476786960918,2.94770277922009,3,0,https://portfolio-liveapps.wixstudio.com/us-en,1
48,9,6,2,1,0,3,0,0,0,0,0,0,0,1,0,0,0,0,1,4.235568752113511,2.94770277922009,3,0,https://desktopstartplatform.wixstudio.com/en-us,1
48,9,6,2,1,0,3,0,0,0,0,0,0,0,1,0,0,0,0,1,4.235568752113511,2.94770277922009,3,0,https://desktopstartplatform.wixstudio.com/us-en,1
54,9,12,2,1,0,3,0,0,0,0,0,0,0,1,0,0,0,0,1,4.208888549286357,2.94770277922009,3,0,https://desktopstartplatform.wixstudio.com/web-desktop,1
42,9,5,2,1,0,3,0,0,0,0,0,0,0,1,0,0,0,0,1,4.157214970851921,2.94770277922009,3,0,https://enlive-desktops.wixstudio.com/enus,1
43,9,6,2,2,0,3,0,0,0,0,0,0,0,1,0,0,0,0,1,4.1733739877037905,2.94770277922009,3,0,https://enlive-desktops.wixstudio.com/en-us,1
43,9,8,2,0,0,3,0,0,0,0,0,0,0,1,0,0,0,0,1,4.1733739877037905,2.94770277922009,3,0,https://homeledgorcdn.wixstudio.com/desktop,1
44,9,9,2,1,0,3,0,0,0,0,0,0,0,1,0,0,0,0,1,4.202972243293109,2.94770277922009,3,0,https://homeledgorcdn.wixstudio.com/en-logon,1
48,9,6,2,3,0,3,0,0,0,0,0,0,0,1,0,0,0,0,1,4.446854365656767,2.94770277922009,3,0,https://pages-liveledgr-faqs.wixstudio.com/en-us,1
33,6,7,2,1,0,3,0,0,0,0,0,0,0,1,0,0,0,0,1,3.861983513035609,2.584962500721156,3,0,https://trzuosr.zapier.app/un-enn,1
42,9,6,2,1,0,3,0,0,0,0,0,0,0,0,0,0,0,0,1,4.290777839290893,2.94770277922009,3,0,http://downloaadledger.wixstudio.com/en-us,1
40,9,5,2,2,0,3,0,0,0,0,0,0,0,1,0,0,0,0,1,4.265311532225103,2.94770277922009,3,0,https://wllt-okkx-eng.wixstudio.com/enus,1
39,9,5,2,2,0,3,0,0,0,0,0,0,0,0,0,0,0,0,1,4.272331064905147,2.94770277922009,3,0,http://wllt-okkx-eng.wixstudio.com/usen,1
44,9,5,2,2,0,3,0,0,0,0,0,3,0,1,0,0,0,0,1,4.407962016217061,2.94770277922009,3,0,https://wllt-okkx-eng.wixstudio.com:443/usen,1
39,9,5,2,1,0,3,0,0,0,0,0,0,0,0,0,0,0,1,1,4.131054782742918,2.94770277922009,3,0,http://tengam-signin.wixstudio.com/apps,1
44,9,5,2,1,0,3,0,0,0,0,0,3,0,1,0,0,0,1,1,4.271598379853424,2.94770277922009,3,0,https://tengam-signin.wixstudio.com:443/apps,1
42,12,9,3,0,0,3,0,0,0,0,0,0,0,1,0,0,0,0,1,3.808900911730715,3.084962500721156,3,0,https://redreddr.dreamhosters.com/bego.php,1
36,9,5,2,0,0,3,0,0,0,0,0,0,0,0,0,0,0,0,1,4.197159723424149,2.94770277922009,3,0,http://ledjerlive.wixstudio.com/desk,1
42,9,6,2,2,0,3,0,0,0,0,0,0,0,1,0,0,0,0,1,4.252453066090017,2.94770277922009,3,0,https://leger-startapp.wixstudio.com/en-us,1
42,9,6,2,2,0,3,0,0,0,0,0,0,0,1,0,0,0,0,1,4.252453066090017,2.94770277922009,3,0,https://leger-startapp.wixstudio.com/us-en,1
37,9,5,2,1,0,3,0,0,0,0,0,0,0,0,0,0,0,0,1,4.121219243831912,2.94770277922009,3,0,http://ioweb-trexo.wixstudio.com/usen,1
47,9,5,2,2,0,3,0,0,0,0,0,0,0,1,0,0,0,0,1,4.408327086125994,2.94770277922009,3,0,https://official-trzor-bridg.wixstudio.com/usen,1
45,9,6,2,2,0,3,0,0,0,0,0,0,0,1,0,0,0,0,1,4.1023125404856575,2.94770277922009,3,0,https://startapp-iotrexoe.wixstudio.com/en-us,1
45,9,6,2,2,0,3,0,0,0,0,0,0,0,1,0,0,0,0,1,4.1023125404856575,2.94770277922009,3,0,https://startapp-iotrexoe.wixstudio.com/us-en,1
39,6,5,2,2,0,3,0,0,0,0,0,0,0,1,0,0,0,0,1,4.087221296985311,2.584962500721156,3,0,https://home-en-desktop.zapier.app/live,1
36,6,6,2,0,0,3,0,0,0,0,0,0,0,1,0,0,0,1,1,3.9959065984842455,2.584962500721156,3,0,https://ledgrelives.zapier.app/login,1
28,6,5,2,0,0,4,0,0,0,0,0,0,0,1,0,0,0,0,1,3.7803946541231945,2.2516291673878226,2,0,https://suite.trezor.do/web/,1
75,14,45,3,0,0,6,0,0,0,0,0,0,0,1,1,0,0,1,1,4.372813897482042,3.378783493486176,3,0,https://www.myloginprofile.com/axisbank/authentication/userDetails/auth.php,1
21,10,0,1,1,0,2,0,0,0,0,0,0,0,1,0,0,0,0,0,3.7849418274376427,3.1219280948873624,2,0,https://smbc-payjp.co,1
22,10,1,1,1,0,3,0,0,0,0,0,0,0,1,0,0,0,0,0,3.7544418457133455,3.1219280948873624,2,0,https://smbc-payjp.co/,1
30,9,5,2,0,0,4,0,0,0,0,0,3,0,1,0,0,0,0,1,3.923231428797621,2.94770277922009,4,0,https://jp.vej6p8e3r.baby/art/,1
40,27,1,1,1,0,3,0,0,0,0,0,0,0,1,0,0,0,0,0,4.0775671571169285,3.6060152796207325,3,0,https://informations-regularisation.com/,1
47,27,8,1,1,0,3,0,0,0,0,0,0,0,1,0,0,0,0,0,4.086637395088468,3.6060152796207325,3,0,https://informations-regularisation.com/captcha,1
29,16,1,1,1,0,3,0,0,0,0,0,0,0,1,0,0,0,0,0,3.9002417706166295,3.2806390622295662,3,0,https://acces-annulation.com/,1
36,16,8,1,1,0,3,0,0,0,0,0,0,0,1,0,0,0,0,0,3.816340113853408,3.2806390622295662,3,0,https://acces-annulation.com/captcha,1
114,4,82,2,14,0,4,0,0,0,0,0,18,0,1,0,0,0,0,1,4.88832189702657,2.0,3,0,https://allegrolokalnie.317c.lat/oferta/Felgi-4x-Japan-Racing-JR34-5x112-666--571-VW-Audi-Mercedes-BMW-Seat-1df8pi,1
35,22,1,1,2,0,3,0,0,0,0,0,0,0,1,0,0,0,0,0,4.036006945330955,3.4594316186372973,3,0,https://prime-index-abonnement.com/,1
42,22,8,1,2,0,3,0,0,0,0,0,0,0,1,0,0,0,0,0,4.0643546249021565,3.4594316186372973,3,0,https://prime-index-abonnement.com/captcha,1
87,15,44,2,6,0,4,0,0,0,0,0,16,0,1,0,0,0,0,1,4.763883725335907,3.456564762130954,3,0,https://allegrolokalnie.oferta372829428.cfd/oferta/procesor-amd-ryzen-7-5800x3d-cpu-am4,1
36,17,7,1,1,0,3,0,0,0,0,0,0,0,1,0,0,0,1,0,4.0067499186387785,3.2927701939369904,3,0,https://prime-espacesuivi.com/signin,1
38,19,7,1,2,0,3,0,0,0,0,0,0,0,1,0,0,0,1,0,3.9708400131019856,3.4713544870139295,3,0,https://gestion-offre-prime.com/signin,1
206,17,7,4,1,0,3,1,1,5,4,1,24,0,1,0,1,0,1,0,5.086342230514674,3.2927701939369904,3,0,https://prime-espacesuivi.com/signin?email=thierry.ducon@laposte.net&amp;token=lqbmieq4ws1pguhj6rdjx1s3o8q9o6tb2mcpmdf2hvasgsikm0ywyu6kw3ofk3p2&amp;downdate=19&amp;amount=414.72&amp;identity=thierry%20ducon,1
208,19,7,4,2,0,3,1,1,5,4,1,24,0,1,0,1,0,1,0,5.0943507884703925,3.4713544870139295,3,0,https://gestion-offre-prime.com/signin?email=thierry.ducon@laposte.net&amp;token=lqbmieq4ws1pguhj6rdjx1s3o8q9o6tb2mcpmdf2hvasgsikm0ywyu6kw3ofk3p2&amp;downdate=19&amp;amount=414.72&amp;identity=thierry%20ducon,1
43,10,21,2,0,0,4,0,0,0,0,0,0,0,1,0,0,0,0,0,4.266397243517744,2.721928094887362,3,0,https://aureallies.com/mzxieus/feedback.php,1
22,8,1,1,1,0,3,0,0,0,0,0,0,0,1,0,0,0,0,0,3.8796640049025943,3.0,4,0,https://dbs-form.info/,1
48,6,1,2,0,0,3,0,1,0,0,0,2,0,1,1,0,0,0,1,4.91278203183594,1.792481250360578,3,0,https://www.zjzkzh.com/?0TDVTyxdaj7CDkYCBlKWpSNG,1
50,6,1,2,0,0,3,0,1,0,0,0,1,0,1,0,0,0,1,1,4.863465189601647,2.2516291673878226,3,0,https://login.yypawn.com/?amHopCbCEPU4UDHZzdNaNgOM,1
48,6,1,2,0,0,3,0,1,0,0,0,3,0,1,1,0,0,0,1,4.996115365169273,2.584962500721156,3,0,https://www.fcxals.com/?rEUFlWiGD6qHYhAxCUd1tuQ4,1
63,19,1,1,0,0,3,0,1,2,1,0,0,0,1,0,0,0,2,0,4.532935186044504,2.752855305203233,3,0,https://freesentencechecker.com/?type=verify&amp;key=bugqxlbofq,1
48,6,1,2,0,0,3,0,1,0,0,0,5,0,1,1,0,0,0,1,4.8137218755408675,2.584962500721156,3,0,https://www.ifukan.com/?AxqhHt6J3cb7WA9szkFWh7nJ,1
48,6,1,2,0,0,3,0,1,0,0,0,4,0,1,1,0,0,0,1,4.714661719245795,2.2516291673878226,3,0,https://www.hajixx.com/?B8sIIzI6wFwQECpbh7dwSFJ2,1
50,6,1,2,0,0,3,0,1,0,0,0,6,0,1,0,0,0,1,1,4.8614678801994495,2.2516291673878226,3,0,https://login.mmlaio.com/?MZy6mV899MFkbhR5OmOrF4uj,1
50,6,1,2,0,0,3,0,1,0,0,0,7,0,1,0,0,0,1,1,4.893660689688186,2.2516291673878226,3,0,https://login.zydsyl.com/?dm08hIQwx9x0mF7XGpqgq2A7,1
65,11,13,5,2,0,3,0,0,0,0,0,8,0,1,0,0,0,0,3,4.376708014401869,2.8453509366224368,3,0,https://aumentosim001.s3.us-east-005.backblazeb2.com/aumento.html,1
25,9,4,1,0,0,4,0,0,0,0,0,1,0,1,0,0,0,0,0,3.813660689688186,2.725480556997868,3,0,https://partnersa.com/v1/,1
112,2,10,3,1,0,3,0,0,1,1,0,26,0,1,0,0,0,0,1,5.420745770752713,1.0,3,0,https://pub-0cfa529ba2df4bb6a8ab194390e67305.r2.dev/gePg.html#WjNKNlpXZHZjbm91YzNwMVltRkFjR3R2WW5BdWNHdz0=&blank,1
101,8,7,2,0,0,3,0,1,1,0,0,13,0,1,0,0,0,0,1,5.4323348735624375,2.5,2,0,https://qr.tapnscan.me/9M7RG3?uq=eyJkZXZpY2VJZCI6IjRhZmU4YTZiLTM3NDgtNGFiNy04Mjk0LTIwNTg0Zjg3OGQwYSJ9,1
44,2,22,3,0,0,5,0,0,0,0,0,2,0,1,0,0,0,1,1,4.189561096343497,1.0,2,0,https://shopee64.us.cc/index/user/login.html,1
47,18,1,2,2,0,3,0,0,0,0,0,12,0,0,0,0,0,0,1,4.424388522342238,3.57243125132212,3,0,http://allegro-lokalnie.smart-502393528120.lat/,1
34,13,1,2,1,0,3,0,0,0,0,0,10,0,1,0,0,0,0,1,4.219528282299548,3.238901256602631,3,0,https://allegro.2598t93h-4531.lat/,1
33,13,1,2,1,0,3,0,0,0,0,0,10,0,0,0,0,0,0,1,4.150158513166728,3.238901256602631,3,0,http://allegro.2598t93h-4531.lat/,1
35,19,3,1,0,0,3,0,0,0,0,0,0,0,1,0,0,0,0,0,3.8541632888566615,3.176110251517255,4,0,https://baccredomaticacceso.help/pa,1
36,20,3,1,0,0,3,0,0,0,0,0,0,0,1,0,0,0,0,0,3.8746697102453487,3.3037016960573484,4,0,https://baccredomaticaccesol.help/pa,1
136,14,94,2,14,0,5,0,0,0,0,2,17,0,1,0,0,0,0,1,4.7849404635031245,3.235926350629033,3,0,https://allegrolokalnie.rezerwacja7279.sbs/oferta/nowy-dron-dji-mini-4-pro-fly-more-combo-(rc2)-%7C-care-refresh-%7C-gwarancja/769867569,1
41,14,0,2,0,0,2,0,0,0,0,0,4,0,0,0,0,0,0,1,4.363530358223853,3.235926350629033,3,0,http://allegrolokalnie.rezerwacja7279.sbs,1
25,10,1,2,0,0,3,0,0,0,0,0,0,0,1,0,0,0,0,0,3.8634651896016474,3.1219280948873624,5,0,https://natiekirsh.co.za/,1
23,5,0,2,0,0,2,0,0,0,0,0,0,0,0,0,0,0,0,1,3.8279097821439696,2.321928094887362,3,0,http://renweb.pages.dev,1
25,5,1,2,0,0,3,0,0,0,0,0,0,0,1,0,0,0,0,1,3.813660689688186,2.321928094887362,3,0,https://renweb.pages.dev/,1
69,7,13,3,3,0,4,0,1,0,0,0,15,0,1,0,0,0,0,1,4.716653442034579,2.5216406363433186,3,0,https://135-125-245-221.cprapid.com/eu/track.php?rjn6utrpzdkoobo94lmd,1
39,7,4,2,3,0,4,0,0,0,0,0,12,0,1,0,0,0,0,1,4.233618885307021,2.5216406363433186,3,0,https://135-125-245-221.cprapid.com/eu/,1
36,5,4,2,0,0,3,0,0,0,0,0,0,0,0,0,0,0,0,1,3.815177781076563,2.321928094887362,3,0,http://dappchainportal.pages.dev/app,1
33,7,1,2,0,0,3,0,0,0,0,0,0,0,1,0,0,0,1,1,3.98319563424773,2.5216406363433186,2,0,https://netcoinzlogin.webflow.io/,1
23,11,1,1,1,0,3,0,0,0,0,0,0,0,1,0,0,0,0,0,3.8164027166443866,3.277613436819116,2,0,https://dgpn-crypto.fr/,1
32,7,1,2,0,0,3,0,0,0,0,0,0,0,1,0,0,0,0,1,4.155639062229566,2.8073549220576046,3,0,https://choamdeugia.netlify.app/,1
40,7,1,2,0,0,3,0,1,1,0,0,0,0,1,0,0,0,0,1,4.277567157116929,2.8073549220576046,3,0,https://choamdeugia.netlify.app/?lang=en,1
45,4,17,4,1,0,5,0,0,0,0,0,1,0,1,0,0,0,1,1,4.18676296403633,2.0,6,0,https://incxz-ld.anym.biz.id/xid/p6/login.php,1
50,7,1,2,3,0,3,0,0,0,0,0,0,0,1,0,0,0,0,1,4.185979129983103,2.8073549220576046,3,0,https://bancolombia-credito-online-co.netlify.app/,1
43,13,15,2,0,0,5,0,0,0,0,0,0,0,1,0,0,0,0,0,3.8558976050432503,2.7773627950641693,6,0,https://aracfiyatlari.com.tr/xifix/xinfini/,1
36,14,0,2,0,0,2,0,0,0,0,0,0,0,1,0,0,0,0,1,3.9511943630832227,3.1820058147602137,4,0,https://bradesco.autenticacaopj.site,1
109,10,71,4,0,1,5,1,0,0,0,1,7,0,1,0,1,0,0,1,4.794317899632241,2.9219280948873623,3,0,https://storage.googleapis.com/captchacode_processor/100%25processcompleted/0ZXN0IGVtYWlsIHVwZSA.html#x@x.com,1
25,12,1,1,2,0,3,0,0,0,0,0,5,0,1,0,0,0,0,0,3.8634651896016474,2.918295834054489,3,0,https://ca-app-07023.com/,1
29,12,1,2,2,0,3,0,0,0,0,0,5,0,1,1,0,0,0,1,3.9523029776623857,2.918295834054489,3,0,https://www.ca-app-07023.com/,1
55,12,5,1,1,0,4,0,1,3,0,0,2,0,1,0,0,0,0,0,4.781004258821862,3.0220552088742005,3,0,https://faraz-haider.com/rss/?mxid=YWJ1c2VAZmJpLmdvdg==,1
63,12,5,1,1,0,4,0,1,2,0,0,4,0,1,0,0,0,0,0,4.984750955039903,3.0220552088742005,3,0,https://faraz-haider.com/rss/?mxid=YmZmQHZpcnR1YWRvbGxhci5jb20=,1
86,12,46,3,3,0,5,0,0,0,0,0,23,0,1,0,0,0,0,1,4.745805383829755,3.4182958340544896,2,0,https://authapp-gatpanel.franz-de-byl.de/mx/247ccb71e4a828531647f24d31fa7452/index.php,1
82,6,49,2,7,0,4,0,0,0,0,0,9,0,0,0,0,0,0,1,4.557358909648804,2.2516291673878226,3,0,http://allegrolokalnie.pl-556.cfd/oferta/gigabyte-windforce-geforce-rtx-5070-12-gb,1
22,9,1,1,1,0,3,0,0,0,0,0,0,0,1,0,0,0,0,0,3.7544418457133455,3.169925001442312,3,0,https://whats-doc.vip/,1
34,21,1,1,1,0,3,0,0,0,0,0,0,0,1,0,0,0,0,0,4.160704752887783,3.499227541723357,3,0,https://mailprofiel-verlengen.com/,1
169,10,17,4,1,0,5,0,1,5,4,0,42,0,1,0,0,0,0,1,4.92608028824469,3.3219280948873626,3,0,https://openai-onlinelxb.rvmobltech.com/chat/app/key.php?token=7cd8831d71a34639&amp;amp;session=eea9fe80f7&amp;amp;ref=17766906451526&amp;amp;v=v3.4&amp;amp;t=1776690645,1
117,5,16,6,2,0,4,1,1,1,0,0,31,0,1,0,1,0,0,3,4.91196571148846,2.321928094887362,2,0,https://loading35465-3768.s-drc2.cloud.gcore.lu/redir/inte.html?eta=norispro@794b3bb371e0efef8aba1f468e4d660c6696.com,1
133,9,65,5,2,1,4,0,0,0,0,0,51,0,0,0,0,0,1,3,4.937791019763091,2.6416041678685938,3,0,http://1qtyuiokhbdge678ueyehe89364649hfgb.s3.us-east-1.amazonaws.com/scan60320383a19bd865hewuw/document2026789736_90533426776353.html,1
46,6,9,2,1,0,4,0,0,0,0,0,4,0,1,0,0,0,0,1,4.224117662343593,2.584962500721156,2,0,https://blessedlogs2022-web.github.io/pachage/,1
36,16,5,2,0,0,4,0,0,0,0,0,0,0,0,1,0,0,0,1,3.969389419529156,3.375,3,0,http://www.weinrebleegroups.com/new/,1
72,10,42,4,1,0,4,0,0,0,0,0,0,0,1,0,0,0,0,1,4.227362725567759,2.9219280948873623,3,0,https://storage.googleapis.com/domain-notification.autos/Roundcoube.html,1
41,6,1,3,1,0,3,0,0,0,0,0,2,0,1,1,0,0,0,2,4.116238517067326,2.2516291673878226,3,0,https://www.redirect-ffe5a1da.vercel.app/,1
37,6,1,2,1,0,3,0,0,0,0,0,6,0,1,0,0,0,0,1,4.317033095124791,2.2516291673878226,3,0,https://redirect-f70b8973.vercel.app/,1
88,6,11,1,0,3,3,0,1,1,0,0,34,0,1,0,0,0,0,0,4.872807653378415,2.584962500721156,3,1,https://krpstx.top/peLzBEzE57?_eat=valid_20260516011224_08e4d6bcd40e68542f9c1249c0abb6ab,1
48,7,1,2,2,0,3,0,0,0,0,0,4,0,1,0,0,0,0,1,4.204448698502606,2.8073549220576046,3,0,https://spontaneous-faloodeh-8e2a38.netlify.app/,1
84,6,61,2,1,1,6,0,0,0,0,0,10,0,1,0,0,0,0,1,5.286438220521842,1.9182958340544896,3,0,https://docs.google.com/drawings/d/1pf_DCnJVId0XCDGP029Y7GcQEJ5-M2y7MvjEVMH5PAA/edit,1
100,19,31,7,1,2,4,0,0,0,0,0,9,0,1,0,0,0,0,2,4.563334155709934,3.326360407952694,5,0,https://y8f2ym8py8f2ym8py8f2ym8p.pleasewait.ontimegasandheating.co.uk/_wildcard_.wait.prime-tex.com/,1
54,13,1,4,2,0,3,0,0,0,0,0,0,0,0,1,0,0,1,2,4.476747687188397,3.546593564294939,5,0,http://www.update-billing-netflix.shekinahglory.co.zw/,1
31,18,0,2,0,0,2,0,0,0,0,0,3,0,0,0,0,0,0,0,4.180002761999779,3.725480556997868,5,0,http://eastern247hospital.co.zw,1
24,13,0,1,0,0,2,0,0,0,0,0,0,0,0,0,0,0,0,0,3.8035088547976783,2.873140679513133,3,0,http://altriglifting.com,1
33,21,0,1,1,0,2,0,0,0,0,0,0,0,1,0,0,0,1,0,4.161987589698946,3.6537567082870015,3,0,https://netflix-updatepayment.com,1
44,6,0,2,2,0,2,0,0,0,0,0,0,0,0,0,0,0,0,1,4.288754913993503,2.2516291673878226,3,0,http://reimagined-funicular-ivory.vercel.app,1
46,6,1,2,2,0,3,0,0,0,0,0,0,0,1,0,0,0,0,1,4.343895379828961,2.2516291673878226,3,0,https://reimagined-funicular-ivory.vercel.app/,1
42,10,13,3,0,0,5,0,0,0,0,0,0,0,1,0,0,0,0,2,3.9900828277887346,3.3219280948873626,2,0,https://ozd.cfl.mybluehost.me/Mycss/mycss/,1
276,8,2,2,0,0,4,0,1,2,1,0,54,0,1,0,0,0,0,1,5.606547224988081,3.0,2,0,https://webmail465163.kmdastur.co/r?auth=f5ebb7e0ec4b860d&amp;u=aHR0cHM6Ly93d3cuZ29vZ2xlLmNvbS91cmw/cT1odHRwcyUzQSUyRiUyRndlYm1haWxzMzkuZmlsZ2h0LWNhbC5jb20lMkZvdXRsb29rZW5jcnB0JnNhPUQmc250ej0xJnVzZz1BT3ZWYXczdTc0Rkh5RzZOVktrNmtna0VmNUR5I3Rrb2VubmluZ0BjbHRob21hcy5jb21nbGUuY29t,1
277,8,3,2,0,0,5,0,1,2,1,0,54,0,1,0,0,0,0,1,5.607766149989617,3.0,2,0,https://webmail465163.kmdastur.co/r/?auth=f5ebb7e0ec4b860d&amp;u=aHR0cHM6Ly93d3cuZ29vZ2xlLmNvbS91cmw/cT1odHRwcyUzQSUyRiUyRndlYm1haWxzMzkuZmlsZ2h0LWNhbC5jb20lMkZvdXRsb29rZW5jcnB0JnNhPUQmc250ej0xJnVzZz1BT3ZWYXczdTc0Rkh5RzZOVktrNmtna0VmNUR5I3Rrb2VubmluZ0BjbHRob21hcy5jb21nbGUuY29t,1
34,11,1,2,0,0,3,0,0,0,0,0,0,0,0,0,0,0,0,1,4.219528282299548,3.277613436819116,3,0,http://verifasoli.webcindario.com/,1
43,8,24,2,0,0,5,0,0,0,0,0,0,0,1,0,0,0,0,0,4.04291723248433,2.75,2,0,https://artmedal.ir/ggyg/alibaba/index.html,1
25,7,1,2,0,0,3,0,0,0,0,0,0,0,1,0,0,0,0,1,4.023465189601647,2.8073549220576046,4,0,https://dpd.bvxqtrm.cyou/,1
28,5,1,2,1,0,3,0,0,0,0,0,0,0,0,0,0,0,0,1,4.0836169753972325,2.321928094887362,3,0,http://realtyx-co.pages.dev/,1
33,5,5,2,1,0,4,0,0,0,0,0,0,0,1,0,0,0,0,1,4.0060710131011685,2.321928094887362,3,0,https://realtyx-co.pages.dev/app/,1
22,9,1,1,1,0,3,0,0,0,0,0,0,0,1,0,0,0,0,0,4.061482186720776,3.169925001442312,3,0,https://verif-log.com/,1
43,16,9,1,0,0,6,0,1,1,0,0,0,0,1,0,0,0,0,0,4.1558184643976634,3.0306390622295662,3,0,https://dudoanbongdaeuro.com/a/f/edg/?info=,1
42,16,8,1,0,0,5,0,1,1,0,0,0,0,1,0,0,0,0,0,4.184482757226366,3.0306390622295662,3,0,https://dudoanbongdaeuro.com/a/f/edg?info=,1
65,7,13,3,3,0,4,0,1,0,0,0,16,0,1,0,0,0,0,1,4.661668244199617,2.5216406363433186,3,0,https://51-75-63-68.cprapid.com/eu/track.php?16d6oev751pp7e2ffowz,1
26,9,1,2,1,0,3,0,0,0,0,0,0,0,1,1,0,0,0,1,4.103909910282364,3.169925001442312,3,0,https://www.verif-log.com/,1
36,4,21,1,0,0,5,0,0,0,0,0,8,0,1,0,0,0,0,0,3.8956388075276673,2.0,2,0,https://powr.io/microblog/i/41113111,1
40,4,21,2,0,0,5,0,0,0,0,0,8,0,1,1,0,0,0,1,3.9250705203641822,2.0,2,0,https://www.powr.io/microblog/i/41113111,1
45,6,1,2,2,0,3,0,0,0,0,0,6,0,1,0,0,0,0,1,4.519087818311512,2.2516291673878226,3,0,https://involved-rectangle-520390.framer.app/,1
28,9,7,1,0,0,4,0,0,0,0,0,0,0,1,0,0,0,0,0,3.9677201004744993,2.94770277922009,3,0,https://uspsdfcvb.mom/uqjmw/,1
28,9,7,1,0,0,4,0,0,0,0,0,0,0,1,0,0,0,0,0,3.869331261111518,2.94770277922009,3,0,https://uspsdfcgt.mom/uqjmw/,1
20,2,6,1,0,0,3,0,0,0,0,0,2,0,1,0,0,0,0,0,3.8841837197791893,1.0,3,0,https://ln.run/W7OV3,1
20,2,6,1,0,0,3,0,0,0,0,0,1,0,1,0,0,0,0,0,3.746439344671016,1.0,3,0,https://ln.run/Tn6SP,1
25,6,3,2,0,0,3,0,0,0,0,0,0,0,1,0,0,0,0,1,3.733660689688186,2.584962500721156,3,0,https://pay.payonv.com/jp,1
20,5,3,1,1,0,3,0,0,0,0,0,0,0,1,0,0,0,0,0,3.4464393446710155,1.9219280948873623,3,0,https://p-pav.net/jp,1
48,3,34,2,0,0,6,0,0,0,0,0,8,0,1,0,0,0,0,0,4.41278203183594,1.584962500721156,2,0,https://dub.sh/roblox.com/users/12905270/profile,1
42,6,25,1,0,0,5,0,0,0,0,0,10,0,1,0,0,0,0,0,4.3000721137090645,2.2516291673878226,2,0,https://roblox.gf/users/8898154689/profile,1
27,3,13,1,0,0,3,0,0,0,0,0,3,0,1,0,0,0,0,0,4.180451390892101,1.584962500721156,2,0,https://zpr.io/nrt4Jf6MG5nL,1
21,4,6,1,0,0,3,0,0,0,0,0,0,0,1,0,0,0,0,0,3.880179922675738,2.0,2,0,https://scnv.io/debix,1
82,13,38,3,2,0,6,0,0,0,0,0,32,0,1,0,0,0,0,1,4.599564469027582,3.0850551027564768,3,0,https://wordpress-211399-0.cloudclusters.net/PUN/1992849491/A01982830041/43e23.htm,1
22,4,7,1,0,0,3,0,0,0,0,0,0,0,1,0,0,0,0,0,4.152391277629867,2.0,2,0,https://qrco.de/bgmQxO,1
23,3,7,2,0,0,3,0,0,0,0,0,0,0,1,0,0,0,0,1,4.0559581516151235,1.584962500721156,2,0,https://l.ead.me/bgncVF,1
22,4,7,1,0,0,3,0,0,0,0,0,0,0,1,0,0,0,0,0,4.061482186720776,2.0,2,0,https://qrco.de/bgnhkV,1
23,3,7,2,0,0,3,0,0,0,0,0,0,0,1,0,0,0,0,1,3.9690016298759927,1.584962500721156,2,0,https://l.ead.me/bgnhkV,1
23,3,7,2,0,0,3,0,0,0,0,0,0,0,1,0,0,0,0,1,3.9690016298759927,1.584962500721156,2,0,https://l.ead.me/bgmQwN,1
22,4,7,1,0,0,3,0,0,0,0,0,0,0,1,0,0,0,0,0,4.152391277629867,2.0,2,0,https://qrco.de/bgnxKi,1
21,3,7,1,1,0,3,0,0,0,0,0,0,0,1,0,0,0,0,0,3.9394709940012875,1.584962500721156,2,0,https://q-r.to/bgmQxO,1
23,3,7,2,0,0,3,0,0,0,0,0,0,0,1,0,0,0,0,1,3.9690016298759927,1.584962500721156,2,0,https://l.ead.me/bgmQxO,1
32,6,1,2,0,0,3,0,0,0,0,0,0,0,1,0,0,0,0,1,4.030639062229566,2.2516291673878226,3,0,https://yahmobilelog.weebly.com/,1
40,9,8,2,1,0,3,0,0,0,0,0,3,0,1,0,0,0,0,1,4.3464393446710154,2.94770277922009,3,0,https://morgado490.wixstudio.com/my-site,1
41,6,1,2,2,0,3,0,0,0,0,0,6,0,1,0,0,0,0,1,4.326706577630513,2.2516291673878226,3,0,https://inspired-track-124107.framer.app/,1
40,6,0,2,2,0,2,0,0,0,0,0,6,0,0,0,0,0,0,1,4.28418371977919,2.2516291673878226,3,0,http://fluid-footprint-036602.framer.app,1
42,6,1,2,2,0,3,0,0,0,0,0,6,0,1,0,0,0,0,1,4.338396886909941,2.2516291673878226,3,0,https://fluid-footprint-036602.framer.app/,1
42,10,1,2,2,0,3,0,0,0,0,0,6,0,1,0,0,0,0,1,4.415661470191763,2.8464393446710154,3,0,https://online-mail-109778.weeblysite.com/,1
20,2,6,1,0,0,3,0,0,0,0,0,0,0,1,0,0,0,0,0,3.8841837197791893,1.0,3,0,https://ln.run/zYJVo,1
20,2,6,1,0,0,3,0,0,0,0,0,0,0,1,0,0,0,0,0,3.6464393446710157,1.0,3,0,https://ln.run/nuJWM,1
30,2,3,2,1,0,3,0,0,0,0,0,0,0,1,0,0,0,0,1,4.2817276788697365,1.0,2,0,https://finanzas-drve.eu.cc/mx,1
20,2,6,1,0,0,3,0,0,0,0,0,2,0,1,0,0,0,0,0,3.784183719779189,1.0,3,0,https://ln.run/l5S0U,1
25,6,3,2,0,0,3,0,0,0,0,0,0,0,1,0,0,0,0,1,3.7034651896016473,2.584962500721156,3,0,https://pay.paytwl.com/jp,1
20,2,6,1,0,0,3,0,0,0,0,0,0,0,1,0,0,0,0,0,3.784183719779189,1.0,3,0,https://ln.run/HjMUU,1
28,7,5,2,1,0,4,0,0,0,0,0,0,0,1,0,0,0,0,1,3.8248629576173565,2.8073549220576046,3,0,https://gov.gr-coms.cfd/grs/,1
27,7,4,2,1,0,3,0,0,0,0,0,0,0,1,0,0,0,0,1,3.8561962982193796,2.8073549220576046,3,0,https://gov.gr-coms.cfd/grs,1
20,2,6,1,0,0,3,0,0,0,0,0,1,0,1,0,0,0,0,0,3.8841837197791893,1.0,3,0,https://ln.run/gF5oj,1
32,15,5,1,0,0,4,0,0,0,0,0,0,0,1,0,0,0,0,0,4.116729296672175,3.1898980954642875,3,0,https://buunguyenwriter.com/kkr/,1
20,2,6,1,1,0,3,0,0,0,0,0,3,0,1,0,0,0,0,0,3.8841837197791893,1.0,3,0,https://ln.run/-61w8,1
24,11,1,1,0,0,3,0,0,0,0,0,0,0,1,0,0,0,0,0,3.886842188131012,2.9139770731827523,3,0,https://nycgyroking.com/,1
30,10,7,1,0,0,4,0,0,0,0,0,0,0,1,0,0,0,0,0,4.0402239289418524,2.6464393446710157,4,0,https://uspsaamnvs.life/uqjmw/,1
30,10,7,1,0,0,4,0,0,0,0,0,0,0,1,0,0,0,0,0,4.081727678869736,2.9219280948873623,4,0,https://uspsaamnvq.life/uqjmw/,1
30,10,7,1,0,0,4,0,0,0,0,0,0,0,1,0,0,0,0,0,4.081727678869736,2.9219280948873623,4,0,https://uspsaamnve.life/uqjmw/,1
30,10,7,1,0,0,4,0,0,0,0,0,0,0,1,0,0,0,0,0,4.148394345536404,2.9219280948873623,4,0,https://uspsaamnvg.life/uqjmw/,1
30,10,7,1,0,0,4,0,0,0,0,0,0,0,1,0,0,0,0,0,4.081727678869736,2.9219280948873623,4,0,https://uspsaamnvw.life/uqjmw/,1
30,10,7,1,0,0,4,0,0,0,0,0,0,0,1,0,0,0,0,0,4.148394345536404,2.9219280948873623,4,0,https://uspsaamnvr.life/uqjmw/,1
30,10,7,1,0,0,4,0,0,0,0,0,0,0,1,0,0,0,0,0,4.081727678869736,2.9219280948873623,4,0,https://uspsaamnvf.life/uqjmw/,1
30,10,7,1,0,0,4,0,0,0,0,0,0,0,1,0,0,0,0,0,4.148394345536404,2.9219280948873623,4,0,https://uspsaamnvd.life/uqjmw/,1
30,10,7,1,0,0,4,0,0,0,0,0,0,0,1,0,0,0,0,0,4.056564762130955,2.6464393446710157,4,0,https://uspsaamnva.life/uqjmw/,1
30,10,7,1,0,0,4,0,0,0,0,0,0,0,1,0,0,0,0,0,4.148394345536404,2.9219280948873623,4,0,https://uspsaamnbv.life/uqjmw/,1
30,10,7,1,0,0,4,0,0,0,0,0,0,0,1,0,0,0,0,0,4.056564762130955,2.9219280948873623,4,0,https://uspsaamnbt.life/uqjmw/,1
30,10,7,1,0,0,4,0,0,0,0,0,0,0,1,0,0,0,0,0,4.081727678869736,2.9219280948873623,4,0,https://uspsaamnbl.life/uqjmw/,1
30,10,7,1,0,0,4,0,0,0,0,0,0,0,1,0,0,0,0,0,4.081727678869736,2.721928094887362,4,0,https://uspsaamnbb.life/uqjmw/,1
30,10,7,1,0,0,4,0,0,0,0,0,0,0,1,0,0,0,0,0,4.056564762130955,2.721928094887362,4,0,https://uspsaamnbu.life/uqjmw/,1
30,10,7,1,0,0,4,0,0,0,0,0,0,0,1,0,0,0,0,0,4.081727678869736,2.721928094887362,4,0,https://uspsaamnbn.life/uqjmw/,1
30,10,7,1,0,0,4,0,0,0,0,0,0,0,1,0,0,0,0,0,4.0402239289418524,2.6464393446710157,4,0,https://uspsaamnbs.life/uqjmw/,1
30,10,7,1,0,0,4,0,0,0,0,0,0,0,1,0,0,0,0,0,4.148394345536404,2.9219280948873623,4,0,https://uspsaamnbr.life/uqjmw/,1
30,10,7,1,0,0,4,0,0,0,0,0,0,0,1,0,0,0,0,0,4.056564762130955,2.721928094887362,4,0,https://uspsaamnbp.life/uqjmw/,1
30,10,7,1,0,0,4,0,0,0,0,0,0,0,1,0,0,0,0,0,4.148394345536404,2.9219280948873623,4,0,https://uspsaamnbo.life/uqjmw/,1
30,10,7,1,0,0,4,0,0,0,0,0,0,0,1,0,0,0,0,0,4.148394345536404,2.9219280948873623,4,0,https://uspsaamnbk.life/uqjmw/,1
30,10,7,1,0,0,4,0,0,0,0,0,0,0,1,0,0,0,0,0,4.148394345536404,2.9219280948873623,4,0,https://uspsaamnby.life/uqjmw/,1
30,10,7,1,0,0,4,0,0,0,0,0,0,0,1,0,0,0,0,0,4.081727678869736,2.9219280948873623,4,0,https://uspsaamnbw.life/uqjmw/,1
30,10,7,1,0,0,4,0,0,0,0,0,0,0,1,0,0,0,0,0,4.148394345536404,2.9219280948873623,4,0,https://uspsaamnbx.life/uqjmw/,1
30,10,7,1,0,0,4,0,0,0,0,0,0,0,1,0,0,0,0,0,4.081727678869736,2.9219280948873623,4,0,https://uspsaamnbq.life/uqjmw/,1
30,10,7,1,0,0,4,0,0,0,0,0,0,0,1,0,0,0,0,0,4.056564762130955,2.721928094887362,4,0,https://uspsaamnbm.life/uqjmw/,1
30,10,7,1,0,0,4,0,0,0,0,0,0,0,1,0,0,0,0,0,4.081727678869736,2.9219280948873623,4,0,https://uspsaamnbj.life/uqjmw/,1
30,10,7,1,0,0,4,0,0,0,0,0,0,0,1,0,0,0,0,0,4.081727678869736,2.9219280948873623,4,0,https://uspsaamnbh.life/uqjmw/,1
30,10,7,1,0,0,4,0,0,0,0,0,0,0,1,0,0,0,0,0,4.148394345536404,2.9219280948873623,4,0,https://uspsaamnbg.life/uqjmw/,1
30,10,7,1,0,0,4,0,0,0,0,0,0,0,1,0,0,0,0,0,4.148394345536404,2.9219280948873623,4,0,https://uspsaamnbd.life/uqjmw/,1
30,10,7,1,0,0,4,0,0,0,0,0,0,0,1,0,0,0,0,0,4.081727678869736,2.9219280948873623,4,0,https://uspsaamnbf.life/uqjmw/,1
30,10,7,1,0,0,4,0,0,0,0,0,0,0,1,0,0,0,0,0,4.148394345536404,2.9219280948873623,4,0,https://uspsaamnbz.life/uqjmw/,1
30,10,7,1,0,0,4,0,0,0,0,0,0,0,1,0,0,0,0,0,4.081727678869736,2.9219280948873623,4,0,https://uspsaamnbe.life/uqjmw/,1
30,10,7,1,0,0,4,0,0,0,0,0,0,0,1,0,0,0,0,0,4.056564762130955,2.6464393446710157,4,0,https://uspsaamnba.life/uqjmw/,1
84,6,61,2,2,1,6,0,0,0,0,0,7,0,1,0,0,0,0,1,5.280602208668592,1.9182958340544896,3,0,https://docs.google.com/drawings/d/1mZ8U_IVCqZraigPmA-Hxv-kEXtANH6w79f9YjOPvd4Y/edit,1
84,6,61,2,1,0,6,0,0,0,0,0,6,0,1,0,0,0,0,1,5.048342982426604,1.9182958340544896,3,0,https://docs.google.com/drawings/d/1N8q-rGeyu8SfszdudhoPpF8MgSe2CchQVk8tkjzNDrA/edit,1
84,6,61,2,1,0,6,0,0,0,0,0,10,0,1,0,0,0,0,1,5.23763029825863,1.9182958340544896,3,0,https://docs.google.com/drawings/d/18tg6DFlo8QOtrRyLRCCXkf9KbV32J-y6M5cjnxmj9rM/edit,1
84,6,61,2,0,1,6,0,0,0,0,0,9,0,1,0,0,0,0,1,5.276262589899541,1.9182958340544896,3,0,https://docs.google.com/drawings/d/1b69_Q1GrkBuXYE1d5RlKccJ4kIY7jbyv6SFfWPXsbcw/edit,1
84,6,61,2,0,0,6,0,0,0,0,0,6,0,1,0,0,0,0,1,5.009710690785693,1.9182958340544896,3,0,https://docs.google.com/drawings/d/1gs3dw3ywTOZirFhPLr99TxPN6lPIyQhnySvwAyPFIVA/edit,1
84,6,61,2,1,0,6,0,0,0,0,0,11,0,1,0,0,0,0,1,5.232983161049544,1.9182958340544896,3,0,https://docs.google.com/drawings/d/1WNbnXdkByL9CgTDxXX0r8hnR1yX62q4-D85bLCs1JIM/edit,1
84,6,61,2,1,0,6,0,0,0,0,0,4,0,1,0,0,0,0,1,5.188049381158861,1.9182958340544896,3,0,https://docs.google.com/drawings/d/1Mg-fXFYCgFJOBkTKOynM2Oi0ATxu4yglJGSGXoEDrGM/edit,1
84,6,61,2,1,2,6,0,0,0,0,0,7,0,1,0,0,0,0,1,5.238819172902795,1.9182958340544896,3,0,https://docs.google.com/drawings/d/1JgnUc_lFwzb_7bXZEUUHVKIjOoYRNzc-l0zL3123PFE/edit,1
84,6,61,2,0,1,6,0,0,0,0,0,6,0,1,0,0,0,0,1,5.1717302202432744,1.9182958340544896,3,0,https://docs.google.com/drawings/d/15LNPvBkNsVv2dKYVdNcQHa_0ArpWTM1FTzL0tZGNnGQ/edit,1
84,6,61,2,1,0,6,0,0,0,0,0,8,0,1,0,0,0,0,1,5.219656786302356,1.9182958340544896,3,0,https://docs.google.com/drawings/d/1VhJSO0DEUCqYdAhNpb3th467RRwPKFOlLDtlwL-41cM/edit,1
84,6,61,2,0,0,6,0,0,0,0,0,5,0,1,0,0,0,0,1,5.158403845496086,1.9182958340544896,3,0,https://docs.google.com/drawings/d/1btvsLSi6RP0QLkJ7dyKDUIQK0QKiSeYmTySIElMulJA/edit,1
84,6,61,2,0,0,6,0,0,0,0,0,6,0,1,0,0,0,0,1,5.179062625180725,1.9182958340544896,3,0,https://docs.google.com/drawings/d/1tLFbrGu8C6Opweh2vpTXMC8TCoGxbbSjKhKNziBwJ2Y/edit,1
84,6,61,2,0,0,6,0,0,0,0,0,7,0,1,0,0,0,0,1,5.068120405907112,1.9182958340544896,3,0,https://docs.google.com/drawings/d/1AUp3OIWnoqhp0gvJ1byKuwyDgdZBV1cq8KK7bLcIewc/edit,1
84,6,61,2,1,0,6,0,0,0,0,0,9,0,1,0,0,0,0,1,5.154064226727035,1.9182958340544896,3,0,https://docs.google.com/drawings/d/1f4fQl1ZYYghgb2kBRZGB66DOrp-Q8e2ZxHENx6rTvBo/edit,1
84,6,61,2,0,1,6,0,0,0,0,0,11,0,1,0,0,0,0,1,5.229832416924658,1.9182958340544896,3,0,https://docs.google.com/drawings/d/10KwcfM3T_bxwRuy8vnU5Y86VrMoY1MibcAIQ2O0s8FA/edit,1
46,2,2,3,1,0,6,0,1,1,0,0,1,0,1,0,0,0,0,1,4.381620107948734,1.0,2,0,https://l.wl.co/l?u=https://qr-codes.io/UiSmk0,1
46,2,2,3,1,0,6,0,1,1,0,0,2,0,1,0,0,0,0,1,4.4250983688183,1.0,2,0,https://l.wl.co/l?u=https://qr-codes.io/nDS74O,1
46,2,2,3,1,0,6,0,1,1,0,0,1,0,1,0,0,0,0,1,4.183371945366914,1.0,2,0,https://l.wl.co/l?u=https://qr-codes.io/i6thcM,1
46,2,2,3,1,0,6,0,1,1,0,0,2,0,1,0,0,0,0,1,4.381620107948734,1.0,2,0,https://l.wl.co/l?u=https://qr-codes.io/EjT49j,1
46,2,2,3,1,0,6,0,1,1,0,0,2,0,1,0,0,0,0,1,4.381620107948734,1.0,2,0,https://l.wl.co/l?u=https://qr-codes.io/60DjqL,1
26,8,7,1,1,0,3,0,0,0,0,0,1,0,1,0,0,0,0,0,4.209867121904036,3.0,2,0,https://qr-codes.io/UiSmk0,1
26,8,7,1,1,0,3,0,0,0,0,0,2,0,1,0,0,0,0,0,4.286790198827113,3.0,2,0,https://qr-codes.io/nDS74O,1
26,8,7,1,1,0,3,0,0,0,0,0,1,0,1,0,0,0,0,0,3.95006375643621,3.0,2,0,https://qr-codes.io/i6thcM,1
26,8,7,1,1,0,3,0,0,0,0,0,2,0,1,0,0,0,0,0,4.209867121904036,3.0,2,0,https://qr-codes.io/EjT49j,1
26,8,7,1,1,0,3,0,0,0,0,0,2,0,1,0,0,0,0,0,4.209867121904036,3.0,2,0,https://qr-codes.io/60DjqL,1
26,8,7,1,1,0,3,0,0,0,0,0,0,0,1,0,0,0,0,0,4.209867121904036,3.0,2,0,https://qr-codes.io/SKxPMe,1
55,14,1,2,0,0,3,0,1,0,0,0,3,0,1,0,0,0,0,1,4.540653696115069,3.039148671903071,3,0,https://managewebappaoiyioqwsdg.gyhj5u86gfhjgf.com/?yyy,1
70,9,1,3,0,0,3,0,1,0,0,0,0,0,1,0,0,0,0,1,4.183882081163175,2.725480556997868,6,0,https://webappscurenewpaymntsvdahywvdhvasydvwdwa.premnewar.com.np/?yyy,1
45,19,1,2,3,0,3,0,0,0,0,0,5,0,1,0,0,0,0,1,4.413423651596768,3.576617644908666,3,0,https://meta-id17683.invoice-ads-manager.com/,1
82,4,0,3,0,0,2,0,0,0,0,0,10,0,1,0,0,0,0,2,4.647127085245755,2.0,4,1,https://bafybeihpbl7ahqjjo3gf6qaxal4sa7qa3n7qorteacsfk3lh6ifbx3ixye.ipfs.dweb.link,1
87,9,0,3,0,0,2,0,0,0,0,0,6,0,1,0,0,0,0,2,4.8120518699950265,2.94770277922009,4,1,https://bafkreihkcrtjklg5bwvdjdfedig6knoclvrmcvx4cks7hutftm4qxma5ou.ipfs.inbrowser.link,1
87,9,0,3,0,0,2,0,0,0,0,0,8,0,1,0,0,0,0,2,4.598293243076519,2.94770277922009,4,1,https://bafkreihashzl6o454thwctkfusvsfv5malujbzp7fs6setti5ttfgftjmi.ipfs.inbrowser.link,1
83,4,1,3,0,0,3,0,0,0,0,0,17,0,1,0,0,0,0,2,4.686458299349787,2.0,4,1,https://bafkreih3v7zls4zt64n75a3vx65vi64nx62wmaeslxx3xtkesiysfe56de.ipfs.dweb.link/,1
82,4,0,3,0,0,2,0,0,0,0,0,10,0,1,0,0,0,0,2,4.751491725789686,2.0,4,1,https://bafkreigui3if64yk6aopeq2kykbvsdd2opft55oafux5adfzbeajvd7vbe.ipfs.dweb.link,1
87,9,0,3,0,0,2,0,0,0,0,0,8,0,1,0,0,0,0,2,4.725435702715833,2.94770277922009,4,1,https://bafkreiga7dxsjhl6qln3uqqroony3r7jalfyaeacm6dktbf7rd3hehabhy.ipfs.inbrowser.link,1
82,4,0,3,0,0,2,0,0,0,0,0,7,0,1,0,0,0,0,2,4.825565310193918,2.0,4,1,https://bafkreig7uzwwixoze26dmjzvluk2rmryl7jemivhuvghlqpkktmpwlg6d4.ipfs.dweb.link,1
87,9,0,3,0,0,2,0,0,0,0,0,8,0,1,0,0,0,0,2,4.837336133675714,2.94770277922009,4,1,https://bafkreig4a5pdwqutfagbjkuvrj2ze6eyjfiq3ugi6c6iximj3lduwypdri.ipfs.inbrowser.link,1
87,9,0,3,0,0,2,0,0,0,0,0,14,0,1,0,0,0,0,2,4.861737892944841,2.94770277922009,4,1,https://bafkreig3vqt2qlerumvh2rn47d3g4idrq6we35ii77wxjamgozseqx7p2a.ipfs.inbrowser.link,1
82,4,0,3,0,0,2,0,0,0,0,0,11,0,1,0,0,0,0,2,4.816044346155791,2.0,4,1,https://bafkreifwnuqkvbyw2q75ryyylyxr6mp2ncun55xj3itkjea4peqy2rveb4.ipfs.dweb.link,1
82,4,0,3,0,0,2,0,0,0,0,0,9,0,1,0,0,0,0,2,4.826783181780623,2.0,4,1,https://bafkreifuoxe5ui52yeaoha3vensn3jvttbrf24pr7x7encyojmyfdidvqy.ipfs.dweb.link,1
87,9,0,3,0,0,2,0,0,0,0,0,8,0,1,0,0,0,0,2,4.844865122549892,2.94770277922009,4,1,https://bafkreifqvmce2me6be4bgsrxama2ibymozlkyl7hqvnctd47ihvzm5tupe.ipfs.inbrowser.link,1
82,4,0,3,0,0,2,0,0,0,0,0,12,0,1,0,0,0,0,2,4.909159858636276,2.0,4,1,https://bafkreifkavk6dpo5xne7o6n274hvgi34gkefoqxdqgyy6tezqb46jyuucq.ipfs.dweb.link,1
87,9,0,3,0,0,2,0,0,0,0,0,8,0,1,0,0,0,0,2,4.763001220924347,2.94770277922009,4,1,https://bafkreiffydhvgwa7jxuiby22ul4ncnknf5reffxg5hngkmwsj4yun3unmu.ipfs.inbrowser.link,1
87,9,0,3,0,0,2,0,0,0,0,0,16,0,1,0,0,0,0,2,4.74842420846296,2.94770277922009,4,1,https://bafkreiesa63feo7ee76dwcsdk6nsn6aqu3j235zh7q4u7tdj3db4ichufq.ipfs.inbrowser.link,1
87,9,0,3,0,0,2,0,0,0,0,0,10,0,1,0,0,0,0,2,4.708644255945031,2.94770277922009,4,1,https://bafkreienha3wzkpk4fhy7g667m5kb3zygitwmahouwok2jsooaztk6szzy.ipfs.inbrowser.link,1
87,9,0,3,0,0,2,0,0,0,0,0,11,0,1,0,0,0,0,2,4.824067749967633,2.94770277922009,4,1,https://bafkreiecja5b24p4psasgwf5kflboizerze3hhq3f47cxrbrmdc62uykki.ipfs.inbrowser.link,1
87,9,0,3,0,0,2,0,0,0,0,0,8,0,1,0,0,0,0,2,4.7585458696265945,2.94770277922009,4,1,https://bafkreie2yojwh4il4ur3yokxm3f4kjuvnxkkwmem2zb4isgghupzlzqwse.ipfs.inbrowser.link,1
87,9,0,3,0,0,2,0,0,0,0,0,12,0,1,0,0,0,0,2,4.751282255307636,2.94770277922009,4,1,https://bafkreidiu75rqc54fwtgt2inirr74kd26qt3sde4ndbzpuyhfyfawc5bcq.ipfs.inbrowser.link,1
87,9,0,3,0,0,2,0,0,0,0,0,7,0,1,0,0,0,0,2,4.835040375742153,2.94770277922009,4,1,https://bafkreiczmuyvfdhx4l6c2vmflrrmrvaejuw3kcc7cuv3wnbqagfm6nimia.ipfs.inbrowser.link,1
87,9,0,3,0,0,2,0,0,0,0,0,6,0,1,0,0,0,0,2,4.859626185942355,2.94770277922009,4,1,https://bafkreibf6ygozpljkxcfdqix2gwpxzkm6ynmhdnv4aqoh5llxyavmanhy4.ipfs.inbrowser.link,1
87,9,0,3,0,0,2,0,0,0,0,0,7,0,1,0,0,0,0,2,4.843717243583113,2.94770277922009,4,1,https://bafkreibdauj7qeazwpwrvbiidpjkak5h3cab542p6gnnhhxvzdohpzmmlm.ipfs.inbrowser.link,1
83,4,1,3,0,0,3,0,0,0,0,0,9,0,1,0,0,0,0,2,4.828318992251201,2.0,4,1,https://bafkreib6otoy5ydndmpdpc7afst4cmpmrrjh37hxfcb3fvx6odgoj3iexu.ipfs.dweb.link/,1
87,9,0,3,0,0,2,0,0,0,0,0,11,0,1,0,0,0,0,2,4.9379354847045045,2.94770277922009,4,1,https://bafkreib6ax4xzjcfjcvx4tf2wvgcf76suzhfrzgazqylu5o2yfl7xc63my.ipfs.inbrowser.link,1
82,4,0,3,0,0,2,0,0,0,0,0,10,0,1,0,0,0,0,2,4.8359891269289585,2.0,4,1,https://bafkreib2ofz55l4gjzluimk6wkhcxlj2avfmbmkjlsp442cnzirap3ckjy.ipfs.dweb.link,1
83,4,1,3,0,0,3,0,0,0,0,0,14,0,1,0,0,0,0,2,4.829210967204778,2.0,4,1,https://bafkreiav45q7ijzvs3vtzq6z62byalu3epl42avfqi4icebqjl2mc55fdy.ipfs.dweb.link/,1
87,9,0,3,0,0,2,0,0,0,0,0,8,0,1,0,0,0,0,2,4.815390882126674,2.94770277922009,4,1,https://bafkreiaoywydixt5p5ubm3bmrrsjodjv3lfkym6u5a6omsoq7qdvfgjgbe.ipfs.inbrowser.link,1
82,4,1,3,0,0,3,0,0,0,0,0,8,0,0,0,0,0,0,2,4.71970124213274,2.0,4,1,http://bafkreifv4toarzwlzqzc2cfi34btq6zfvwxnepfkcrap4bjuev5wdcclc4.ipfs.dweb.link/,1
83,4,1,3,0,0,3,0,0,0,0,0,8,0,1,0,0,0,0,2,4.732825425036104,2.0,4,1,https://bafkreifv4toarzwlzqzc2cfi34btq6zfvwxnepfkcrap4bjuev5wdcclc4.ipfs.dweb.link/,1
81,4,0,3,0,0,2,0,0,0,0,0,8,0,0,0,0,0,0,2,4.77234522620897,2.0,4,1,http://bafkreiemq3unlavdpaukq5tmpshnass4cuyqrq3cu2af7ibtf7tuzxz4li.ipfs.dweb.link,1
83,4,1,3,0,0,3,0,0,0,0,0,8,0,1,0,0,0,0,2,4.768624794150198,2.0,4,1,https://bafkreiemq3unlavdpaukq5tmpshnass4cuyqrq3cu2af7ibtf7tuzxz4li.ipfs.dweb.link/,1
82,4,1,3,0,0,3,0,0,0,0,0,9,0,0,0,0,0,0,2,4.80459994454352,2.0,4,1,http://bafkreicf7u63fffew5buejmxwltgkvnsyqbnkbcrbrx2bfvw72j2hqy3gu.ipfs.dweb.link/,1
83,4,1,3,0,0,3,0,0,0,0,0,9,0,1,0,0,0,0,2,4.807606221367676,2.0,4,1,https://bafkreicf7u63fffew5buejmxwltgkvnsyqbnkbcrbrx2bfvw72j2hqy3gu.ipfs.dweb.link/,1
83,4,1,3,0,0,3,0,0,0,0,0,13,0,1,0,0,0,0,2,4.846509052544296,2.0,4,1,https://bafkreic5tvubv22nqg24xjzksdmyk4mzmlbfs4yc72w4fsxbf734fzjphm.ipfs.dweb.link/,1
81,4,0,3,0,0,2,0,0,0,0,0,13,0,0,0,0,0,0,2,4.852152552711565,2.0,4,1,http://bafkreic5tvubv22nqg24xjzksdmyk4mzmlbfs4yc72w4fsxbf734fzjphm.ipfs.dweb.link,1
46,21,1,2,3,0,3,0,0,0,0,0,0,0,1,0,0,0,1,1,4.1478182057277895,3.6178096843744556,3,0,https://user-suppot.accounts-admin-agency.com/,1
51,21,1,2,3,0,3,0,0,0,0,0,0,0,1,0,0,0,1,1,4.164702734332651,3.6178096843744556,3,0,https://disabled-account.accounts-admin-agency.com/,1
44,18,1,2,3,0,3,0,0,0,0,0,4,0,0,0,0,0,0,1,4.248426788747654,3.57243125132212,3,0,http://meta-user3888.program-ads-agency.com/,1
40,21,0,2,3,0,2,0,0,0,0,0,0,0,0,0,0,0,1,1,4.075070520364182,3.6178096843744556,3,0,http://al-meta.accounts-admin-agency.com,1
20,2,7,1,0,0,3,0,0,0,0,0,2,0,1,0,0,0,0,0,3.6086949695628423,1.0,2,0,https://tr.ee/nPD92e,1
35,3,12,3,0,0,3,0,0,0,0,0,7,0,1,0,0,0,0,1,4.128724445269142,1.584962500721156,2,0,https://cb761184.tw1.ru/pageweb.php,1
29,18,0,1,1,0,2,0,0,0,0,0,0,0,0,0,0,0,0,0,3.935398667466763,3.2810361125534238,3,0,http://helpdeskpro-ledger.com,1
47,8,3,2,1,0,4,0,2,2,0,0,1,0,1,0,0,0,0,1,4.479496830124854,3.0,3,0,https://dpd.ch-postw.com/i/?oKl=mshKm?kSI=JYYb3,1
46,8,2,2,1,0,3,0,2,2,0,0,1,0,1,0,0,0,0,1,4.495644292684311,3.0,3,0,https://dpd.ch-postw.com/i?oKl=mshKm?kSI=JYYb3,1
37,8,18,1,0,0,6,0,0,0,0,0,0,0,1,0,0,0,0,0,4.077715447225512,3.0,2,0,https://barsukof.ru/admin/images/sws/,1
33,5,8,2,1,0,3,0,0,0,0,0,0,0,1,0,0,0,0,1,3.8848588918890474,2.321928094887362,2,0,https://livepage.ghost.io/live-en,1
43,5,12,2,1,0,3,0,0,0,0,0,0,0,1,0,0,0,0,1,3.9612945579650987,2.321928094887362,2,0,https://startledgersso.ghost.io/en-ldgrlive,1
37,9,6,2,1,0,3,0,0,0,0,0,0,0,0,0,0,0,0,1,4.283381405994074,2.94770277922009,3,0,http://ledjerlive.wixstudio.com/en-us,1
43,9,6,2,2,0,3,0,0,0,0,0,0,0,1,0,0,0,0,1,4.051394627288987,2.94770277922009,3,0,https://oauth-pumpsawps.wixstudio.com/en-us,1
45,9,6,2,2,0,3,0,0,0,0,0,0,0,1,0,0,0,0,1,4.207976707200401,2.94770277922009,3,0,https://home-jupiiterrcdn.wixstudio.com/en-us,1
44,14,0,2,1,0,2,0,0,0,0,0,1,0,1,0,0,0,0,1,4.436260027531527,3.235926350629033,3,0,https://seducerhome-xjv7v.ondigitalocean.app,1
32,19,1,1,2,0,3,0,0,0,0,0,0,0,1,0,0,0,0,0,4.003928031846025,3.176110251517255,3,0,https://express-re-delivery.com/,1
36,19,1,2,2,0,3,0,0,0,0,0,0,0,1,1,0,0,0,1,4.096891932467571,3.176110251517255,3,0,https://www.express-re-delivery.com/,1
37,19,6,1,2,0,3,0,0,0,0,0,0,0,1,0,0,0,1,0,4.18582355533362,3.176110251517255,3,0,https://express-re-delivery.com/login,1
22,9,1,1,1,0,3,0,0,0,0,0,0,0,1,0,0,0,0,0,4.061482186720776,3.169925001442312,3,0,https://log-verif.com/,1
26,9,1,2,1,0,3,0,0,0,0,0,0,0,1,1,0,0,0,1,4.103909910282364,3.169925001442312,3,0,https://www.log-verif.com/,1
32,19,1,1,1,0,3,0,0,0,0,0,0,0,1,0,0,0,0,0,4.132048827786958,3.6818808028034034,3,0,https://sante-servicepublic.com/,1
36,19,1,2,1,0,3,0,0,0,0,0,0,0,1,1,0,0,0,1,4.210777084415067,3.6818808028034034,3,0,https://www.sante-servicepublic.com/,1
41,25,1,2,1,0,3,0,0,0,0,0,0,0,1,0,0,0,0,1,3.9739164935644116,3.4332696895151082,3,0,https://go.actualisation-information.com/,1
44,25,1,2,1,0,3,0,0,0,0,0,0,0,1,0,0,0,0,1,4.036040925839782,3.4332696895151082,3,0,https://votre.actualisation-information.com/,1
38,25,1,1,1,0,3,0,0,0,0,0,0,0,1,0,0,0,0,0,3.9026797376866447,3.4332696895151082,3,0,https://actualisation-information.com/,1
42,25,1,2,1,0,3,0,0,0,0,0,0,0,1,1,0,0,0,1,4.014357827994779,3.4332696895151082,3,0,https://www.actualisation-information.com/,1
43,8,23,1,0,0,5,0,0,0,0,0,11,0,1,0,0,0,0,0,4.7955806738006155,3.0,3,1,https://91520384.xyz/o3brvzmp/lu3w5C/JTdLzP,1
43,8,23,1,0,0,5,0,0,0,0,0,11,0,1,0,0,0,0,0,4.7955806738006155,3.0,3,1,https://86520371.xyz/o3brvzmp/lu3w5C/JTdLzP,1
43,8,23,1,0,0,5,0,0,0,0,0,11,0,1,0,0,0,0,0,4.842092301707592,3.0,3,1,https://80247139.xyz/o3brvzmp/lu3w5C/JTdLzP,1
30,9,4,2,0,0,3,0,0,0,0,0,0,0,1,1,0,0,0,1,4.0062389286533895,2.94770277922009,4,0,https://www.dpdlocaxj.cyou/com,1
30,9,4,2,0,0,3,0,0,0,0,0,0,0,1,1,0,0,0,1,3.739572261986723,2.5032583347756456,4,0,https://www.dpdlocoyy.cyou/com,1
30,9,4,2,0,0,3,0,0,0,0,0,0,0,1,1,0,0,0,1,3.831401845392172,2.725480556997868,4,0,https://www.dpdlocoyi.cyou/com,1
30,9,4,2,0,0,3,0,0,0,0,0,0,0,1,1,0,0,0,1,3.831401845392172,2.725480556997868,4,0,https://www.dpdlocoru.cyou/com,1
30,9,4,2,0,0,3,0,0,0,0,0,0,0,1,1,0,0,0,1,3.831401845392172,2.725480556997868,4,0,https://www.dpdlocoye.cyou/com,1
30,9,4,2,0,0,3,0,0,0,0,0,0,0,1,1,0,0,0,1,3.7232314287976207,2.725480556997868,4,0,https://www.dpdlocoyw.cyou/com,1
30,9,4,2,0,0,3,0,0,0,0,0,0,0,1,1,0,0,0,1,3.6980685120588386,2.725480556997868,4,0,https://www.dpdlocotw.cyou/com,1
30,9,4,2,0,0,3,0,0,0,0,0,0,0,1,1,0,0,0,1,3.7647351787255054,2.725480556997868,4,0,https://www.dpdlocoys.cyou/com,1
30,9,4,2,0,0,3,0,0,0,0,0,0,0,1,1,0,0,0,1,3.739572261986723,2.725480556997868,4,0,https://www.dpdlocoyt.cyou/com,1
30,9,4,2,0,0,3,0,0,0,0,0,0,0,1,1,0,0,0,1,3.831401845392172,2.725480556997868,4,0,https://www.dpdlocoyr.cyou/com,1
30,9,4,2,0,0,3,0,0,0,0,0,0,0,1,1,0,0,0,1,3.8062389286533898,2.725480556997868,4,0,https://www.dpdlocotq.cyou/com,1
30,9,4,2,0,0,3,0,0,0,0,0,0,0,1,1,0,0,0,1,3.7232314287976207,2.725480556997868,4,0,https://www.dpdlocowm.cyou/com,1
30,9,4,2,0,0,3,0,0,0,0,0,0,0,1,1,0,0,0,1,3.7647351787255054,2.725480556997868,4,0,https://www.dpdlocoyu.cyou/com,1
30,9,4,2,0,0,3,0,0,0,0,0,0,0,1,1,0,0,0,1,3.831401845392172,2.725480556997868,4,0,https://www.dpdlocoyq.cyou/com,1
30,9,4,2,0,0,3,0,0,0,0,0,0,0,1,1,0,0,0,1,3.739572261986723,2.725480556997868,4,0,https://www.dpdlocotu.cyou/com,1
30,9,4,2,0,0,3,0,0,0,0,0,0,0,1,1,0,0,0,1,3.739572261986723,2.725480556997868,4,0,https://www.dpdlocots.cyou/com,1
30,9,4,2,0,0,3,0,0,0,0,0,0,0,1,1,0,0,0,1,3.8980685120588388,2.725480556997868,4,0,https://www.dpdlocoqe.cyou/com,1
30,9,4,2,0,0,3,0,0,0,0,0,0,0,1,1,0,0,0,1,3.739572261986723,2.5032583347756456,4,0,https://www.dpdlocoyp.cyou/com,1
30,9,4,2,0,0,3,0,0,0,0,0,0,0,1,1,0,0,0,1,3.711080496244278,2.4193819456463714,4,0,https://www.dpdlocoyo.cyou/com,1
30,9,4,2,0,0,3,0,0,0,0,0,0,0,1,1,0,0,0,1,3.739572261986723,2.4193819456463714,4,0,https://www.dpdlocoyd.cyou/com,1
30,9,4,2,0,0,3,0,0,0,0,0,0,0,1,1,0,0,0,1,3.831401845392172,2.725480556997868,4,0,https://www.dpdlocoya.cyou/com,1
30,9,4,2,0,0,3,0,0,0,0,0,0,0,1,1,0,0,0,1,3.8062389286533898,2.725480556997868,4,0,https://www.dpdlocotf.cyou/com,1
30,9,4,2,0,0,3,0,0,0,0,0,0,0,1,1,0,0,0,1,3.831401845392172,2.725480556997868,4,0,https://www.dpdlocoyg.cyou/com,1
30,9,4,2,0,0,3,0,0,0,0,0,0,0,1,1,0,0,0,1,3.8980685120588388,2.725480556997868,4,0,https://www.dpdlocori.cyou/com,1
30,9,4,2,0,0,3,0,0,0,0,0,0,0,1,1,0,0,0,1,3.8062389286533898,2.5032583347756456,4,0,https://www.dpdlocorp.cyou/com,1
30,9,4,2,0,0,3,0,0,0,0,0,0,0,1,1,0,0,0,1,3.8062389286533898,2.5032583347756456,4,0,https://www.dpdlocoqp.cyou/com,1
30,9,4,2,0,0,3,0,0,0,0,0,0,0,1,1,0,0,0,1,3.7898980954642876,2.725480556997868,4,0,https://www.dpdlocowv.cyou/com,1
30,9,4,2,0,0,3,0,0,0,0,0,0,0,1,1,0,0,0,1,3.8062389286533898,2.725480556997868,4,0,https://www.dpdlocotv.cyou/com,1
30,9,4,2,0,0,3,0,0,0,0,0,0,0,1,1,0,0,0,1,3.7898980954642876,2.725480556997868,4,0,https://www.dpdlocown.cyou/com,1
30,9,4,2,0,0,3,0,0,0,0,0,0,0,1,1,0,0,0,1,3.8980685120588388,2.725480556997868,4,0,https://www.dpdlocorz.cyou/com,1
30,9,4,2,0,0,3,0,0,0,0,0,0,0,1,1,0,0,0,1,3.739572261986723,2.5032583347756456,4,0,https://www.dpdlocotl.cyou/com,1
30,9,4,2,0,0,3,0,0,0,0,0,0,0,1,1,0,0,0,1,3.8062389286533898,2.725480556997868,4,0,https://www.dpdlocotn.cyou/com,1
30,9,4,2,0,0,3,0,0,0,0,0,0,0,1,1,0,0,0,1,3.8062389286533898,2.725480556997868,4,0,https://www.dpdlocoti.cyou/com,1
43,8,23,1,0,0,5,0,0,0,0,0,11,0,1,0,0,0,0,0,4.842092301707592,3.0,3,1,https://74839021.xyz/o3brvzmp/lu3w5C/JTdLzP,1
30,9,4,2,0,0,3,0,0,0,0,0,0,0,1,1,0,0,0,1,3.6817276788697364,2.5032583347756456,4,0,https://www.dpdlocowc.cyou/com,1
30,9,4,2,0,0,3,0,0,0,0,0,0,0,1,1,0,0,0,1,3.7898980954642876,2.725480556997868,4,0,https://www.dpdlocowb.cyou/com,1
30,9,4,2,0,0,3,0,0,0,0,0,0,0,1,1,0,0,0,1,3.8980685120588388,2.725480556997868,4,0,https://www.dpdlocork.cyou/com,1
30,9,4,2,0,0,3,0,0,0,0,0,0,0,1,1,0,0,0,1,3.8980685120588388,2.725480556997868,4,0,https://www.dpdlocorf.cyou/com,1
66,30,13,3,0,0,3,0,0,0,0,0,8,0,1,0,0,0,0,1,4.739258278640005,4.323231428797621,3,0,https://xhdemxgotv.p5yjlf31w6hve12yktuwmenkyz07nk.lat/erneuern.php,1
30,9,4,2,0,0,3,0,0,0,0,0,0,0,1,1,0,0,0,1,3.8062389286533898,2.725480556997868,4,0,https://www.dpdlocotz.cyou/com,1
67,30,13,3,0,0,3,0,0,0,0,0,8,0,1,0,0,0,0,1,4.678508788805115,4.323231428797621,3,0,https://qhptogwggfn.p5yjlf31w6hve12yktuwmenkyz07nk.lat/erneuern.php,1
30,9,4,2,0,0,3,0,0,0,0,0,0,0,1,1,0,0,0,1,3.739572261986723,2.725480556997868,4,0,https://www.dpdlocotm.cyou/com,1
30,9,4,2,0,0,3,0,0,0,0,0,0,0,1,1,0,0,0,1,3.8062389286533898,2.725480556997868,4,0,https://www.dpdlocotj.cyou/com,1
30,9,4,2,0,0,3,0,0,0,0,0,0,0,1,1,0,0,0,1,3.8062389286533898,2.725480556997868,4,0,https://www.dpdlocote.cyou/com,1
30,9,4,2,0,0,3,0,0,0,0,0,0,0,1,1,0,0,0,1,3.8980685120588388,2.725480556997868,4,0,https://www.dpdlocorn.cyou/com,1
30,9,4,2,0,0,3,0,0,0,0,0,0,0,1,1,0,0,0,1,3.8980685120588388,2.725480556997868,4,0,https://www.dpdlocore.cyou/com,1
30,9,4,2,0,0,3,0,0,0,0,0,0,0,1,1,0,0,0,1,3.8062389286533898,2.4193819456463714,4,0,https://www.dpdlocord.cyou/com,1
30,9,4,2,0,0,3,0,0,0,0,0,0,0,1,1,0,0,0,1,3.739572261986723,2.725480556997868,4,0,https://www.dpdlocoty.cyou/com,1
30,9,4,2,0,0,3,0,0,0,0,0,0,0,1,1,0,0,0,1,3.831401845392172,2.725480556997868,4,0,https://www.dpdlocoqs.cyou/com,1
30,9,4,2,0,0,3,0,0,0,0,0,0,0,1,1,0,0,0,1,3.6980685120588386,2.5032583347756456,4,0,https://www.dpdlocott.cyou/com,1
30,9,4,2,0,0,3,0,0,0,0,0,0,0,1,1,0,0,0,1,3.831401845392172,2.725480556997868,4,0,https://www.dpdlocory.cyou/com,1
30,9,4,2,0,0,3,0,0,0,0,0,0,0,1,1,0,0,0,1,3.8062389286533898,2.725480556997868,4,0,https://www.dpdlocotr.cyou/com,1
30,9,4,2,0,0,3,0,0,0,0,0,0,0,1,1,0,0,0,1,3.7898980954642876,2.725480556997868,4,0,https://www.dpdlocorw.cyou/com,1
30,9,4,2,0,0,3,0,0,0,0,0,0,0,1,1,0,0,0,1,3.7144093452479408,2.5032583347756456,4,0,https://www.dpdlocotp.cyou/com,1
30,9,4,2,0,0,3,0,0,0,0,0,0,0,1,1,0,0,0,1,3.8062389286533898,2.725480556997868,4,0,https://www.dpdlocotk.cyou/com,1
30,9,4,2,0,0,3,0,0,0,0,0,0,0,1,1,0,0,0,1,3.8062389286533898,2.725480556997868,4,0,https://www.dpdlocort.cyou/com,1
43,8,23,1,0,0,5,0,0,0,0,0,11,0,1,0,0,0,0,0,4.7955806738006155,3.0,3,1,https://73684925.xyz/o3brvzmp/lu3w5C/JTdLzP,1
30,9,4,2,0,0,3,0,0,0,0,0,0,0,1,1,0,0,0,1,3.7144093452479408,2.4193819456463714,4,0,https://www.dpdlocotd.cyou/com,1
30,9,4,2,0,0,3,0,0,0,0,0,0,0,1,1,0,0,0,1,3.8980685120588388,2.725480556997868,4,0,https://www.dpdlocorb.cyou/com,1
30,9,4,2,0,0,3,0,0,0,0,0,0,0,1,1,0,0,0,1,3.831401845392172,2.5032583347756456,4,0,https://www.dpdlocorl.cyou/com,1
30,9,4,2,0,0,3,0,0,0,0,0,0,0,1,1,0,0,0,1,3.8062389286533898,2.725480556997868,4,0,https://www.dpdlocotg.cyou/com,1
30,9,4,2,0,0,3,0,0,0,0,0,0,0,1,1,0,0,0,1,3.8980685120588388,2.725480556997868,4,0,https://www.dpdlocorj.cyou/com,1
30,9,4,2,0,0,3,0,0,0,0,0,0,0,1,1,0,0,0,1,3.7898980954642876,2.5032583347756456,4,0,https://www.dpdlocorc.cyou/com,1
30,9,4,2,0,0,3,0,0,0,0,0,0,0,1,1,0,0,0,1,3.831401845392172,2.725480556997868,4,0,https://www.dpdlocorh.cyou/com,1
30,9,4,2,0,0,3,0,0,0,0,0,0,0,1,1,0,0,0,1,3.831401845392172,2.725480556997868,4,0,https://www.dpdlocoqh.cyou/com,1
30,9,4,2,0,0,3,0,0,0,0,0,0,0,1,1,0,0,0,1,3.7898980954642876,2.5032583347756456,4,0,https://www.dpdlocoqc.cyou/com,1
30,9,4,2,0,0,3,0,0,0,0,0,0,0,1,1,0,0,0,1,3.8980685120588388,2.725480556997868,4,0,https://www.dpdlocorx.cyou/com,1
30,9,4,2,0,0,3,0,0,0,0,0,0,0,1,1,0,0,0,1,3.8980685120588388,2.725480556997868,4,0,https://www.dpdlocorv.cyou/com,1
30,9,4,2,0,0,3,0,0,0,0,0,0,0,1,1,0,0,0,1,3.831401845392172,2.725480556997868,4,0,https://www.dpdlocors.cyou/com,1
30,9,4,2,0,0,3,0,0,0,0,0,0,0,1,1,0,0,0,1,3.8980685120588388,2.725480556997868,4,0,https://www.dpdlocorq.cyou/com,1
30,9,4,2,0,0,3,0,0,0,0,0,0,0,1,1,0,0,0,1,3.777747162910945,2.4193819456463714,4,0,https://www.dpdlocoro.cyou/com,1
30,9,4,2,0,0,3,0,0,0,0,0,0,0,1,1,0,0,0,1,3.831401845392172,2.725480556997868,4,0,https://www.dpdlocorm.cyou/com,1
30,9,4,2,0,0,3,0,0,0,0,0,0,0,1,1,0,0,0,1,3.8980685120588388,2.725480556997868,4,0,https://www.dpdlocorg.cyou/com,1
30,9,4,2,0,0,3,0,0,0,0,0,0,0,1,1,0,0,0,1,3.8980685120588388,2.725480556997868,4,0,https://www.dpdlocora.cyou/com,1
30,9,4,2,0,0,3,0,0,0,0,0,0,0,1,1,0,0,0,1,3.831401845392172,2.725480556997868,4,0,https://www.dpdlocoqu.cyou/com,1
30,9,4,2,0,0,3,0,0,0,0,0,0,0,1,1,0,0,0,1,3.777747162910945,2.4193819456463714,4,0,https://www.dpdlocoqo.cyou/com,1
30,9,4,2,0,0,3,0,0,0,0,0,0,0,1,1,0,0,0,1,3.8980685120588388,2.725480556997868,4,0,https://www.dpdlocoqi.cyou/com,1
30,9,4,2,0,0,3,0,0,0,0,0,0,0,1,1,0,0,0,1,3.8980685120588388,2.725480556997868,4,0,https://www.dpdlocoqa.cyou/com,1
30,9,4,2,0,0,3,0,0,0,0,0,0,0,1,1,0,0,0,1,3.8980685120588388,2.725480556997868,4,0,https://www.dpdlocoek.cyou/com,1
43,8,23,1,0,0,5,0,0,0,0,0,11,0,1,0,0,0,0,0,4.7955806738006155,3.0,3,1,https://72498135.xyz/o3brvzmp/lu3w5C/JTdLzP,1
30,9,4,2,0,0,3,0,0,0,0,0,0,0,1,1,0,0,0,1,3.8062389286533898,2.725480556997868,4,0,https://www.dpdlocoet.cyou/com,1
30,9,4,2,0,0,3,0,0,0,0,0,0,0,1,1,0,0,0,1,3.8980685120588388,2.725480556997868,4,0,https://www.dpdlocoer.cyou/com,1
30,9,4,2,0,0,3,0,0,0,0,0,0,0,1,1,0,0,0,1,3.831401845392172,2.5032583347756456,4,0,https://www.dpdlocoee.cyou/com,1
30,9,4,2,0,0,3,0,0,0,0,0,0,0,1,1,0,0,0,1,3.7898980954642876,2.725480556997868,4,0,https://www.dpdlocoew.cyou/com,1
30,9,4,2,0,0,3,0,0,0,0,0,0,0,1,1,0,0,0,1,3.8980685120588388,2.725480556997868,4,0,https://www.dpdlocoex.cyou/com,1
30,9,4,2,0,0,3,0,0,0,0,0,0,0,1,1,0,0,0,1,3.777747162910945,2.4193819456463714,4,0,https://www.dpdlocoeo.cyou/com,1
30,9,4,2,0,0,3,0,0,0,0,0,0,0,1,1,0,0,0,1,3.8980685120588388,2.725480556997868,4,0,https://www.dpdlocoeg.cyou/com,1
30,9,4,2,0,0,3,0,0,0,0,0,0,0,1,1,0,0,0,1,3.8980685120588388,2.725480556997868,4,0,https://www.dpdlocoeb.cyou/com,1
30,9,4,2,0,0,3,0,0,0,0,0,0,0,1,1,0,0,0,1,3.8980685120588388,2.725480556997868,4,0,https://www.dpdlocoev.cyou/com,1
30,9,4,2,0,0,3,0,0,0,0,0,0,0,1,1,0,0,0,1,3.831401845392172,2.725480556997868,4,0,https://www.dpdlocoes.cyou/com,1
30,9,4,2,0,0,3,0,0,0,0,0,0,0,1,1,0,0,0,1,3.831401845392172,2.725480556997868,4,0,https://www.dpdlocoey.cyou/com,1
30,9,4,2,0,0,3,0,0,0,0,0,0,0,1,1,0,0,0,1,3.8980685120588388,2.725480556997868,4,0,https://www.dpdlocoeq.cyou/com,1
30,9,4,2,0,0,3,0,0,0,0,0,0,0,1,1,0,0,0,1,3.8980685120588388,2.725480556997868,4,0,https://www.dpdlocoef.cyou/com,1
30,9,4,2,0,0,3,0,0,0,0,0,0,0,1,1,0,0,0,1,3.831401845392172,2.725480556997868,4,0,https://www.dpdlocoeh.cyou/com,1
30,9,4,2,0,0,3,0,0,0,0,0,0,0,1,1,0,0,0,1,3.8980685120588388,2.725480556997868,4,0,https://www.dpdlocoej.cyou/com,1
30,9,4,2,0,0,3,0,0,0,0,0,0,0,1,1,0,0,0,1,3.7898980954642876,2.5032583347756456,4,0,https://www.dpdlocoec.cyou/com,1
30,9,4,2,0,0,3,0,0,0,0,0,0,0,1,1,0,0,0,1,3.831401845392172,2.725480556997868,4,0,https://www.dpdlocoem.cyou/com,1
30,9,4,2,0,0,3,0,0,0,0,0,0,0,1,1,0,0,0,1,3.8980685120588388,2.725480556997868,4,0,https://www.dpdlocoea.cyou/com,1
30,9,4,2,0,0,3,0,0,0,0,0,0,0,1,1,0,0,0,1,3.8980685120588388,2.725480556997868,4,0,https://www.dpdlocoen.cyou/com,1
30,9,4,2,0,0,3,0,0,0,0,0,0,0,1,1,0,0,0,1,3.8980685120588388,2.725480556997868,4,0,https://www.dpdlocoei.cyou/com,1
30,9,4,2,0,0,3,0,0,0,0,0,0,0,1,1,0,0,0,1,3.8062389286533898,2.4193819456463714,4,0,https://www.dpdlocoed.cyou/com,1
30,9,4,2,0,0,3,0,0,0,0,0,0,0,1,1,0,0,0,1,3.7647351787255054,2.725480556997868,4,0,https://www.dpdlocoyu.shop/com,1
30,9,4,2,0,0,3,0,0,0,0,0,0,0,1,1,0,0,0,1,3.6729055953200564,2.725480556997868,4,0,https://www.dpdlocoyt.shop/com,1
43,8,23,1,0,0,5,0,0,0,0,0,11,0,1,0,0,0,0,0,4.859647825013719,3.0,3,1,https://70549218.xyz/o3brvzmp/lu3w5C/JTdLzP,1
30,9,4,2,0,0,3,0,0,0,0,0,0,0,1,1,0,0,0,1,3.6444138295776116,2.4193819456463714,4,0,https://www.dpdlocoyo.shop/com,1
30,9,4,2,0,0,3,0,0,0,0,0,0,0,1,1,0,0,0,1,3.6565647621309543,2.725480556997868,4,0,https://www.dpdlocoyw.shop/com,1
30,9,4,2,0,0,3,0,0,0,0,0,0,0,1,1,0,0,0,1,3.7647351787255054,2.725480556997868,4,0,https://www.dpdlocoyr.shop/com,1
30,9,4,2,0,0,3,0,0,0,0,0,0,0,1,1,0,0,0,1,3.7647351787255054,2.725480556997868,4,0,https://www.dpdlocoyi.shop/com,1
30,9,4,2,0,0,3,0,0,0,0,0,0,0,1,1,0,0,0,1,3.6980685120588386,2.5032583347756456,4,0,https://www.dpdlocoyy.shop/com,1
30,9,4,2,0,0,3,0,0,0,0,0,0,0,1,1,0,0,0,1,3.6729055953200564,2.725480556997868,4,0,https://www.dpdlocotq.shop/com,1
30,9,4,2,0,0,3,0,0,0,0,0,0,0,1,1,0,0,0,1,3.5525842461721626,2.4193819456463714,4,0,https://www.dpdlocoto.shop/com,1
30,9,4,2,0,0,3,0,0,0,0,0,0,0,1,1,0,0,0,1,3.6729055953200564,2.725480556997868,4,0,https://www.dpdlocotj.shop/com,1
30,9,4,2,0,0,3,0,0,0,0,0,0,0,1,1,0,0,0,1,3.6565647621309543,2.5032583347756456,4,0,https://www.dpdlocoyp.shop/com,1
30,9,4,2,0,0,3,0,0,0,0,0,0,0,1,1,0,0,0,1,3.5810760119146074,2.4193819456463714,4,0,https://www.dpdlocotd.shop/com,1
30,9,4,2,0,0,3,0,0,0,0,0,0,0,1,1,0,0,0,1,3.589898095464288,2.5032583347756456,4,0,https://www.dpdlocowl.shop/com,1
30,9,4,2,0,0,3,0,0,0,0,0,0,0,1,1,0,0,0,1,3.5647351787255053,2.5032583347756456,4,0,https://www.dpdlocowc.shop/com,1
30,9,4,2,0,0,3,0,0,0,0,0,0,0,1,1,0,0,0,1,3.7647351787255054,2.725480556997868,4,0,https://www.dpdlocoya.shop/com,1
30,9,4,2,0,0,3,0,0,0,0,0,0,0,1,1,0,0,0,1,3.6565647621309543,2.725480556997868,4,0,https://www.dpdlocowb.shop/com,1
30,9,4,2,0,0,3,0,0,0,0,0,0,0,1,1,0,0,0,1,3.5647351787255053,2.725480556997868,4,0,https://www.dpdlocotw.shop/com,1
30,9,4,2,0,0,3,0,0,0,0,0,0,0,1,1,0,0,0,1,3.7647351787255054,2.725480556997868,4,0,https://www.dpdlocoyq.shop/com,1
30,9,4,2,0,0,3,0,0,0,0,0,0,0,1,1,0,0,0,1,3.6062389286533896,2.5032583347756456,4,0,https://www.dpdlocotl.shop/com,1
30,9,4,2,0,0,3,0,0,0,0,0,0,0,1,1,0,0,0,1,3.6729055953200564,2.725480556997868,4,0,https://www.dpdlocoys.shop/com,1
30,9,4,2,0,0,3,0,0,0,0,0,0,0,1,1,0,0,0,1,3.6729055953200564,2.725480556997868,4,0,https://www.dpdlocoti.shop/com,1
30,9,4,2,0,0,3,0,0,0,0,0,0,0,1,1,0,0,0,1,3.7647351787255054,2.725480556997868,4,0,https://www.dpdlocoyg.shop/com,1
30,9,4,2,0,0,3,0,0,0,0,0,0,0,1,1,0,0,0,1,3.6565647621309543,2.5032583347756456,4,0,https://www.dpdlocorp.shop/com,1
30,9,4,2,0,0,3,0,0,0,0,0,0,0,1,1,0,0,0,1,3.6565647621309543,2.725480556997868,4,0,https://www.dpdlocown.shop/com,1
30,9,4,2,0,0,3,0,0,0,0,0,0,0,1,1,0,0,0,1,3.7647351787255054,2.725480556997868,4,0,https://www.dpdlocoye.shop/com,1
30,9,4,2,0,0,3,0,0,0,0,0,0,0,1,1,0,0,0,1,3.6729055953200564,2.4193819456463714,4,0,https://www.dpdlocoyd.shop/com,1
30,9,4,2,0,0,3,0,0,0,0,0,0,0,1,1,0,0,0,1,3.7647351787255054,2.725480556997868,4,0,https://www.dpdlocoyf.shop/com,1
30,9,4,2,0,0,3,0,0,0,0,0,0,0,1,1,0,0,0,1,3.589898095464288,2.725480556997868,4,0,https://www.dpdlocowm.shop/com,1
30,9,4,2,0,0,3,0,0,0,0,0,0,0,1,1,0,0,0,1,3.6565647621309543,2.725480556997868,4,0,https://www.dpdlocowf.shop/com,1
30,9,4,2,0,0,3,0,0,0,0,0,0,0,1,1,0,0,0,1,3.5647351787255053,2.5032583347756456,4,0,https://www.dpdlocott.shop/com,1
30,9,4,2,0,0,3,0,0,0,0,0,0,0,1,1,0,0,0,1,3.7647351787255054,2.725480556997868,4,0,https://www.dpdlocorq.shop/com,1
30,9,4,2,0,0,3,0,0,0,0,0,0,0,1,1,0,0,0,1,3.6980685120588386,2.5032583347756456,4,0,https://www.dpdlocorr.shop/com,1
30,9,4,2,0,0,3,0,0,0,0,0,0,0,1,1,0,0,0,1,3.6729055953200564,2.725480556997868,4,0,https://www.dpdlocotf.shop/com,1
30,9,4,2,0,0,3,0,0,0,0,0,0,0,1,1,0,0,0,1,3.6565647621309543,2.725480556997868,4,0,https://www.dpdlocowv.shop/com,1
30,9,4,2,0,0,3,0,0,0,0,0,0,0,1,1,0,0,0,1,3.6565647621309543,2.725480556997868,4,0,https://www.dpdlocowz.shop/com,1
30,9,4,2,0,0,3,0,0,0,0,0,0,0,1,1,0,0,0,1,3.7647351787255054,2.725480556997868,4,0,https://www.dpdlocori.shop/com,1
30,9,4,2,0,0,3,0,0,0,0,0,0,0,1,1,0,0,0,1,3.7647351787255054,2.725480556997868,4,0,https://www.dpdlocorb.shop/com,1
30,9,4,2,0,0,3,0,0,0,0,0,0,0,1,1,0,0,0,1,3.6729055953200564,2.725480556997868,4,0,https://www.dpdlocotu.shop/com,1
30,9,4,2,0,0,3,0,0,0,0,0,0,0,1,1,0,0,0,1,3.6729055953200564,2.725480556997868,4,0,https://www.dpdlocotr.shop/com,1
30,9,4,2,0,0,3,0,0,0,0,0,0,0,1,1,0,0,0,1,3.5810760119146074,2.725480556997868,4,0,https://www.dpdlocots.shop/com,1
30,9,4,2,0,0,3,0,0,0,0,0,0,0,1,1,0,0,0,1,3.6729055953200564,2.725480556997868,4,0,https://www.dpdlocotn.shop/com,1
30,9,4,2,0,0,3,0,0,0,0,0,0,0,1,1,0,0,0,1,3.5647351787255053,2.5032583347756456,4,0,https://www.dpdlocotp.shop/com,1
30,9,4,2,0,0,3,0,0,0,0,0,0,0,1,1,0,0,0,1,3.6062389286533896,2.725480556997868,4,0,https://www.dpdlocotm.shop/com,1
30,9,4,2,0,0,3,0,0,0,0,0,0,0,1,1,0,0,0,1,3.6729055953200564,2.725480556997868,4,0,https://www.dpdlocote.shop/com,1
30,9,4,2,0,0,3,0,0,0,0,0,0,0,1,1,0,0,0,1,3.5810760119146074,2.725480556997868,4,0,https://www.dpdlocoth.shop/com,1
30,9,4,2,0,0,3,0,0,0,0,0,0,0,1,1,0,0,0,1,3.6729055953200564,2.725480556997868,4,0,https://www.dpdlocotb.shop/com,1
30,9,4,2,0,0,3,0,0,0,0,0,0,0,1,1,0,0,0,1,3.6729055953200564,2.725480556997868,4,0,https://www.dpdlocoty.shop/com,1
30,9,4,2,0,0,3,0,0,0,0,0,0,0,1,1,0,0,0,1,3.7647351787255054,2.725480556997868,4,0,https://www.dpdlocora.shop/com,1
30,9,4,2,0,0,3,0,0,0,0,0,0,0,1,1,0,0,0,1,3.6729055953200564,2.725480556997868,4,0,https://www.dpdlocotz.shop/com,1
30,9,4,2,0,0,3,0,0,0,0,0,0,0,1,1,0,0,0,1,3.6729055953200564,2.725480556997868,4,0,https://www.dpdlocotv.shop/com,1
30,9,4,2,0,0,3,0,0,0,0,0,0,0,1,1,0,0,0,1,3.7647351787255054,2.725480556997868,4,0,https://www.dpdlocorz.shop/com,1
30,9,4,2,0,0,3,0,0,0,0,0,0,0,1,1,0,0,0,1,3.7647351787255054,2.725480556997868,4,0,https://www.dpdlocory.shop/com,1
30,9,4,2,0,0,3,0,0,0,0,0,0,0,1,1,0,0,0,1,3.6565647621309543,2.725480556997868,4,0,https://www.dpdlocorw.shop/com,1
30,9,4,2,0,0,3,0,0,0,0,0,0,0,1,1,0,0,0,1,3.7647351787255054,2.725480556997868,4,0,https://www.dpdlocoru.shop/com,1
30,9,4,2,0,0,3,0,0,0,0,0,0,0,1,1,0,0,0,1,3.6729055953200564,2.725480556997868,4,0,https://www.dpdlocotk.shop/com,1
30,9,4,2,0,0,3,0,0,0,0,0,0,0,1,1,0,0,0,1,3.6729055953200564,2.725480556997868,4,0,https://www.dpdlocotg.shop/com,1
30,9,4,2,0,0,3,0,0,0,0,0,0,0,1,1,0,0,0,1,3.7647351787255054,2.725480556997868,4,0,https://www.dpdlocorn.shop/com,1
30,9,4,2,0,0,3,0,0,0,0,0,0,0,1,1,0,0,0,1,3.6729055953200564,2.725480556997868,4,0,https://www.dpdlocota.shop/com,1
22,9,1,1,0,0,3,0,0,0,0,0,6,0,1,0,0,0,0,0,3.7544418457133455,2.6416041678685938,3,0,https://mrl260005.pro/,1
30,9,4,2,0,0,3,0,0,0,0,0,0,0,1,1,0,0,0,1,3.7647351787255054,2.725480556997868,4,0,https://www.dpdlocork.shop/com,1
30,9,4,2,0,0,3,0,0,0,0,0,0,0,1,1,0,0,0,1,3.7647351787255054,2.725480556997868,4,0,https://www.dpdlocorj.shop/com,1
30,9,4,2,0,0,3,0,0,0,0,0,0,0,1,1,0,0,0,1,3.6729055953200564,2.4193819456463714,4,0,https://www.dpdlocord.shop/com,1
30,9,4,2,0,0,3,0,0,0,0,0,0,0,1,1,0,0,0,1,3.7647351787255054,2.725480556997868,4,0,https://www.dpdlocorg.shop/com,1
30,9,4,2,0,0,3,0,0,0,0,0,0,0,1,1,0,0,0,1,3.7647351787255054,2.725480556997868,4,0,https://www.dpdlocoeu.shop/com,1
30,9,4,2,0,0,3,0,0,0,0,0,0,0,1,1,0,0,0,1,3.6980685120588386,2.5032583347756456,4,0,https://www.dpdlocoqq.shop/com,1
30,9,4,2,0,0,3,0,0,0,0,0,0,0,1,1,0,0,0,1,3.7647351787255054,2.725480556997868,4,0,https://www.dpdlocorx.shop/com,1
30,9,4,2,0,0,3,0,0,0,0,0,0,0,1,1,0,0,0,1,3.7647351787255054,2.725480556997868,4,0,https://www.dpdlocorv.shop/com,1
30,9,4,2,0,0,3,0,0,0,0,0,0,0,1,1,0,0,0,1,3.6729055953200564,2.725480556997868,4,0,https://www.dpdlocort.shop/com,1
30,9,4,2,0,0,3,0,0,0,0,0,0,0,1,1,0,0,0,1,3.6729055953200564,2.725480556997868,4,0,https://www.dpdlocors.shop/com,1
30,9,4,2,0,0,3,0,0,0,0,0,0,0,1,1,0,0,0,1,3.6444138295776116,2.4193819456463714,4,0,https://www.dpdlocoro.shop/com,1
30,9,4,2,0,0,3,0,0,0,0,0,0,0,1,1,0,0,0,1,3.6980685120588386,2.725480556997868,4,0,https://www.dpdlocorm.shop/com,1
30,9,4,2,0,0,3,0,0,0,0,0,0,0,1,1,0,0,0,1,3.6729055953200564,2.725480556997868,4,0,https://www.dpdlocorh.shop/com,1
30,9,4,2,0,0,3,0,0,0,0,0,0,0,1,1,0,0,0,1,3.6729055953200564,2.5032583347756456,4,0,https://www.dpdlocorc.shop/com,1
30,9,4,2,0,0,3,0,0,0,0,0,0,0,1,1,0,0,0,1,3.6444138295776116,2.4193819456463714,4,0,https://www.dpdlocoqo.shop/com,1
30,9,4,2,0,0,3,0,0,0,0,0,0,0,1,1,0,0,0,1,3.7647351787255054,2.725480556997868,4,0,https://www.dpdlocoqe.shop/com,1
30,9,4,2,0,0,3,0,0,0,0,0,0,0,1,1,0,0,0,1,3.7647351787255054,2.725480556997868,4,0,https://www.dpdlocoej.shop/com,1
30,9,4,2,0,0,3,0,0,0,0,0,0,0,1,1,0,0,0,1,3.7647351787255054,2.725480556997868,4,0,https://www.dpdlocoex.shop/com,1
30,9,4,2,0,0,3,0,0,0,0,0,0,0,1,1,0,0,0,1,3.6729055953200564,2.5032583347756456,4,0,https://www.dpdlocoec.shop/com,1
30,9,4,2,0,0,3,0,0,0,0,0,0,0,1,1,0,0,0,1,3.7647351787255054,2.725480556997868,4,0,https://www.dpdlocoeg.shop/com,1
30,9,4,2,0,0,3,0,0,0,0,0,0,0,1,1,0,0,0,1,3.6729055953200564,2.725480556997868,4,0,https://www.dpdlocoeh.shop/com,1
30,9,4,2,0,0,3,0,0,0,0,0,0,0,1,1,0,0,0,1,3.7647351787255054,2.725480556997868,4,0,https://www.dpdlocoei.shop/com,1
30,9,4,2,0,0,3,0,0,0,0,0,0,0,1,1,0,0,0,1,3.7647351787255054,2.725480556997868,4,0,https://www.dpdlocoea.shop/com,1
30,9,4,2,0,0,3,0,0,0,0,0,0,0,1,1,0,0,0,1,3.7647351787255054,2.725480556997868,4,0,https://www.dpdlocoer.shop/com,1
30,9,4,2,0,0,3,0,0,0,0,0,0,0,1,1,0,0,0,1,3.6729055953200564,2.725480556997868,4,0,https://www.dpdlocoes.shop/com,1
30,9,4,2,0,0,3,0,0,0,0,0,0,0,1,1,0,0,0,1,3.6565647621309543,2.5032583347756456,4,0,https://www.dpdlocoep.shop/com,1
30,9,4,2,0,0,3,0,0,0,0,0,0,0,1,1,0,0,0,1,3.7647351787255054,2.725480556997868,4,0,https://www.dpdlocoef.shop/com,1
30,9,4,2,0,0,3,0,0,0,0,0,0,0,1,1,0,0,0,1,3.6980685120588386,2.5032583347756456,4,0,https://www.dpdlocoee.shop/com,1
30,9,4,2,0,0,3,0,0,0,0,0,0,0,1,1,0,0,0,1,3.7647351787255054,2.725480556997868,4,0,https://www.dpdlocoeb.shop/com,1
30,9,4,2,0,0,3,0,0,0,0,0,0,0,1,1,0,0,0,1,3.6980685120588386,2.725480556997868,4,0,https://www.dpdlocoem.shop/com,1
30,9,4,2,0,0,3,0,0,0,0,0,0,0,1,1,0,0,0,1,3.7647351787255054,2.725480556997868,4,0,https://www.dpdlocoen.shop/com,1
42,7,23,1,0,0,5,0,0,0,0,0,5,0,1,0,0,0,0,0,4.556140863760575,2.8073549220576046,3,1,https://6mp2qzn.top/o3brvzmp/lu3w5C/JTdLzP,1
30,9,4,2,0,0,3,0,0,0,0,0,0,0,1,1,0,0,0,1,3.6565647621309543,2.725480556997868,4,0,https://www.dpdlocoew.shop/com,1
30,9,4,2,0,0,3,0,0,0,0,0,0,0,1,1,0,0,0,1,3.7647351787255054,2.725480556997868,4,0,https://www.dpdlocoev.shop/com,1
30,9,4,2,0,0,3,0,0,0,0,0,0,0,1,1,0,0,0,1,3.7647351787255054,2.725480556997868,4,0,https://www.dpdlocoey.shop/com,1
30,9,4,2,0,0,3,0,0,0,0,0,0,0,1,1,0,0,0,1,3.6444138295776116,2.4193819456463714,4,0,https://www.dpdlocoeo.shop/com,1
30,9,4,2,0,0,3,0,0,0,0,0,0,0,1,1,0,0,0,1,3.7647351787255054,2.725480556997868,4,0,https://www.dpdlocoeq.shop/com,1
30,9,4,2,0,0,3,0,0,0,0,0,0,0,1,1,0,0,0,1,3.7647351787255054,2.725480556997868,4,0,https://www.dpdlocoek.shop/com,1
30,9,4,2,0,0,3,0,0,0,0,0,0,0,1,1,0,0,0,1,3.6729055953200564,2.4193819456463714,4,0,https://www.dpdlocoed.shop/com,1
30,9,4,2,0,0,3,0,0,0,0,0,0,0,1,1,0,0,0,1,3.6729055953200564,2.725480556997868,4,0,https://www.dpdlocoet.shop/com,1
43,8,23,1,0,0,5,0,0,0,0,0,11,0,1,0,0,0,0,0,4.859647825013719,3.0,3,1,https://68420591.xyz/o3brvzmp/lu3w5C/JTdLzP,1
43,8,23,1,0,0,5,0,0,0,0,0,11,0,1,0,0,0,0,0,4.842092301707592,3.0,3,1,https://68392047.xyz/o3brvzmp/lu3w5C/JTdLzP,1
43,8,23,1,0,0,5,0,0,0,0,0,11,0,1,0,0,0,0,0,4.842092301707592,3.0,3,1,https://67410293.xyz/o3brvzmp/lu3w5C/JTdLzP,1
43,8,23,1,0,0,5,0,0,0,0,0,11,0,1,0,0,0,0,0,4.842092301707592,3.0,3,1,https://64820371.xyz/o3brvzmp/lu3w5C/JTdLzP,1
43,8,23,1,0,0,5,0,0,0,0,0,11,0,1,0,0,0,0,0,4.859647825013719,3.0,3,1,https://61854027.xyz/o3brvzmp/lu3w5C/JTdLzP,1
42,7,23,1,0,0,5,0,0,0,0,0,5,0,1,0,0,0,0,0,4.58578639942335,2.8073549220576046,3,1,https://5qz1wka.top/o3brvzmp/lu3w5C/JTdLzP,1
42,7,23,1,0,0,5,0,0,0,0,0,5,0,1,0,0,0,0,0,4.496849792435026,2.8073549220576046,3,1,https://5qmn2tp.top/o3brvzmp/lu3w5C/JTdLzP,1
22,9,1,1,0,0,3,0,0,0,0,0,6,0,1,0,0,0,0,0,3.7544418457133455,2.6416041678685938,3,0,https://mrl260003.pro/,1
28,9,7,2,0,0,3,0,0,0,0,0,6,0,1,0,0,0,0,0,3.8248629576173565,2.6416041678685938,3,0,https://mrl260003.pro/as.php,1
42,7,23,1,0,0,5,0,0,0,0,0,5,0,1,0,0,0,0,0,4.669352470954944,2.8073549220576046,3,0,https://5mk9vpq.cfd/o3brvzmp/lu3w5C/JTdLzP,1
43,8,23,1,0,0,5,0,0,0,0,0,11,0,1,0,0,0,0,0,4.7955806738006155,3.0,3,1,https://59230187.xyz/o3brvzmp/lu3w5C/JTdLzP,1
26,9,5,1,0,0,3,0,0,0,0,0,0,0,1,0,0,0,1,0,3.5843031793467124,2.94770277922009,3,0,https://microsoft.com/docs,0
32,10,6,2,0,0,3,0,0,0,0,0,0,0,1,1,0,0,0,1,4.054229296672175,3.1219280948873624,3,0,https://www.cloudflare.com/terms,0
24,7,5,1,0,0,3,0,0,0,0,0,0,0,1,0,0,0,0,0,3.9387218755408675,2.5216406363433186,3,0,https://booking.com/help,0
27,3,8,2,0,0,3,0,0,0,0,0,0,0,1,1,0,0,0,1,3.9582291686698783,1.584962500721156,3,0,https://www.ibm.com/privacy,0
29,7,6,2,0,0,3,0,0,0,0,0,0,0,1,1,0,0,0,1,3.9262723741395074,2.8073549220576046,3,0,https://www.shopify.com/about,0
28,11,5,1,0,0,3,0,0,0,0,0,0,0,1,0,0,0,0,0,4.012188403968661,3.095795255000934,3,0,https://arstechnica.com/blog,0
32,8,8,2,0,0,3,0,0,0,0,0,0,0,1,1,0,0,0,1,4.015319531114783,2.75,3,0,https://www.coursera.org/privacy,0
24,7,1,2,0,0,3,0,0,0,0,0,0,0,1,1,0,0,0,1,3.605388542207534,2.5216406363433186,3,0,https://www.walmart.com/,0
28,7,9,1,0,0,3,0,0,0,0,0,0,0,1,0,0,0,0,0,3.8962915290459277,2.2359263506290326,3,0,https://harvard.edu/download,0
28,5,7,2,0,0,3,0,0,0,0,0,0,0,1,1,0,0,0,1,3.7264741182543752,1.9219280948873623,3,0,https://www.cisco.com/search,0
25,7,6,1,0,0,3,0,0,0,0,0,0,0,1,0,0,0,0,0,4.053660689688186,2.8073549220576046,3,0,https://netflix.com/about,0
31,10,5,2,0,0,3,0,0,0,0,0,0,0,1,1,0,0,0,1,3.784368487596862,2.6464393446710157,3,0,https://www.techcrunch.com/team,0
31,7,8,2,0,0,3,0,0,0,0,0,0,0,1,1,0,0,0,1,4.018081793978686,2.2359263506290326,3,0,https://www.reuters.com/privacy,0
37,13,8,2,0,0,3,0,0,0,0,0,0,0,1,1,0,0,0,1,4.208924987016683,3.546593564294939,3,0,https://www.stackoverflow.com/pricing,0
30,9,5,2,0,0,3,0,0,0,0,0,0,0,1,1,0,0,0,1,3.869576746316394,2.6416041678685938,3,0,https://www.wikipedia.org/news,0
34,12,6,2,0,0,3,0,0,0,0,0,0,0,1,1,0,0,0,1,4.1162996057016965,3.2516291673878226,3,0,https://www.digitalocean.com/about,0
25,4,9,1,0,0,3,0,0,0,0,0,0,0,1,0,0,0,1,0,4.023465189601647,2.0,3,0,https://ebay.com/download,0
26,7,7,1,0,0,3,0,0,0,0,0,0,0,1,0,0,0,0,0,3.7962176025900565,2.128085278891395,3,0,https://outlook.com/search,0
34,9,9,2,0,0,3,0,0,0,0,0,0,0,1,1,0,0,0,1,3.8077635764171944,2.725480556997868,3,0,https://www.pinterest.com/services,0
26,4,6,2,0,0,3,0,0,0,0,0,0,0,1,1,0,0,0,1,3.8441065448145384,2.0,3,0,https://www.espn.com/about,0
29,5,8,2,0,0,3,0,0,0,0,0,0,0,1,1,0,0,0,1,3.7588670992335302,2.321928094887362,3,0,https://www.intel.com/contact,0
23,6,5,1,0,0,3,0,0,0,0,0,0,0,1,0,0,0,0,0,3.795088586397732,2.2516291673878226,3,0,https://nvidia.com/docs,0
22,5,5,1,0,0,3,0,0,0,0,0,0,0,1,0,0,0,0,0,3.6978458230844127,2.321928094887362,3,0,https://udemy.com/docs,0
35,10,9,2,0,0,3,0,0,0,0,0,0,0,1,1,0,0,0,1,3.868169717304463,2.6464393446710157,3,0,https://www.techcrunch.com/services,0
26,4,6,2,0,0,3,0,0,0,0,0,0,0,1,1,0,0,0,1,3.6133373140453076,2.0,3,0,https://www.espn.com/press,0
27,4,7,2,0,0,3,0,0,0,0,0,0,0,1,1,0,0,0,1,4.032303242743953,2.0,3,0,https://www.bing.com/search,0
27,7,4,2,0,0,3,0,0,0,0,0,0,0,1,1,0,0,0,1,3.8561962982193796,2.8073549220576046,3,0,https://www.nytimes.com/api,0
24,6,6,1,0,0,3,0,0,0,0,0,0,0,1,0,0,0,0,0,3.9387218755408675,2.2516291673878226,3,0,https://nvidia.com/press,0
35,10,9,2,0,0,3,0,0,0,0,0,0,0,1,1,0,0,0,1,4.000432302535626,2.9219280948873623,3,0,https://www.salesforce.com/download,0
19,6,1,1,0,0,3,0,0,0,0,0,0,0,1,0,0,0,0,0,3.5766176449086666,2.2516291673878226,3,0,https://target.com/,0
20,7,1,1,0,0,3,0,0,0,0,0,0,0,1,0,0,0,0,0,3.6464393446710157,2.5216406363433186,3,0,https://youtube.com/,0
25,4,6,2,0,0,3,0,0,0,0,0,0,0,1,1,0,0,0,1,3.623465189601647,1.5,2,0,https://www.zoom.us/press,0
27,7,8,1,0,0,3,0,0,0,0,0,0,0,1,0,0,0,0,0,3.8561962982193796,2.8073549220576046,3,0,https://shopify.com/pricing,0
25,3,6,2,0,0,3,0,0,0,0,0,0,0,1,1,0,0,0,1,3.6732696895151085,0.9182958340544896,3,0,https://www.cnn.com/terms,0
29,9,8,1,0,0,3,0,0,0,0,0,0,0,1,0,0,0,1,0,3.8833374604210062,2.6416041678685938,3,0,https://wikipedia.org/support,0
21,4,5,1,0,0,3,0,0,0,0,0,0,0,1,0,0,0,0,0,3.558518613048906,2.0,3,0,https://espn.com/docs,0
27,10,5,1,0,0,3,0,0,0,0,0,0,0,1,0,0,0,0,0,3.782122224145305,2.9219280948873623,3,0,https://salesforce.com/help,0
29,8,5,2,0,0,3,0,0,0,0,0,0,0,1,1,0,0,0,1,3.771437029461126,2.4056390622295662,3,0,https://www.theverge.com/team,0
31,9,6,2,0,0,3,0,0,0,0,0,0,0,1,1,0,0,1,1,3.7600172778496534,2.94770277922009,3,0,https://www.microsoft.com/press,0
22,6,4,1,0,0,3,0,0,0,0,0,0,0,1,0,0,0,0,0,3.936260027531527,2.2516291673878226,3,0,https://reddit.com/faq,0
29,10,7,1,0,0,3,0,0,0,0,0,0,0,1,0,0,0,0,0,3.745406425938248,2.9219280948873623,3,0,https://salesforce.com/search,0
29,5,8,2,0,0,3,0,0,0,0,0,0,0,1,1,0,0,0,1,4.004364184708142,2.321928094887362,3,0,https://www.wired.com/privacy,0
31,7,8,2,0,0,3,0,0,0,0,0,0,0,1,1,0,0,0,1,4.082597923010944,2.8073549220576046,3,0,https://www.netflix.com/pricing,0
28,5,7,2,0,0,3,0,0,0,0,0,0,0,1,1,0,0,0,1,3.8962915290459277,2.321928094887362,3,0,https://www.adobe.com/search,0
28,7,5,2,0,0,3,0,0,0,0,0,0,0,1,1,0,0,0,1,3.5939917630919935,2.128085278891395,3,0,https://www.twitter.com/news,0
22,4,6,1,0,0,3,0,0,0,0,0,0,0,1,0,0,0,0,0,3.6978458230844122,2.0,3,0,https://cnet.com/about,0
29,5,8,2,0,0,3,0,0,0,0,0,0,0,1,1,0,0,0,1,3.9523029776623857,1.9219280948873623,3,0,https://www.yahoo.com/pricing,0
24,3,5,2,0,0,3,0,0,0,0,0,0,0,1,1,0,0,0,1,3.7720552088742005,1.584962500721156,3,0,https://www.ibm.com/help,0
23,6,5,1,0,0,3,0,0,0,0,0,0,0,1,0,0,0,1,0,3.609668477419888,1.9182958340544896,3,0,https://paypal.com/team,0
27,7,4,2,0,0,3,0,0,0,0,0,0,0,1,1,0,0,0,1,3.7541634277688805,2.8073549220576046,3,0,https://www.spotify.com/api,0
24,5,7,1,0,0,3,0,0,0,0,0,0,0,1,0,0,0,0,0,3.7406015629507228,1.9219280948873623,3,0,https://yahoo.com/events,0
28,7,9,1,0,0,3,0,0,0,0,0,0,0,1,0,0,0,0,0,3.9102329406731844,2.128085278891395,3,0,https://twitter.com/download,0
21,4,1,2,0,0,3,0,0,0,0,0,0,0,1,1,0,0,0,1,3.558518613048906,1.5,3,0,https://www.nasa.gov/,0
31,12,7,1,0,0,3,0,0,0,0,0,0,0,1,0,0,0,0,0,4.018081793978686,3.2516291673878226,3,0,https://digitalocean.com/search,0
24,4,4,2,0,0,3,0,0,0,0,0,0,0,1,1,0,0,0,1,3.6572682296173893,1.5,3,0,https://www.nasa.gov/api,0
26,7,7,1,0,0,3,0,0,0,0,0,0,0,1,0,0,0,0,0,3.7671834678914613,2.5216406363433186,3,0,https://discord.com/search,0
21,4,5,1,0,0,3,0,0,0,0,0,0,0,1,0,0,0,1,0,3.7849418274376427,2.0,3,0,https://ebay.com/help,0
29,5,8,2,0,0,3,0,0,0,0,0,0,0,1,1,0,0,0,1,3.745406425938248,1.9219280948873623,3,0,https://www.cisco.com/pricing,0
29,8,5,2,0,0,3,0,0,0,0,0,0,0,1,1,0,0,0,1,3.8143719431796272,2.75,3,0,https://www.coursera.org/news,0
28,4,8,2,0,0,3,0,0,0,0,0,0,0,1,1,0,0,1,1,4.039148671903071,2.0,3,0,https://www.ebay.com/privacy,0
23,5,6,1,0,0,3,0,0,0,0,0,0,0,1,0,0,0,0,0,3.609668477419888,1.9219280948873623,3,0,https://cisco.com/about,0
25,5,8,1,0,0,3,0,0,0,0,0,0,0,1,0,0,0,1,0,3.5932696895151084,1.9219280948873623,3,0,https://yahoo.com/support,0
24,8,4,1,0,0,3,0,0,0,0,0,0,0,1,0,0,0,0,0,3.855388542207534,3.0,3,0,https://stanford.edu/faq,0
26,6,8,1,0,0,3,0,0,0,0,0,0,0,1,0,0,0,1,0,3.5073801024236353,2.2516291673878226,3,0,https://amazon.com/contact,0
27,6,5,2,0,0,3,0,0,0,0,0,0,0,1,1,0,0,0,1,3.763965742824081,2.2516291673878226,3,0,https://www.target.com/news,0
34,8,10,2,0,0,3,0,0,0,0,0,0,0,1,1,0,0,0,1,3.917626443873359,3.0,3,0,https://www.stanford.edu/resources,0
29,6,7,2,0,0,3,0,0,0,0,0,0,0,1,1,0,0,0,1,3.978333581185264,2.584962500721156,3,0,https://www.github.com/events,0
23,4,7,1,0,0,3,0,0,0,0,0,0,0,1,0,0,0,0,0,3.522711955680758,2.0,3,0,https://espn.com/events,0
27,6,9,1,0,0,3,0,0,0,0,0,0,0,1,0,0,0,1,0,3.9302703722934536,1.9182958340544896,3,0,https://paypal.com/services,0
29,7,10,1,0,0,3,0,0,0,0,0,0,0,1,0,0,0,0,0,3.7193758224153695,2.5216406363433186,3,0,https://discord.com/resources,0
31,6,9,2,0,0,3,0,0,0,0,0,0,0,1,1,0,0,1,1,3.913400745661378,1.9182958340544896,3,0,https://www.paypal.com/products,0
25,4,5,2,0,0,3,0,0,0,0,0,0,0,1,1,0,0,0,1,3.623465189601647,2.0,3,0,https://www.cnet.com/team,0
29,4,9,2,0,0,3,0,0,0,0,0,0,0,1,1,0,0,0,1,4.021268494903765,2.0,3,0,https://www.bing.com/services,0
33,7,10,2,0,0,3,0,0,0,0,0,0,0,1,1,0,0,0,1,3.8471282101364253,2.8073549220576046,3,0,https://www.spotify.com/solutions,0
28,7,9,1,0,0,3,0,0,0,0,0,0,0,1,0,0,0,0,0,3.6725535823855564,2.2359263506290326,3,0,https://harvard.edu/features,0
36,10,10,2,0,0,3,0,0,0,0,0,0,0,1,1,0,0,0,1,3.9885548621928453,2.5219280948873624,3,0,https://www.duckduckgo.com/community,0
28,7,5,2,0,0,3,0,0,0,0,0,0,0,1,1,0,0,0,1,4.012188403968661,2.8073549220576046,3,0,https://www.nytimes.com/blog,0
22,5,1,2,0,0,3,0,0,0,0,0,0,0,1,1,0,0,1,1,3.629219686524097,1.9219280948873623,3,0,https://www.apple.com/,0
31,13,6,1,0,0,3,0,0,0,0,0,0,0,1,0,0,0,0,0,3.977916874693636,3.546593564294939,3,0,https://stackoverflow.com/terms,0
32,10,10,1,0,0,3,0,0,0,0,0,0,0,1,0,0,0,0,0,3.8431390622295662,2.5219280948873624,3,0,https://duckduckgo.com/resources,0
25,5,4,2,0,0,3,0,0,0,0,0,0,0,1,1,0,0,0,1,3.9434651896016475,2.321928094887362,3,0,https://www.adobe.com/faq,0
28,5,7,2,0,0,3,0,0,0,0,0,0,0,1,1,0,0,1,1,3.797902689682947,1.9219280948873623,3,0,https://www.apple.com/search,0
25,5,4,2,0,0,3,0,0,0,0,0,0,0,1,1,0,0,1,1,3.8332696895151086,1.9219280948873623,3,0,https://www.apple.com/faq,0
23,4,7,1,0,0,3,0,0,0,0,0,0,0,1,0,0,0,0,0,3.8492239123906247,2.0,3,0,https://bing.com/events,0
26,6,8,1,0,0,3,0,0,0,0,0,0,0,1,0,0,0,0,0,3.9790978911348054,2.2516291673878226,3,0,https://airbnb.com/privacy,0
23,5,6,1,0,0,3,0,0,0,0,0,0,0,1,0,0,0,0,0,3.7622673906514943,2.321928094887362,3,0,https://quora.com/press,0
26,6,8,1,0,0,3,0,0,0,0,0,0,0,1,0,0,0,0,0,4.026986833359287,2.2516291673878226,3,0,https://medium.com/privacy,0
28,8,8,1,0,0,3,0,0,0,0,0,0,0,1,0,0,0,0,0,4.039148671903071,2.5,3,0,https://linkedin.com/careers,0
24,7,5,1,0,0,3,0,0,0,0,0,0,0,1,0,0,0,0,0,3.855388542207534,2.2359263506290326,3,0,https://reuters.com/blog,0
29,7,10,1,0,0,3,0,0,0,0,0,0,0,1,0,0,0,0,0,3.8143719431796272,2.8073549220576046,3,0,https://nytimes.com/resources,0
23,6,5,1,0,0,3,0,0,0,0,0,0,0,1,0,0,0,0,0,3.7622673906514943,2.2516291673878226,3,0,https://medium.com/help,0
26,5,9,1,0,0,3,0,0,0,0,0,0,0,1,0,0,0,0,0,3.997952698660692,2.321928094887362,3,0,https://udemy.com/download,0
29,7,10,1,0,0,3,0,0,0,0,0,0,0,1,0,0,0,0,0,3.8404025467025056,2.5216406363433186,3,0,https://bestbuy.com/community,0
25,3,6,2,0,0,3,0,0,0,0,0,0,0,1,1,0,0,0,1,3.6732696895151085,0.9182958340544896,3,0,https://www.bbc.com/press,0
32,7,9,2,0,0,3,0,0,0,0,0,0,0,1,1,0,0,0,1,4.093139062229566,2.5216406363433186,3,0,https://www.booking.com/services,0
31,7,8,2,0,0,3,0,0,0,0,0,0,0,1,1,0,0,0,1,3.861476859389223,2.5216406363433186,3,0,https://www.bestbuy.com/contact,0
27,5,6,2,0,0,3,0,0,0,0,0,0,0,1,1,0,0,0,1,3.7541634277688805,1.9219280948873623,3,0,https://www.yahoo.com/terms,0
28,7,9,1,0,0,3,0,0,0,0,0,0,0,1,0,0,0,0,0,3.851823225551766,2.5216406363433186,3,0,https://walmart.com/products,0
24,4,8,1,0,0,3,0,0,0,0,0,0,0,1,0,0,0,0,0,3.6572682296173893,2.0,3,0,https://espn.com/careers,0
22,3,7,1,0,0,3,0,0,0,0,0,0,0,1,0,0,0,0,0,3.572623663895164,1.584962500721156,3,0,https://mit.edu/events,0
26,9,5,1,0,0,3,0,0,0,0,0,0,0,1,0,0,0,0,0,3.95006375643621,2.6416041678685938,3,0,https://wikipedia.org/news,0
25,9,4,1,0,0,3,0,0,0,0,0,0,0,1,0,0,0,0,0,3.7532696895151085,2.94770277922009,3,0,https://instagram.com/api,0
24,6,6,1,0,0,3,0,0,0,0,0,0,0,1,0,0,0,0,0,3.688721875540867,2.2516291673878226,3,0,https://medium.com/terms,0
29,4,9,2,0,0,3,0,0,0,0,0,0,0,1,1,0,0,0,1,3.8143719431796272,2.0,3,0,https://www.cnet.com/download,0
31,7,8,2,0,0,3,0,0,0,0,0,0,0,1,1,0,0,0,1,3.977916874693636,2.128085278891395,3,0,https://www.outlook.com/pricing,0
26,6,4,2,0,0,3,0,0,0,0,0,0,0,1,1,0,0,0,1,3.825251737288651,2.584962500721156,3,0,https://www.apnews.com/faq,0
24,7,5,1,0,0,3,0,0,0,0,0,0,0,1,0,0,0,0,0,3.855388542207534,2.5216406363433186,3,0,https://walmart.com/news,0
24,7,5,1,0,0,3,0,0,0,0,0,0,0,1,0,0,0,0,0,3.8239348962840563,2.5216406363433186,3,0,https://bestbuy.com/news,0
28,7,9,1,0,0,3,0,0,0,0,0,0,0,1,0,0,0,0,0,3.770942421748537,2.128085278891395,3,0,https://twitter.com/features,0
30,4,10,2,0,0,3,0,0,0,0,0,0,0,1,1,0,0,0,1,3.8062389286533898,2.0,3,0,https://www.cnet.com/solutions,0
33,8,9,2,0,0,3,0,0,0,0,0,0,0,1,1,0,0,0,1,3.9683403313485464,2.75,3,0,https://www.coursera.org/download,0
32,11,5,2,0,0,3,0,0,0,0,0,0,0,1,1,0,0,0,1,3.8431390622295662,3.095795255000934,3,0,https://www.arstechnica.com/team,0
32,7,9,2,0,0,3,0,0,0,0,0,0,0,1,1,0,0,0,1,4.218139062229566,2.5216406363433186,3,0,https://www.booking.com/features,0
31,6,9,2,0,0,3,0,0,0,0,0,0,0,1,1,0,0,0,1,4.018081793978686,2.2516291673878226,3,0,https://www.nvidia.com/services,0
29,9,4,2,0,0,3,0,0,0,0,0,0,0,1,1,0,0,0,1,3.8143719431796272,2.725480556997868,3,0,https://www.pinterest.com/api,0
27,5,10,1,0,0,3,0,0,0,0,0,0,0,1,0,0,0,0,0,3.6060152796207325,1.9219280948873623,3,0,https://cisco.com/community,0
28,7,5,2,0,0,3,0,0,0,0,0,0,0,1,1,0,0,0,1,3.797902689682947,2.2359263506290326,3,0,https://www.harvard.edu/help,0
28,5,7,2,0,0,3,0,0,0,0,0,0,0,1,1,0,0,0,1,3.8962915290459277,2.321928094887362,3,0,https://www.quora.com/search,0
29,8,9,1,0,0,3,0,0,0,0,0,0,0,1,0,0,0,0,0,3.8833374604210062,3.0,3,0,https://stanford.edu/download,0
32,9,7,2,0,0,3,0,0,0,0,0,0,0,1,1,0,0,0,1,3.8042292966721747,2.725480556997868,3,0,https://www.wordpress.com/events,0
31,5,10,2,0,0,3,0,0,0,0,0,0,0,1,1,0,0,0,1,3.913400745661378,2.321928094887362,3,0,https://www.intel.com/community,0
27,7,8,1,0,0,3,0,0,0,0,0,0,0,1,0,0,0,0,0,3.9582291686698783,2.2359263506290326,3,0,https://harvard.edu/pricing,0
28,7,5,2,0,0,3,0,0,0,0,0,0,0,1,1,0,0,0,1,3.8962915290459277,2.8073549220576046,3,0,https://www.netflix.com/news,0
30,9,5,2,0,0,3,0,0,0,0,0,0,0,1,1,0,0,0,1,3.8980685120588388,2.94770277922009,3,0,https://www.instagram.com/news,0
31,10,5,2,0,0,3,0,0,0,0,0,0,0,1,1,0,0,0,1,3.953565664946428,2.5219280948873624,3,0,https://www.duckduckgo.com/team,0
27,3,8,2,0,0,3,0,0,0,0,0,0,0,1,1,0,0,0,1,3.8561962982193796,1.584962500721156,3,0,https://www.ibm.com/pricing,0
28,7,5,2,0,0,3,0,0,0,0,0,0,0,1,1,0,0,0,1,3.8962915290459277,2.5216406363433186,3,0,https://www.dropbox.com/blog,0
29,7,6,2,0,0,3,0,0,0,0,0,0,0,1,1,0,0,0,1,3.788341339656749,2.128085278891395,3,0,https://www.outlook.com/press,0
22,3,7,1,0,0,3,0,0,0,0,0,0,0,1,0,0,0,0,0,3.5383105956150063,0.9182958340544896,3,0,https://cnn.com/events,0
27,9,6,1,0,0,3,0,0,0,0,0,0,0,1,0,0,0,0,0,3.7821222241453056,2.94770277922009,3,0,https://instagram.com/terms,0
31,11,4,2,0,0,3,0,0,0,0,0,0,0,1,1,0,0,0,1,4.082597923010944,3.277613436819116,3,0,https://www.theguardian.com/api,0
28,11,5,1,0,0,3,0,0,0,0,0,0,0,1,0,0,0,0,0,3.8423709931771084,3.095795255000934,3,0,https://arstechnica.com/help,0
27,6,5,2,0,0,3,0,0,0,0,0,0,0,1,1,0,0,0,1,3.7541634277688805,1.9182958340544896,3,0,https://www.google.com/team,0
21,4,5,1,0,0,3,0,0,0,0,0,0,0,1,0,0,0,0,0,3.7849418274376427,2.0,3,0,https://bing.com/docs,0
23,7,4,1,0,0,3,0,0,0,0,0,0,0,1,0,0,0,0,0,3.7622673906514943,2.2359263506290326,3,0,https://reuters.com/api,0
32,8,8,2,0,0,3,0,0,0,0,0,0,0,1,1,0,0,0,1,4.116729296672175,2.5,3,0,https://www.linkedin.com/careers,0
32,7,9,2,0,0,3,0,0,0,0,0,0,0,1,1,0,0,0,1,3.7806390622295662,2.2359263506290326,3,0,https://www.reuters.com/features,0
29,7,10,1,0,0,3,0,0,0,0,0,0,0,1,0,0,0,0,0,3.7623107361338706,2.128085278891395,3,0,https://twitter.com/solutions,0
26,3,7,2,0,0,3,0,0,0,0,0,0,0,1,1,0,0,0,1,3.6612262562697895,0.9182958340544896,3,0,https://www.cnn.com/events,0
24,4,4,2,0,0,3,0,0,0,0,0,0,0,1,1,0,0,0,1,3.8239348962840563,2.0,3,0,https://www.cnet.com/faq,0
29,7,6,2,0,0,3,0,0,0,0,0,0,0,1,1,0,0,0,1,3.788341339656749,2.2359263506290326,3,0,https://www.harvard.edu/terms,0
26,7,7,1,0,0,3,0,0,0,0,0,0,0,1,0,0,0,0,0,3.6321921215711943,2.2359263506290326,3,0,https://reuters.com/search,0
26,5,5,2,0,0,3,0,0,0,0,0,0,0,1,1,0,0,0,1,3.825251737288651,2.321928094887362,3,0,https://www.wired.com/help,0
34,8,10,2,0,0,3,0,0,0,0,0,0,0,1,1,0,0,0,1,4.057476076289932,2.4056390622295662,3,0,https://www.theverge.com/community,0
27,6,9,1,0,0,3,0,0,0,0,0,0,0,1,0,0,0,0,0,3.6339740759971573,2.584962500721156,3,0,https://stripe.com/services,0
34,11,7,2,0,0,3,0,0,0,0,0,0,0,1,1,0,0,0,1,4.094097032108653,3.277613436819116,3,0,https://www.theguardian.com/search,0
27,7,4,2,0,0,3,0,0,0,0,0,0,0,1,1,0,0,0,1,3.7080481500712312,2.5216406363433186,3,0,https://www.walmart.com/api,0
35,9,10,2,0,0,3,0,0,0,0,0,0,0,1,1,0,0,0,1,3.9928705166358998,2.6416041678685938,3,0,https://www.wikipedia.org/resources,0
31,11,4,2,0,0,3,0,0,0,0,0,0,0,1,1,0,0,0,1,4.195816471537619,3.027169118440619,3,0,https://www.khanacademy.org/faq,0
28,7,9,1,0,0,3,0,0,0,0,0,0,0,1,0,0,0,0,0,4.012188403968661,2.5216406363433186,3,0,https://booking.com/services,0
29,5,8,2,0,0,3,0,0,0,0,0,0,0,1,1,0,0,0,1,4.1162646156680225,2.321928094887362,3,0,https://www.udemy.com/pricing,0
24,6,6,1,0,0,3,0,0,0,0,0,0,0,1,0,0,0,0,0,3.855388542207534,2.584962500721156,3,0,https://apnews.com/about,0
33,12,9,1,0,0,3,0,0,0,0,0,0,0,1,0,0,0,0,0,4.0586569977529745,3.2516291673878226,3,0,https://digitalocean.com/services,0
35,10,9,2,0,0,3,0,0,0,0,0,0,0,1,1,0,0,0,1,4.107156230921614,2.5219280948873624,3,0,https://www.duckduckgo.com/features,0
27,8,7,1,0,0,3,0,0,0,0,0,0,0,1,0,0,0,0,0,3.902311575917029,2.5,3,0,https://linkedin.com/events,0
27,5,10,1,0,0,3,0,0,0,0,0,0,0,1,0,0,0,0,0,4.0043444463675275,2.321928094887362,3,0,https://wired.com/community,0
32,7,9,2,0,0,3,0,0,0,0,0,0,0,1,1,0,0,0,1,4.030639062229566,2.5216406363433186,3,0,https://www.discord.com/features,0
21,4,5,1,0,0,3,0,0,0,0,0,0,0,1,0,0,0,0,0,3.844232898763192,2.0,3,0,https://bing.com/team,0
29,6,7,2,0,0,3,0,0,0,0,0,0,0,1,1,0,0,0,1,3.9523029776623857,2.2516291673878226,3,0,https://www.nvidia.com/events,0
29,7,6,2,0,0,3,0,0,0,0,0,0,0,1,1,0,0,0,1,3.624379701651112,2.2359263506290326,3,0,https://www.reuters.com/terms,0
29,5,8,2,0,0,3,0,0,0,0,0,0,0,1,1,0,0,0,1,3.5519705475093923,1.9219280948873623,3,0,https://www.cisco.com/contact,0
19,6,1,1,0,0,3,0,0,0,0,0,0,0,1,0,0,0,1,0,3.536886723742168,1.9182958340544896,3,0,https://paypal.com/,0
31,9,6,2,0,0,3,0,0,0,0,0,0,0,1,1,0,0,0,1,3.913400745661378,2.6416041678685938,3,0,https://www.wikipedia.org/terms,0
27,7,4,2,0,0,3,0,0,0,0,0,0,0,1,1,0,0,0,1,3.81008102052173,2.5216406363433186,3,0,https://www.discord.com/api,0
22,6,4,1,0,0,3,0,0,0,0,0,0,0,1,0,0,0,0,0,3.8796640049025943,2.584962500721156,3,0,https://apnews.com/faq,0
24,6,7,1,0,0,3,0,0,0,0,0,0,0,1,0,0,0,0,0,3.538320189106,2.2516291673878226,2,0,https://twitch.tv/search,0
31,6,9,2,0,0,3,0,0,0,0,0,0,0,1,1,0,0,0,1,3.8975870361235376,2.584962500721156,3,0,https://www.oracle.com/download,0
19,3,4,1,0,0,3,0,0,0,0,0,0,0,1,0,0,0,0,0,3.576617644908666,0.9182958340544896,3,0,https://bbc.com/api,0
27,4,7,2,0,0,3,0,0,0,0,0,0,0,1,1,0,0,0,1,3.782122224145305,2.0,3,0,https://www.espn.com/search,0
29,8,9,1,0,0,3,0,0,0,0,0,0,0,1,0,0,0,0,0,4.064203408622266,2.4056390622295662,3,0,https://theverge.com/download,0
32,6,10,2,0,0,3,0,0,0,0,0,0,0,1,1,0,0,0,1,3.9681390622295662,2.584962500721156,3,0,https://www.oracle.com/solutions,0
21,5,4,1,0,0,3,0,0,0,0,0,0,0,1,0,0,0,1,0,3.5944656369614525,1.9219280948873623,3,0,https://apple.com/api,0
32,7,9,2,0,0,3,0,0,0,0,0,0,0,1,1,0,0,0,1,4.030639062229566,2.5216406363433186,3,0,https://www.dropbox.com/services,0
27,7,8,1,0,0,3,0,0,0,0,0,0,0,1,0,0,0,0,0,4.0043444463675275,2.8073549220576046,3,0,https://netflix.com/careers,0
32,7,9,2,0,0,3,0,0,0,0,0,0,0,1,1,0,0,0,1,3.8514097655573916,2.5216406363433186,3,0,https://www.discord.com/download,0
25,5,4,2,0,0,3,0,0,0,0,0,0,0,1,1,0,0,0,1,3.6732696895151085,1.9219280948873623,3,0,https://www.yahoo.com/api,0
22,5,5,1,0,0,3,0,0,0,0,0,0,0,1,0,0,0,0,0,3.6635327548042547,2.321928094887362,3,0,https://adobe.com/team,0
23,6,1,2,0,0,3,0,0,0,0,0,0,0,1,1,0,0,0,1,3.729446194905256,2.2516291673878226,3,0,https://www.medium.com/,0
28,7,9,1,0,0,3,0,0,0,0,0,0,0,1,0,0,0,0,0,3.869331261111518,2.5216406363433186,3,0,https://bestbuy.com/features,0
27,7,8,1,0,0,3,0,0,0,0,0,0,0,1,0,0,0,0,0,3.6484318362032013,2.128085278891395,3,0,https://twitter.com/careers,0
31,6,9,2,0,0,3,0,0,0,0,0,0,0,1,1,0,0,1,1,4.018081793978686,1.9182958340544896,3,0,https://www.paypal.com/services,0
27,3,8,2,0,0,3,0,0,0,0,0,0,0,1,1,0,0,0,1,3.782122224145305,0.9182958340544896,3,0,https://www.bbc.com/careers,0
27,7,8,1,0,0,3,0,0,0,0,0,0,0,1,0,0,0,0,0,3.8100810205217304,2.2359263506290326,3,0,https://harvard.edu/contact,0
25,5,8,1,0,0,3,0,0,0,0,0,0,0,1,0,0,0,0,0,3.9736606896881863,2.321928094887362,3,0,https://quora.com/pricing,0
26,6,8,1,0,0,3,0,0,0,0,0,0,0,1,0,0,0,0,0,4.026986833359287,2.584962500721156,3,0,https://github.com/privacy,0
33,9,8,2,0,0,3,0,0,0,0,0,0,0,1,1,0,0,0,1,4.028946391954607,2.6416041678685938,3,0,https://www.wikipedia.org/privacy,0
32,11,9,1,0,0,3,0,0,0,0,0,0,0,1,0,0,0,0,0,4.116729296672175,3.027169118440619,3,0,https://khanacademy.org/features,0
27,6,5,2,0,0,3,0,0,0,0,0,0,0,1,1,0,0,0,1,3.7541634277688805,2.584962500721156,3,0,https://www.stripe.com/help,0
19,6,1,1,0,0,3,0,0,0,0,0,0,0,1,0,0,0,0,0,3.6421498816369047,2.584962500721156,3,0,https://github.com/,0
23,7,4,1,0,0,3,0,0,0,0,0,0,0,1,0,0,0,0,0,3.638147696204827,2.128085278891395,3,0,https://twitter.com/api,0
22,4,6,1,0,0,3,0,0,0,0,0,0,0,1,0,0,0,0,0,3.7544418457133455,2.0,3,0,https://espn.com/about,0
29,7,10,1,0,0,3,0,0,0,0,0,0,0,1,0,0,0,0,0,3.745406425938248,2.2359263506290326,3,0,https://harvard.edu/resources,0
26,5,9,1,0,0,3,0,0,0,0,0,0,0,1,0,0,0,0,0,3.5944825065194204,1.9219280948873623,3,0,https://cisco.com/services,0
30,9,5,2,0,0,3,0,0,0,0,0,0,0,1,1,0,0,0,1,3.8980685120588388,2.6416041678685938,3,0,https://www.wikipedia.org/help,0
22,4,7,1,0,0,3,0,0,0,0,0,0,0,1,0,0,0,0,0,3.7544418457133455,1.5,2,0,https://zoom.us/search,0
32,6,10,2,0,0,3,0,0,0,0,0,0,0,1,1,0,0,0,1,3.9681390622295662,1.9182958340544896,3,0,https://www.google.com/community,0
27,6,5,2,0,0,3,0,0,0,0,0,0,0,1,1,0,0,0,1,3.676390632579626,2.2516291673878226,3,0,https://www.target.com/team,0
27,5,10,1,0,0,3,0,0,0,0,0,0,0,1,0,0,0,0,0,3.8100810205217304,2.321928094887362,3,0,https://intel.com/community,0
18,5,1,1,0,0,3,0,0,0,0,0,0,0,1,0,0,0,0,0,3.3082708345352603,1.9219280948873623,3,0,https://cisco.com/,0
30,5,9,2,0,0,3,0,0,0,0,0,0,0,1,1,0,0,0,1,3.7614063297218427,1.9219280948873623,3,0,https://www.yahoo.com/download,0
26,5,5,2,0,0,3,0,0,0,0,0,0,0,1,1,0,0,0,1,3.7671834678914613,2.321928094887362,3,0,https://www.intel.com/help,0
33,9,8,2,0,0,3,0,0,0,0,0,0,0,1,1,0,0,0,1,4.043801694853791,2.94770277922009,3,0,https://www.instagram.com/privacy,0
30,6,8,2,0,0,3,0,0,0,0,0,0,0,1,1,0,0,0,1,4.0062389286533895,2.2516291673878226,3,0,https://www.medium.com/pricing,0
27,7,8,1,0,0,3,0,0,0,0,0,0,0,1,0,0,0,0,0,3.828237501842955,2.5216406363433186,3,0,https://bestbuy.com/careers,0
30,8,6,2,0,0,3,0,0,0,0,0,0,0,1,1,0,0,0,1,4.164735178725505,2.5,3,0,https://www.linkedin.com/about,0
29,9,8,1,0,0,3,0,0,0,0,0,0,0,1,0,0,0,0,0,3.9262723741395074,2.725480556997868,3,0,https://wordpress.com/pricing,0
30,8,6,2,0,0,3,0,0,0,0,0,0,0,1,1,0,0,0,1,3.939572261986723,2.75,3,0,https://www.facebook.com/terms,0
35,13,6,2,0,0,3,0,0,0,0,0,0,0,1,1,0,0,0,1,3.978864088188098,3.546593564294939,3,0,https://www.stackoverflow.com/terms,0
27,6,5,2,0,0,3,0,0,0,0,0,0,0,1,1,0,0,0,1,4.0043444463675275,2.2516291673878226,3,0,https://www.airbnb.com/blog,0
24,3,5,2,0,0,3,0,0,0,0,0,0,0,1,1,0,0,0,1,3.636842188131012,0.9182958340544896,3,0,https://www.bbc.com/news,0
28,7,9,1,0,0,3,0,0,0,0,0,0,0,1,0,0,0,0,0,3.8962915290459277,2.8073549220576046,3,0,https://nytimes.com/products,0
22,3,7,1,0,0,3,0,0,0,0,0,0,0,1,0,0,0,0,0,3.6635327548042547,0.9182958340544896,3,0,https://bbc.com/search,0
30,5,9,2,0,0,3,0,0,0,0,0,0,0,1,1,0,0,0,1,3.964735178725505,2.321928094887362,3,0,https://www.quora.com/features,0
16,3,1,1,0,0,3,0,0,0,0,0,0,0,1,0,0,0,0,0,3.452819531114783,1.584962500721156,3,0,https://ibm.com/,0
34,12,6,2,0,0,3,0,0,0,0,0,0,0,1,1,0,0,0,1,4.1162996057016965,3.2516291673878226,3,0,https://www.digitalocean.com/press,0
24,7,5,1,0,0,3,0,0,0,0,0,0,0,1,0,0,0,0,0,3.855388542207534,2.8073549220576046,3,0,https://shopify.com/news,0
29,8,9,1,0,0,3,0,0,0,0,0,0,0,1,0,0,0,0,0,3.8143719431796272,3.0,3,0,https://stanford.edu/products,0
22,5,5,1,0,0,3,0,0,0,0,0,0,0,1,0,0,0,0,0,3.7887549139935035,2.321928094887362,3,0,https://udemy.com/help,0
26,5,9,1,0,0,3,0,0,0,0,0,0,0,1,0,0,0,0,0,3.7962176025900565,1.9219280948873623,3,0,https://cisco.com/download,0
34,13,5,2,0,0,3,0,0,0,0,0,0,0,1,1,0,0,0,1,4.010133709394731,3.546593564294939,3,0,https://www.stackoverflow.com/news,0
32,12,8,1,0,0,3,0,0,0,0,0,0,0,1,0,0,0,1,0,4.054229296672175,3.2516291673878226,3,0,https://digitalocean.com/support,0
24,7,5,1,0,0,3,0,0,0,0,0,0,0,1,0,0,0,0,0,3.8035088547976783,2.5216406363433186,3,0,https://booking.com/docs,0
29,4,9,2,0,0,3,0,0,0,0,0,0,0,1,1,0,0,0,1,3.745406425938248,1.5,3,0,https://www.nasa.gov/download,0
30,5,9,2,0,0,3,0,0,0,0,0,0,0,1,1,0,0,0,1,3.8565647621309544,2.321928094887362,3,0,https://www.wired.com/products,0
24,3,5,2,0,0,3,0,0,0,0,0,0,0,1,1,0,0,0,1,3.688721875540867,0.9182958340544896,3,0,https://www.bbc.com/help,0
29,8,5,2,0,0,3,0,0,0,0,0,0,0,1,1,0,0,0,1,3.771437029461126,2.4056390622295662,3,0,https://www.theverge.com/news,0
24,4,8,1,0,0,3,0,0,0,0,0,0,0,1,0,0,0,1,0,3.8239348962840563,2.0,3,0,https://bing.com/support,0
29,11,6,1,0,0,3,0,0,0,0,0,0,0,1,0,0,0,0,0,4.021268494903765,3.277613436819116,3,0,https://theguardian.com/press,0
32,7,9,2,0,0,3,0,0,0,0,0,0,0,1,1,0,0,0,1,3.9292292966721747,2.5216406363433186,3,0,https://www.bestbuy.com/products,0
32,11,9,1,0,0,3,0,0,0,0,0,0,0,1,0,0,0,0,0,4.054229296672175,3.277613436819116,3,0,https://theguardian.com/features,0
31,11,4,2,0,0,3,0,0,0,0,0,0,0,1,1,0,0,0,1,3.864698326166961,3.095795255000934,3,0,https://www.arstechnica.com/api,0
21,5,4,1,0,0,3,0,0,0,0,0,0,0,1,0,0,0,0,0,3.7849418274376427,2.321928094887362,3,0,https://slack.com/faq,0
25,7,6,1,0,0,3,0,0,0,0,0,0,0,1,0,0,0,0,0,3.8936606896881862,2.8073549220576046,3,0,https://netflix.com/terms,0
28,7,5,2,0,0,3,0,0,0,0,0,0,0,1,1,0,0,0,1,3.699513850319966,2.2359263506290326,3,0,https://www.reuters.com/news,0
25,3,10,1,0,0,3,0,0,0,0,0,0,0,1,0,0,0,0,0,3.7230741894285697,1.584962500721156,3,0,https://mit.edu/resources,0
25,8,5,1,0,0,3,0,0,0,0,0,0,0,1,0,0,0,0,0,3.8936606896881862,2.75,3,0,https://facebook.com/blog,0
30,9,5,2,0,0,3,0,0,0,0,0,0,0,1,1,0,0,0,1,3.8980685120588388,2.725480556997868,3,0,https://www.wordpress.com/blog,0
29,8,9,1,0,0,3,0,0,0,0,0,0,0,1,0,0,0,0,0,3.745406425938248,3.0,3,0,https://stanford.edu/features,0
20,7,1,1,0,0,3,0,0,0,0,0,0,0,1,0,0,0,0,0,3.6464393446710157,2.5216406363433186,3,0,https://walmart.com/,0
30,5,9,2,0,0,3,0,0,0,0,0,0,0,1,1,0,0,1,1,3.9144093452479405,1.9219280948873623,3,0,https://www.apple.com/services,0
26,9,5,1,0,0,3,0,0,0,0,0,0,0,1,0,0,0,1,0,3.7671834678914613,2.94770277922009,3,0,https://microsoft.com/help,0
27,3,8,2,0,0,3,0,0,0,0,0,0,0,1,1,0,0,1,1,3.7080481500712312,1.584962500721156,3,0,https://www.mit.edu/support,0
27,6,5,2,0,0,3,0,0,0,0,0,0,0,1,1,0,0,0,1,3.902311575917029,2.584962500721156,3,0,https://www.github.com/help,0
27,6,9,1,0,0,3,0,0,0,0,0,0,0,1,0,0,0,0,0,3.828237501842955,2.584962500721156,3,0,https://oracle.com/products,0
24,7,5,1,0,0,3,0,0,0,0,0,0,0,1,0,0,0,0,0,3.6216535224393334,2.128085278891395,3,0,https://outlook.com/blog,0
26,6,4,2,0,0,3,0,0,0,0,0,0,0,1,1,0,0,0,1,3.921029621737615,2.584962500721156,3,0,https://www.stripe.com/faq,0
27,7,8,1,0,0,3,0,0,0,0,0,0,0,1,0,0,0,0,0,3.9302703722934536,2.5216406363433186,3,0,https://walmart.com/privacy,0
31,5,10,2,0,0,3,0,0,0,0,0,0,0,1,1,0,0,0,1,3.8890495359141695,2.321928094887362,3,0,https://www.slack.com/solutions,0
34,10,8,2,0,0,3,0,0,0,0,0,0,0,1,1,0,0,0,1,3.8221819586428727,2.9219280948873623,3,0,https://www.salesforce.com/careers,0
30,7,7,2,0,0,3,0,0,0,0,0,0,0,1,1,0,0,0,1,3.8565647621309544,2.128085278891395,3,0,https://www.outlook.com/events,0
31,7,8,2,0,0,3,0,0,0,0,0,0,0,1,1,0,0,0,1,3.864698326166961,2.5216406363433186,3,0,https://www.discord.com/careers,0
24,3,9,1,0,0,3,0,0,0,0,0,0,0,1,0,0,0,0,0,3.855388542207534,0.9182958340544896,3,0,https://bbc.com/download,0
24,5,7,1,0,0,3,0,0,0,0,0,0,0,1,0,0,0,0,0,3.9387218755408675,2.321928094887362,3,0,https://quora.com/events,0
25,9,4,1,0,0,3,0,0,0,0,0,0,0,1,0,0,0,1,0,3.6732696895151085,2.94770277922009,3,0,https://microsoft.com/api,0
33,9,8,2,0,0,3,0,0,0,0,0,0,0,1,1,0,0,1,1,3.8848588918890474,2.6416041678685938,3,0,https://www.wikipedia.org/support,0
25,8,5,1,0,0,3,0,0,0,0,0,0,0,1,0,0,0,0,0,3.7532696895151085,2.75,3,0,https://coursera.org/team,0
27,6,9,1,0,0,3,0,0,0,0,0,0,0,1,0,0,0,0,0,3.852497577104199,1.9182958340544896,3,0,https://google.com/download,0
28,7,5,2,0,0,3,0,0,0,0,0,0,0,1,1,0,0,0,1,3.770942421748537,2.2359263506290326,3,0,https://www.reuters.com/help,0
30,9,9,1,0,0,3,0,0,0,0,0,0,0,1,0,0,0,0,0,4.0062389286533895,2.6416041678685938,3,0,https://wikipedia.org/features,0
25,8,1,2,0,0,3,0,0,0,0,0,0,0,1,1,0,0,0,1,3.8332696895151086,2.75,3,0,https://www.facebook.com/,0
30,9,5,2,0,0,3,0,0,0,0,0,0,0,1,1,0,0,0,1,3.777747162910945,2.725480556997868,3,0,https://www.pinterest.com/team,0
26,6,8,1,0,0,3,0,0,0,0,0,0,0,1,0,0,0,0,0,3.8441065448145384,2.2516291673878226,3,0,https://medium.com/careers,0
29,6,7,2,0,0,3,0,0,0,0,0,0,0,1,1,0,0,0,1,4.0472990984266435,2.2516291673878226,3,0,https://www.nvidia.com/search,0
20,3,5,1,0,0,3,0,0,0,0,0,0,0,1,0,0,0,0,0,3.5464393446710156,0.9182958340544896,3,0,https://cnn.com/news,0
25,9,4,1,0,0,3,0,0,0,0,0,0,0,1,0,0,0,0,0,3.7034651896016473,2.725480556997868,3,0,https://pinterest.com/api,0
24,4,9,1,0,0,3,0,0,0,0,0,0,0,1,0,0,0,0,0,3.8035088547976783,1.5,2,0,https://zoom.us/services,0
27,10,1,2,0,0,3,0,0,0,0,0,0,0,1,1,0,0,0,1,4.032303242743953,3.1219280948873624,3,0,https://www.cloudflare.com/,0
30,4,10,2,0,0,3,0,0,0,0,0,0,0,1,1,0,0,0,1,3.8062389286533898,2.0,3,0,https://www.cnet.com/community,0
21,4,1,2,0,0,3,0,0,0,0,0,0,0,1,1,0,0,0,1,3.5225715891363603,2.0,3,0,https://www.cnet.com/,0
29,7,6,2,0,0,3,0,0,0,0,0,0,0,1,1,0,0,0,1,3.8404025467025056,2.2359263506290326,3,0,https://www.reuters.com/about,0
36,11,9,2,0,0,3,0,0,0,0,0,0,0,1,1,0,0,0,1,3.9885548621928453,3.095795255000934,3,0,https://www.arstechnica.com/features,0
25,7,6,1,0,0,3,0,0,0,0,0,0,0,1,0,0,0,0,0,3.6732696895151085,2.5216406363433186,3,0,https://youtube.com/about,0
28,6,10,1,0,0,3,0,0,0,0,0,0,0,1,0,0,0,1,0,3.869331261111518,2.2516291673878226,3,0,https://amazon.com/resources,0
26,6,8,1,0,0,3,0,0,0,0,0,0,0,1,0,0,0,0,0,3.95006375643621,2.2516291673878226,3,0,https://nvidia.com/privacy,0
26,3,7,2,0,0,3,0,0,0,0,0,0,0,1,1,0,0,0,1,3.7671834678914613,0.9182958340544896,3,0,https://www.bbc.com/events,0
30,6,8,2,0,0,3,0,0,0,0,0,0,0,1,1,0,0,1,1,4.0062389286533895,2.2516291673878226,3,0,https://www.nvidia.com/support,0
24,7,5,1,0,0,3,0,0,0,0,0,0,0,1,0,0,0,0,0,3.7720552088742005,2.5216406363433186,3,0,https://bestbuy.com/help,0
28,8,4,2,0,0,3,0,0,0,0,0,0,0,1,1,0,0,0,1,3.91379956460568,2.4056390622295662,3,0,https://www.theverge.com/api,0
28,6,10,1,0,0,3,0,0,0,0,0,0,0,1,0,0,0,1,0,3.8423709931771084,1.9182958340544896,3,0,https://paypal.com/community,0
29,6,8,2,0,0,3,0,0,0,0,0,0,0,1,1,0,0,0,1,3.438627220688601,2.2516291673878226,2,0,https://www.twitch.tv/contact,0
35,9,10,2,0,0,3,0,0,0,0,0,0,0,1,1,0,0,0,1,3.9328743603470464,2.725480556997868,3,0,https://www.pinterest.com/community,0
25,6,7,1,0,0,3,0,0,0,0,0,0,0,1,0,0,0,1,0,3.8332696895151086,1.9182958340544896,3,0,https://paypal.com/events,0
28,7,5,2,0,0,3,0,0,0,0,0,0,0,1,1,0,0,0,1,3.8248629576173565,2.8073549220576046,3,0,https://www.shopify.com/news,0
24,6,6,1,0,0,3,0,0,0,0,0,0,0,1,0,0,0,1,0,3.7720552088742005,2.2516291673878226,3,0,https://amazon.com/press,0
36,10,10,2,0,0,3,0,0,0,0,0,0,0,1,1,0,0,0,1,3.8984128483640528,2.6464393446710157,3,0,https://www.techcrunch.com/solutions,0
20,3,5,1,0,0,3,0,0,0,0,0,0,0,1,0,0,0,0,0,3.846439344671016,1.584962500721156,3,0,https://mit.edu/blog,0
26,6,8,1,0,0,3,0,0,0,0,0,0,0,1,0,0,0,0,0,3.738149333192866,2.2516291673878226,3,0,https://reddit.com/careers,0
28,6,10,1,0,0,3,0,0,0,0,0,0,0,1,0,0,0,0,0,3.8248629576173565,2.584962500721156,3,0,https://stripe.com/community,0
31,5,10,2,0,0,3,0,0,0,0,0,0,0,1,1,0,0,0,1,3.8371256496420143,1.9219280948873623,3,0,https://www.yahoo.com/solutions,0
23,6,1,2,0,0,3,0,0,0,0,0,0,0,1,1,0,0,0,1,3.8492239123906247,2.2516291673878226,3,0,https://www.airbnb.com/,0
23,6,5,1,0,0,3,0,0,0,0,0,0,0,1,0,0,0,0,0,3.795088586397732,2.2516291673878226,3,0,https://target.com/news,0
26,4,6,2,0,0,3,0,0,0,0,0,0,0,1,1,0,0,1,1,3.8441065448145384,2.0,3,0,https://www.ebay.com/terms,0
26,6,8,1,0,0,3,0,0,0,0,0,0,0,1,0,0,0,1,0,3.657385276650179,2.2516291673878226,3,0,https://target.com/support,0
31,10,5,2,0,0,3,0,0,0,0,0,0,0,1,1,0,0,0,1,3.937751955408587,2.5219280948873624,3,0,https://www.duckduckgo.com/news,0
25,4,5,2,0,0,3,0,0,0,0,0,0,0,1,1,0,0,0,1,3.9434651896016475,2.0,3,0,https://www.bing.com/help,0
26,4,10,1,0,0,3,0,0,0,0,0,0,0,1,0,0,0,0,0,3.95006375643621,2.0,3,0,https://bing.com/resources,0
30,8,10,1,0,0,3,0,0,0,0,0,0,0,1,0,0,0,0,0,3.939572261986723,2.4056390622295662,3,0,https://theverge.com/solutions,0
29,6,7,2,0,0,3,0,0,0,0,0,0,0,1,1,0,0,0,1,3.788341339656749,2.584962500721156,3,0,https://www.stripe.com/events,0
21,4,1,2,0,0,3,0,0,0,0,0,0,0,1,1,0,0,0,1,3.748994803525097,2.0,3,0,https://www.bing.com/,0
31,5,10,2,0,0,3,0,0,0,0,0,0,0,1,1,0,0,1,1,3.864698326166961,1.9219280948873623,3,0,https://www.apple.com/resources,0
27,6,5,2,0,0,3,0,0,0,0,0,0,0,1,1,0,0,0,1,3.7080481500712312,2.584962500721156,3,0,https://www.stripe.com/news,0
25,4,5,2,0,0,3,0,0,0,0,0,0,0,1,1,0,0,0,1,3.6732696895151085,2.0,3,0,https://www.espn.com/team,0
32,11,5,2,0,0,3,0,0,0,0,0,0,0,1,1,0,0,0,1,4.155639062229566,3.277613436819116,3,0,https://www.theguardian.com/help,0
33,7,10,2,0,0,3,0,0,0,0,0,0,0,1,1,0,0,0,1,3.945464952495108,2.2359263506290326,3,0,https://www.reuters.com/community,0
20,3,5,1,0,0,3,0,0,0,0,0,0,0,1,0,0,0,0,0,3.684183719779189,1.584962500721156,3,0,https://ibm.com/help,0
30,7,7,2,0,0,3,0,0,0,0,0,0,0,1,1,0,0,0,1,4.0980685120588385,2.5216406363433186,3,0,https://www.booking.com/search,0
21,5,4,1,0,0,3,0,0,0,0,0,0,0,1,0,0,0,0,0,3.748994803525097,2.321928094887362,3,0,https://intel.com/api,0
19,3,4,1,0,0,3,0,0,0,0,0,0,0,1,0,0,0,0,0,3.6818808028034034,0.9182958340544896,3,0,https://bbc.com/faq,0
37,13,8,2,0,0,3,0,0,0,0,0,0,0,1,1,0,0,0,1,3.98555573008451,3.546593564294939,3,0,https://www.stackoverflow.com/careers,0
33,7,10,2,0,0,3,0,0,0,0,0,0,0,1,1,0,0,0,1,3.945464952495108,2.5216406363433186,3,0,https://www.bestbuy.com/solutions,0
26,6,8,1,0,0,3,0,0,0,0,0,0,0,1,0,0,0,0,0,3.6423714487439023,2.584962500721156,3,0,https://apnews.com/contact,0
32,6,10,2,0,0,3,0,0,0,0,0,0,0,1,1,0,0,0,1,3.8431390622295662,1.9182958340544896,3,0,https://www.google.com/resources,0
27,10,5,1,0,0,3,0,0,0,0,0,0,0,1,0,0,0,0,0,3.9302703722934536,3.1219280948873624,3,0,https://cloudflare.com/docs,0
28,3,9,2,0,0,3,0,0,0,0,0,0,0,1,1,0,0,0,1,3.770942421748537,0.9182958340544896,3,0,https://www.cnn.com/products,0
34,9,9,2,0,0,3,0,0,0,0,0,0,0,1,1,0,0,0,1,3.998652546878167,2.94770277922009,3,0,https://www.instagram.com/download,0
32,8,8,2,0,0,3,0,0,0,0,0,0,0,1,1,0,0,0,1,3.792837797403416,2.4056390622295662,3,0,https://www.theverge.com/careers,0
31,7,8,2,0,0,3,0,0,0,0,0,0,0,1,1,0,0,1,1,3.784368487596862,2.5216406363433186,3,0,https://www.dropbox.com/support,0
30,5,9,2,0,0,3,0,0,0,0,0,0,0,1,1,0,0,0,1,3.7232314287976207,1.9219280948873623,3,0,https://www.cisco.com/services,0
34,10,8,2,0,0,3,0,0,0,0,0,0,0,1,1,0,0,1,1,4.035273502696889,3.1219280948873624,3,0,https://www.cloudflare.com/support,0
26,6,8,1,0,0,3,0,0,0,0,0,0,0,1,0,0,0,0,0,3.825251737288651,2.2516291673878226,3,0,https://target.com/pricing,0
27,5,6,2,0,0,3,0,0,0,0,0,0,0,1,1,0,0,0,1,3.8561962982193796,2.321928094887362,3,0,https://www.adobe.com/terms,0
27,11,4,1,0,0,3,0,0,0,0,0,0,0,1,0,0,0,0,0,4.134336113194451,3.027169118440619,3,0,https://khanacademy.org/faq,0
28,6,6,2,0,0,3,0,0,0,0,0,0,0,1,1,0,0,0,1,3.869331261111518,1.9182958340544896,3,0,https://www.google.com/about,0
24,6,6,1,0,0,3,0,0,0,0,0,0,0,1,0,0,0,0,0,3.5220552088742005,2.584962500721156,3,0,https://stripe.com/terms,0
34,10,8,2,0,0,3,0,0,0,0,0,0,0,1,1,0,0,1,1,3.763358429231108,2.6464393446710157,3,0,https://www.techcrunch.com/support,0
23,6,5,1,0,0,3,0,0,0,0,0,0,0,1,0,0,0,0,0,3.795088586397732,2.584962500721156,3,0,https://github.com/team,0
26,4,10,1,0,0,3,0,0,0,0,0,0,0,1,0,0,0,1,0,3.921029621737615,2.0,3,0,https://ebay.com/community,0
26,5,5,2,0,0,3,0,0,0,0,0,0,0,1,1,0,0,1,1,3.6612262562697895,1.9219280948873623,3,0,https://www.apple.com/team,0
30,6,8,2,0,0,3,0,0,0,0,0,0,0,1,1,0,0,0,1,4.031401845392172,2.584962500721156,3,0,https://www.oracle.com/pricing,0
25,3,10,1,0,0,3,0,0,0,0,0,0,0,1,0,0,0,0,0,3.612878689342031,0.9182958340544896,3,0,https://cnn.com/solutions,0
27,6,5,2,0,0,3,0,0,0,0,0,0,0,1,1,0,0,0,1,3.912113890972229,2.584962500721156,3,0,https://www.apnews.com/blog,0
27,10,5,1,0,0,3,0,0,0,0,0,0,0,1,0,0,0,0,0,3.9302703722934536,2.9219280948873623,3,0,https://salesforce.com/blog,0
33,7,10,2,0,0,3,0,0,0,0,0,0,0,1,1,0,0,0,1,3.945464952495108,2.5216406363433186,3,0,https://www.bestbuy.com/community,0
27,7,8,1,0,0,3,0,0,0,0,0,0,0,1,0,0,0,0,0,3.828237501842955,2.8073549220576046,3,0,https://spotify.com/pricing,0
19,6,1,1,0,0,3,0,0,0,0,0,0,0,1,0,0,0,0,0,3.536886723742168,1.9182958340544896,3,0,https://google.com/,0
29,7,10,1,0,0,3,0,0,0,0,0,0,0,1,0,0,0,0,0,3.8573068568981284,2.5216406363433186,3,0,https://walmart.com/resources,0
27,7,4,2,0,0,3,0,0,0,0,0,0,0,1,1,0,0,0,1,3.8841550945958043,2.8073549220576046,3,0,https://www.shopify.com/faq,0
26,10,4,1,0,0,3,0,0,0,0,0,0,0,1,0,0,0,0,0,4.056020968057882,3.1219280948873624,3,0,https://cloudflare.com/api,0
24,8,4,1,0,0,3,0,0,0,0,0,0,0,1,0,0,0,0,0,3.855388542207534,3.0,3,0,https://stanford.edu/api,0
23,6,5,1,0,0,3,0,0,0,0,0,0,0,1,0,0,0,0,0,3.936180434129755,2.2516291673878226,3,0,https://reddit.com/blog,0
31,10,5,2,0,0,3,0,0,0,0,0,0,0,1,1,0,0,0,1,3.7726095206097563,2.6464393446710157,3,0,https://www.techcrunch.com/docs,0
27,10,5,1,0,0,3,0,0,0,0,0,0,0,1,0,0,0,0,0,3.7541634277688805,2.9219280948873623,3,0,https://salesforce.com/team,0
32,8,8,2,0,0,3,0,0,0,0,0,0,0,1,1,0,0,1,1,3.9681390622295662,2.75,3,0,https://www.facebook.com/support,0
27,7,8,1,0,0,3,0,0,0,0,0,0,0,1,0,0,0,0,0,3.6484318362032013,2.5216406363433186,3,0,https://walmart.com/contact,0
32,10,10,1,0,0,3,0,0,0,0,0,0,0,1,0,0,0,0,0,3.6206573285181993,2.6464393446710157,3,0,https://techcrunch.com/resources,0
29,9,8,1,0,0,3,0,0,0,0,0,0,0,1,0,0,0,0,0,3.8143719431796272,2.94770277922009,3,0,https://instagram.com/pricing,0
28,7,9,1,0,0,3,0,0,0,0,0,0,0,1,0,0,0,0,0,3.753434386188785,2.5216406363433186,3,0,https://discord.com/services,0
30,7,7,2,0,0,3,0,0,0,0,0,0,0,1,1,0,0,0,1,3.8062389286533898,2.2359263506290326,3,0,https://www.harvard.edu/events,0
23,3,8,1,0,0,3,0,0,0,0,0,0,0,1,0,0,0,0,0,3.795088586397732,1.584962500721156,3,0,https://ibm.com/careers,0
33,7,10,2,0,0,3,0,0,0,0,0,0,0,1,1,0,0,0,1,3.8848588918890474,2.2359263506290326,3,0,https://www.reuters.com/solutions,0
32,6,10,2,0,0,3,0,0,0,0,0,0,0,1,1,0,0,0,1,3.855337797403416,1.9182958340544896,3,0,https://www.google.com/solutions,0
22,4,6,1,0,0,3,0,0,0,0,0,0,0,1,0,0,0,0,0,3.5383105956150063,2.0,3,0,https://cnet.com/press,0
28,6,6,2,0,0,3,0,0,0,0,0,0,0,1,1,0,0,0,1,3.8248629576173565,2.584962500721156,3,0,https://www.github.com/about,0
26,6,8,1,0,0,3,0,0,0,0,0,0,0,1,0,0,0,2,0,3.657385276650179,1.9182958340544896,3,0,https://paypal.com/support,0
32,8,8,2,0,0,3,0,0,0,0,0,0,0,1,1,0,0,0,1,3.952819531114783,2.75,3,0,https://www.coursera.org/pricing,0
32,7,9,2,0,0,3,0,0,0,0,0,0,0,1,1,0,0,0,1,4.030639062229566,2.8073549220576046,3,0,https://www.shopify.com/features,0
31,7,8,2,0,0,3,0,0,0,0,0,0,0,1,1,0,0,0,1,4.17146526179041,2.5216406363433186,3,0,https://www.booking.com/privacy,0
31,7,8,2,0,0,3,0,0,0,0,0,0,0,1,1,0,0,0,1,3.7600172778496534,2.5216406363433186,3,0,https://www.walmart.com/careers,0
23,6,5,1,0,0,3,0,0,0,0,0,0,0,1,0,0,0,0,0,3.795088586397732,2.2516291673878226,3,0,https://target.com/blog,0
27,10,5,1,0,0,3,0,0,0,0,0,0,0,1,0,0,0,0,0,3.8561962982193796,2.6464393446710157,3,0,https://techcrunch.com/blog,0
22,6,4,1,0,0,3,0,0,0,0,0,0,0,1,0,0,0,0,0,3.7544418457133455,2.2516291673878226,3,0,https://medium.com/api,0
23,5,6,1,0,0,3,0,0,0,0,0,0,0,1,0,0,0,0,0,3.729446194905256,2.321928094887362,3,0,https://intel.com/press,0
31,10,5,2,0,0,3,0,0,0,0,0,0,0,1,1,0,0,0,1,3.7600172778496534,2.5219280948873624,3,0,https://www.duckduckgo.com/docs,0
21,4,5,1,0,0,3,0,0,0,0,0,0,0,1,0,0,0,0,0,3.558518613048906,2.0,3,0,https://espn.com/team,0
32,7,9,2,0,0,3,0,0,0,0,0,0,0,1,1,0,0,0,1,3.902518266288633,2.5216406363433186,3,0,https://www.dropbox.com/download,0
22,4,7,1,0,0,3,0,0,0,0,0,0,0,1,0,0,0,0,0,3.629219686524097,1.5,2,0,https://zoom.us/events,0
24,7,5,1,0,0,3,0,0,0,0,0,0,0,1,0,0,0,0,0,3.855388542207534,2.5216406363433186,3,0,https://walmart.com/blog,0
29,5,8,2,0,0,3,0,0,0,0,0,0,0,1,1,0,0,2,1,3.7588670992335302,1.9219280948873623,3,0,https://www.apple.com/support,0
27,3,8,2,0,0,3,0,0,0,0,0,0,0,1,1,0,0,0,1,3.8561962982193796,0.9182958340544896,3,0,https://www.bbc.com/pricing,0
28,7,5,2,0,0,3,0,0,0,0,0,0,0,1,1,0,0,0,1,3.7439821538141276,2.8073549220576046,3,0,https://www.spotify.com/docs,0
29,7,10,1,0,0,3,0,0,0,0,0,0,0,1,0,0,0,0,0,3.715932185515029,2.128085278891395,3,0,https://outlook.com/community,0
25,4,9,1,0,0,3,0,0,0,0,0,0,0,1,0,0,0,0,0,4.103465189601647,2.0,3,0,https://bing.com/features,0
23,7,4,1,0,0,3,0,0,0,0,0,0,0,1,0,0,0,0,0,3.7622673906514943,2.8073549220576046,3,0,https://nytimes.com/api,0
27,5,6,2,0,0,3,0,0,0,0,0,0,0,1,1,0,0,0,1,3.828237501842955,2.321928094887362,3,0,https://www.intel.com/press,0
33,7,10,2,0,0,3,0,0,0,0,0,0,0,1,1,0,0,0,1,4.081532376606413,2.8073549220576046,3,0,https://www.netflix.com/resources,0
26,5,5,2,0,0,3,0,0,0,0,0,0,0,1,1,0,0,0,1,3.873140679513133,2.321928094887362,3,0,https://www.slack.com/blog,0
28,6,6,2,0,0,3,0,0,0,0,0,0,0,1,1,0,0,0,1,3.8962915290459277,2.584962500721156,3,0,https://www.github.com/terms,0
25,3,6,2,0,0,3,0,0,0,0,0,0,0,1,1,0,0,0,1,3.623465189601647,1.584962500721156,3,0,https://www.mit.edu/terms,0
26,4,10,1,0,0,3,0,0,0,0,0,0,0,1,0,0,0,0,0,3.690260390968384,2.0,3,0,https://espn.com/solutions,0
23,6,1,2,0,0,3,0,0,0,0,0,0,0,1,1,0,0,0,1,3.7622673906514943,2.584962500721156,3,0,https://www.oracle.com/,0
21,5,4,1,0,0,3,0,0,0,0,0,0,0,1,0,0,0,0,0,3.880179922675738,2.321928094887362,3,0,https://wired.com/api,0
27,10,5,1,0,0,3,0,0,0,0,0,0,0,1,0,0,0,0,0,3.8561962982193796,2.5219280948873624,3,0,https://duckduckgo.com/blog,0
19,3,4,1,0,0,3,0,0,0,0,0,0,0,1,0,0,0,0,0,3.576617644908666,0.9182958340544896,3,0,https://cnn.com/api,0
33,11,10,1,0,0,3,0,0,0,0,0,0,0,1,0,0,0,0,0,4.165013816065912,3.027169118440619,3,0,https://khanacademy.org/community,0
24,6,6,1,0,0,3,0,0,0,0,0,0,0,1,0,0,0,0,0,3.7364405016961446,2.2516291673878226,3,0,https://target.com/about,0
27,3,8,2,0,0,3,0,0,0,0,0,0,0,1,1,0,0,0,1,3.902311575917029,1.584962500721156,3,0,https://www.mit.edu/pricing,0
31,9,6,2,0,0,3,0,0,0,0,0,0,0,1,1,0,0,0,1,3.8890495359141695,2.725480556997868,3,0,https://www.wordpress.com/about,0
27,6,9,1,0,0,3,0,0,0,0,0,0,0,1,0,0,0,0,0,3.9302703722934536,2.2516291673878226,3,0,https://nvidia.com/services,0
32,10,6,2,0,0,3,0,0,0,0,0,0,0,1,1,0,0,0,1,3.8431390622295662,2.9219280948873623,3,0,https://www.salesforce.com/terms,0
20,7,1,1,0,0,3,0,0,0,0,0,0,0,1,0,0,0,0,0,3.746439344671016,2.5216406363433186,3,0,https://booking.com/,0
31,11,8,1,0,0,3,0,0,0,0,0,0,0,1,0,0,0,0,0,3.84888461662912,3.095795255000934,3,0,https://arstechnica.com/pricing,0
25,8,5,1,0,0,3,0,0,0,0,0,0,0,1,0,0,0,0,0,3.8332696895151086,3.0,3,0,https://stanford.edu/news,0
27,6,9,1,0,0,3,0,0,0,0,0,0,0,1,0,0,0,0,0,3.838039816898155,2.584962500721156,3,0,https://github.com/products,0
28,7,5,2,0,0,3,0,0,0,0,0,0,0,1,1,0,0,0,1,3.5836169753972325,2.128085278891395,3,0,https://www.twitter.com/team,0
31,10,5,2,0,0,3,0,0,0,0,0,0,0,1,1,0,0,0,1,3.8890495359141695,2.9219280948873623,3,0,https://www.salesforce.com/docs,0
26,5,5,2,0,0,3,0,0,0,0,0,0,0,1,1,0,0,0,1,3.8150724101159432,2.321928094887362,3,0,https://www.udemy.com/team,0
23,6,5,1,0,0,3,0,0,0,0,0,0,0,1,0,0,0,1,0,3.621175542919471,1.9182958340544896,3,0,https://paypal.com/help,0
27,6,5,2,0,0,3,0,0,0,0,0,0,0,1,1,0,0,0,1,3.782122224145305,2.584962500721156,3,0,https://www.oracle.com/team,0
27,3,8,2,0,0,3,0,0,0,0,0,0,0,1,1,0,0,0,1,3.8245387807277744,1.584962500721156,3,0,https://www.mit.edu/contact,0
28,6,10,1,0,0,3,0,0,0,0,0,0,0,1,0,0,0,0,0,3.815410725242699,2.2516291673878226,3,0,https://medium.com/solutions,0
29,7,10,1,0,0,3,0,0,0,0,0,0,0,1,0,0,0,0,0,3.8833374604210062,2.5216406363433186,3,0,https://booking.com/community,0
27,5,6,2,0,0,3,0,0,0,0,0,0,0,1,1,0,0,0,1,3.8100810205217304,2.321928094887362,3,0,https://www.slack.com/press,0
26,5,5,2,0,0,3,0,0,0,0,0,0,0,1,1,0,0,0,1,3.7192945256669794,2.321928094887362,3,0,https://www.intel.com/news,0
31,10,5,2,0,0,3,0,0,0,0,0,0,0,1,1,0,0,0,1,3.873235826376329,2.9219280948873623,3,0,https://www.salesforce.com/news,0
30,8,10,1,0,0,3,0,0,0,0,0,0,0,1,0,0,0,0,0,3.9810760119146074,2.5,3,0,https://linkedin.com/community,0
30,6,8,2,0,0,3,0,0,0,0,0,0,0,1,1,0,0,0,1,3.739572261986723,2.2516291673878226,3,0,https://www.target.com/careers,0
26,5,5,2,0,0,3,0,0,0,0,0,0,0,1,1,0,0,0,1,3.7962176025900565,2.321928094887362,3,0,https://www.intel.com/team,0
25,5,8,1,0,0,3,0,0,0,0,0,0,0,1,0,0,0,0,0,3.6732696895151085,2.321928094887362,3,0,https://quora.com/contact,0
29,8,5,2,0,0,3,0,0,0,0,0,0,0,1,1,0,0,0,1,3.788341339656749,2.4056390622295662,3,0,https://www.theverge.com/help,0
31,5,10,2,0,0,3,0,0,0,0,0,0,0,1,1,0,0,0,1,3.7356660681024447,1.9219280948873623,3,0,https://www.cisco.com/community,0
29,7,6,2,0,0,3,0,0,0,0,0,0,0,1,1,0,0,0,1,3.771437029461126,2.5216406363433186,3,0,https://www.discord.com/press,0
30,5,9,2,0,0,3,0,0,0,0,0,0,0,1,1,0,0,0,1,4.0062389286533895,2.321928094887362,3,0,https://www.adobe.com/features,0
30,11,7,1,0,0,3,0,0,0,0,0,0,0,1,0,0,0,0,0,4.056564762130955,3.277613436819116,3,0,https://theguardian.com/events,0
34,9,9,2,0,0,3,0,0,0,0,0,0,0,1,1,0,0,0,1,3.8558656947524805,2.725480556997868,3,0,https://www.wordpress.com/download,0
26,4,10,1,0,0,3,0,0,0,0,0,0,0,1,0,0,0,0,0,3.6423714487439023,2.0,3,0,https://espn.com/resources,0
33,7,10,2,0,0,3,0,0,0,0,0,0,0,1,1,0,0,0,1,3.995024710779948,2.5216406363433186,3,0,https://www.dropbox.com/solutions,0
34,10,8,2,0,0,3,0,0,0,0,0,0,0,1,1,0,0,0,1,4.256149238118269,3.1219280948873624,3,0,https://www.cloudflare.com/pricing,0
24,3,5,2,0,0,3,0,0,0,0,0,0,0,1,1,0,0,0,1,3.7720552088742005,1.584962500721156,3,0,https://www.ibm.com/blog,0
30,9,9,1,0,0,3,0,0,0,0,0,0,0,1,0,0,0,0,0,3.7144093452479408,2.725480556997868,3,0,https://wordpress.com/products,0
28,8,8,1,0,0,3,0,0,0,0,0,0,0,1,0,0,0,0,0,4.0836169753972325,2.75,3,0,https://facebook.com/privacy,0
30,9,5,2,0,0,3,0,0,0,0,0,0,0,1,1,0,0,0,1,3.8980685120588388,2.6416041678685938,3,0,https://www.wikipedia.org/team,0
21,5,4,1,0,0,3,0,0,0,0,0,0,0,1,0,0,0,0,0,3.6897037321995474,2.321928094887362,3,0,https://slack.com/api,0
29,9,8,1,0,0,3,0,0,0,0,0,0,0,1,0,0,0,0,0,3.788341339656749,2.725480556997868,3,0,https://wordpress.com/contact,0
30,10,4,2,0,0,3,0,0,0,0,0,0,0,1,1,0,0,0,1,4.123231428797621,3.1219280948873624,3,0,https://www.cloudflare.com/api,0
27,7,8,1,0,0,3,0,0,0,0,0,0,0,1,0,0,0,1,0,3.9582291686698783,2.8073549220576046,3,0,https://netflix.com/support,0
26,8,6,1,0,0,3,0,0,0,0,0,0,0,1,0,0,0,0,0,3.873140679513133,2.4056390622295662,3,0,https://theverge.com/about,0
20,7,1,1,0,0,3,0,0,0,0,0,0,0,1,0,0,0,0,0,3.6464393446710157,2.5216406363433186,3,0,https://bestbuy.com/,0
23,6,1,2,0,0,3,0,0,0,0,0,0,0,1,1,0,0,1,1,3.642489673166126,1.9182958340544896,3,0,https://www.paypal.com/,0
24,7,5,1,0,0,3,0,0,0,0,0,0,0,1,0,0,0,0,0,3.7720552088742005,2.8073549220576046,3,0,https://nytimes.com/help,0
36,10,10,2,0,0,3,0,0,0,0,0,0,0,1,1,0,0,0,1,3.85370061296303,2.9219280948873623,3,0,https://www.salesforce.com/resources,0
23,4,7,1,0,0,3,0,0,0,0,0,0,0,1,0,0,0,0,0,3.642489673166126,2.0,3,0,https://cnet.com/search,0
25,7,6,1,0,0,3,0,0,0,0,0,0,0,1,0,0,0,0,0,3.7834651896016473,2.8073549220576046,3,0,https://spotify.com/about,0
30,4,10,2,0,0,3,0,0,0,0,0,0,0,1,1,0,0,0,1,3.755913095175825,2.0,3,0,https://www.cnet.com/resources,0
28,3,9,2,0,0,3,0,0,0,0,0,0,0,1,1,0,0,0,1,3.8423709931771084,0.9182958340544896,3,0,https://www.cnn.com/services,0
22,5,5,1,0,0,3,0,0,0,0,0,0,0,1,0,0,0,0,0,3.6978458230844127,2.321928094887362,3,0,https://slack.com/help,0
27,7,8,1,0,0,3,0,0,0,0,0,0,0,1,0,0,0,0,0,3.7080481500712312,2.8073549220576046,3,0,https://shopify.com/contact,0
31,6,9,2,0,0,3,0,0,0,0,0,0,0,1,1,0,0,0,1,3.84888461662912,2.2516291673878226,3,0,https://www.reddit.com/products,0
34,13,5,2,0,0,3,0,0,0,0,0,0,0,1,1,0,0,0,1,4.101881223476018,3.546593564294939,3,0,https://www.stackoverflow.com/blog,0
22,5,5,1,0,0,3,0,0,0,0,0,0,0,1,0,0,0,1,0,3.5383105956150063,1.9219280948873623,3,0,https://apple.com/team,0
25,4,9,1,0,0,3,0,0,0,0,0,0,0,1,0,0,0,0,0,3.813660689688186,1.5,3,0,https://nasa.gov/services,0
27,7,8,1,0,0,3,0,0,0,0,0,0,0,1,0,0,0,0,0,4.0043444463675275,2.5216406363433186,3,0,https://dropbox.com/privacy,0
26,6,8,1,0,0,3,0,0,0,0,0,0,0,1,0,0,0,0,0,3.95006375643621,2.584962500721156,3,0,https://apnews.com/pricing,0
31,6,9,2,0,0,3,0,0,0,0,0,0,0,1,1,0,0,0,1,3.937751955408587,2.2516291673878226,3,0,https://www.target.com/download,0
28,7,9,1,0,0,3,0,0,0,0,0,0,0,1,0,0,0,0,0,4.039148671903071,2.8073549220576046,3,0,https://netflix.com/features,0
17,4,1,1,0,0,3,0,0,0,0,0,0,0,1,0,0,0,0,0,3.4548223999466066,1.5,3,0,https://nasa.gov/,0
28,7,5,2,0,0,3,0,0,0,0,0,0,0,1,1,0,0,0,1,3.8962915290459277,2.5216406363433186,3,0,https://www.booking.com/blog,0
24,4,8,1,0,0,3,0,0,0,0,0,0,0,1,0,0,0,0,0,3.8035088547976783,1.5,3,0,https://nasa.gov/pricing,0
29,7,6,2,0,0,3,0,0,0,0,0,0,0,1,1,0,0,0,1,3.8404025467025056,2.5216406363433186,3,0,https://www.youtube.com/terms,0
35,11,8,2,0,0,3,0,0,0,0,0,0,0,1,1,0,0,0,1,4.036006945330955,3.027169118440619,3,0,https://www.khanacademy.org/contact,0
36,13,7,2,0,0,3,0,0,0,0,0,0,0,1,1,0,0,0,1,4.009523959475164,3.546593564294939,3,0,https://www.stackoverflow.com/search,0
16,3,1,1,0,0,3,0,0,0,0,0,0,0,1,0,0,0,0,0,3.4056390622295662,1.584962500721156,3,0,https://mit.edu/,0
31,8,7,2,0,0,3,0,0,0,0,0,0,0,1,1,0,0,0,1,3.7567958110719157,2.4056390622295662,3,0,https://www.theverge.com/events,0
24,4,8,1,0,0,3,0,0,0,0,0,0,0,1,0,0,0,0,0,3.7720552088742005,2.0,3,0,https://espn.com/pricing,0
23,7,4,1,0,0,3,0,0,0,0,0,0,0,1,0,0,0,0,0,3.936180434129755,2.5216406363433186,3,0,https://youtube.com/faq,0
29,7,6,2,0,0,3,0,0,0,0,0,0,0,1,1,0,0,0,1,3.7024715122197467,2.5216406363433186,3,0,https://www.walmart.com/terms,0
33,7,10,2,0,0,3,0,0,0,0,0,0,0,1,1,0,0,0,1,3.9374448765408534,2.5216406363433186,3,0,https://www.discord.com/community,0
26,6,8,1,0,0,3,0,0,0,0,0,0,0,1,0,0,0,0,0,3.584303179346713,2.2516291673878226,3,0,https://target.com/contact,0
26,4,10,1,0,0,3,0,0,0,0,0,0,0,1,0,0,0,0,0,3.690260390968384,1.5,3,0,https://nasa.gov/solutions,0
32,8,8,2,0,0,3,0,0,0,0,0,0,0,1,1,0,0,0,1,3.9681390622295662,2.5,3,0,https://www.linkedin.com/contact,0
25,5,8,1,0,0,3,0,0,0,0,0,0,0,1,0,0,0,1,0,3.6732696895151085,1.9219280948873623,3,0,https://apple.com/careers,0
17,4,1,1,0,0,3,0,0,0,0,0,0,0,1,0,0,0,0,0,3.4548223999466066,2.0,3,0,https://espn.com/,0
22,9,1,1,0,0,3,0,0,0,0,0,0,0,1,0,0,0,0,0,3.6635327548042547,2.725480556997868,3,0,https://wordpress.com/,0
28,8,8,1,0,0,3,0,0,0,0,0,0,0,1,0,0,0,0,0,3.869331261111518,2.4056390622295662,3,0,https://theverge.com/pricing,0
24,6,6,1,0,0,3,0,0,0,0,0,0,0,1,0,0,0,0,0,3.9387218755408675,2.2516291673878226,3,0,https://nvidia.com/terms,0
25,3,10,1,0,0,3,0,0,0,0,0,0,0,1,0,0,0,0,0,3.612878689342031,0.9182958340544896,3,0,https://cnn.com/community,0
24,5,7,1,0,0,3,0,0,0,0,0,0,0,1,0,0,0,0,0,3.8035088547976783,2.321928094887362,3,0,https://adobe.com/search,0
31,7,8,2,0,0,3,0,0,0,0,0,0,0,1,1,0,0,1,1,4.042433003725894,2.8073549220576046,3,0,https://www.netflix.com/support,0
25,6,7,1,0,0,3,0,0,0,0,0,0,0,1,0,0,0,0,0,3.719079570624175,2.2516291673878226,3,0,https://target.com/events,0
30,9,9,1,0,0,3,0,0,0,0,0,0,0,1,0,0,0,0,0,3.777747162910945,2.725480556997868,3,0,https://pinterest.com/products,0
28,11,5,1,0,0,3,0,0,0,0,0,0,0,1,0,0,0,0,0,4.110577243331642,3.027169118440619,3,0,https://khanacademy.org/news,0
27,7,4,2,0,0,3,0,0,0,0,0,0,0,1,1,0,0,0,1,3.8561962982193796,2.2359263506290326,3,0,https://www.harvard.edu/faq,0
22,5,1,2,0,0,3,0,0,0,0,0,0,0,1,1,0,0,0,1,3.6635327548042547,2.321928094887362,3,0,https://www.slack.com/,0
35,9,10,2,0,0,3,0,0,0,0,0,0,0,1,1,0,0,1,1,3.8401568604088596,2.94770277922009,3,0,https://www.microsoft.com/solutions,0
30,4,10,2,0,0,3,0,0,0,0,0,0,0,1,1,0,0,1,1,4.0062389286533895,2.0,3,0,https://www.ebay.com/community,0
31,9,10,1,0,0,3,0,0,0,0,0,0,0,1,0,0,0,0,0,3.873235826376329,2.94770277922009,3,0,https://instagram.com/solutions,0
28,6,6,2,0,0,3,0,0,0,0,0,0,0,1,1,0,0,0,1,3.770942421748537,2.2516291673878226,3,0,https://www.reddit.com/press,0
31,7,8,2,0,0,3,0,0,0,0,0,0,0,1,1,0,0,0,1,4.106949132758152,2.5216406363433186,3,0,https://www.booking.com/careers,0
32,6,10,2,0,0,3,0,0,0,0,0,0,0,1,1,0,0,0,1,3.8820488277869583,2.2516291673878226,3,0,https://www.medium.com/resources,0
26,5,9,1,0,0,3,0,0,0,0,0,0,0,1,0,0,0,0,0,3.921029621737615,2.321928094887362,3,0,https://slack.com/features,0
27,7,4,2,0,0,3,0,0,0,0,0,0,0,1,1,0,0,0,1,3.8561962982193796,2.128085278891395,3,0,https://www.outlook.com/faq,0
32,7,9,2,0,0,3,0,0,0,0,0,0,0,1,1,0,0,0,1,3.9292292966721747,2.5216406363433186,3,0,https://www.walmart.com/services,0
27,3,8,2,0,0,3,0,0,0,0,0,0,0,1,1,0,0,0,1,3.782122224145305,0.9182958340544896,3,0,https://www.cnn.com/careers,0
31,11,8,1,0,0,3,0,0,0,0,0,0,0,1,0,0,0,0,0,4.131300342505361,3.027169118440619,3,0,https://khanacademy.org/pricing,0
30,5,9,2,0,0,3,0,0,0,0,0,0,0,1,1,0,0,0,1,3.8980685120588388,2.321928094887362,3,0,https://www.udemy.com/products,0
28,7,5,2,0,0,3,0,0,0,0,0,0,0,1,1,0,0,0,1,3.8248629576173565,2.5216406363433186,3,0,https://www.bestbuy.com/team,0
18,5,1,1,0,0,3,0,0,0,0,0,0,0,1,0,0,0,0,0,3.683542362433231,2.321928094887362,3,0,https://udemy.com/,0
23,6,5,1,0,0,3,0,0,0,0,0,0,0,1,0,0,0,0,0,3.7622673906514943,2.584962500721156,3,0,https://apnews.com/help,0
29,8,5,2,0,0,3,0,0,0,0,0,0,0,1,1,0,0,0,1,3.8573068568981284,2.75,3,0,https://www.coursera.org/team,0
28,6,6,2,0,0,3,0,0,0,0,0,0,0,1,1,0,0,0,1,3.797902689682947,2.2516291673878226,3,0,https://www.medium.com/terms,0
28,7,5,2,0,0,3,0,0,0,0,0,0,0,1,1,0,0,0,1,3.91379956460568,2.5216406363433186,3,0,https://www.dropbox.com/team,0
28,7,5,2,0,0,3,0,0,0,0,0,0,0,1,1,0,0,0,1,3.869331261111518,2.5216406363433186,3,0,https://www.discord.com/team,0
23,6,5,1,0,0,3,0,0,0,0,0,0,0,1,0,0,0,0,0,3.588354347173233,1.9182958340544896,3,0,https://google.com/blog,0
24,6,6,1,0,0,3,0,0,0,0,0,0,0,1,0,0,0,0,0,3.6572682296173893,2.2516291673878226,3,0,https://reddit.com/press,0
32,11,5,2,0,0,3,0,0,0,0,0,0,0,1,1,0,0,0,1,4.054229296672175,3.027169118440619,3,0,https://www.khanacademy.org/team,0
31,6,10,2,0,0,3,0,0,0,0,0,0,0,1,1,0,0,0,1,3.6922796820396577,2.2516291673878226,2,0,https://www.twitch.tv/resources,0
32,10,6,2,0,0,3,0,0,0,0,0,0,0,1,1,0,0,0,1,3.8667292966721747,2.6464393446710157,3,0,https://www.techcrunch.com/about,0
34,9,9,2,0,0,3,0,0,0,0,0,0,0,1,1,0,0,1,1,3.939829017466402,2.94770277922009,3,0,https://www.microsoft.com/features,0
29,6,7,2,0,0,3,0,0,0,0,0,0,0,1,1,0,0,0,1,3.9262723741395074,2.584962500721156,3,0,https://www.oracle.com/events,0
21,5,4,1,0,0,3,0,0,0,0,0,0,0,1,0,0,0,0,0,3.880179922675738,2.321928094887362,3,0,https://udemy.com/api,0
33,8,9,2,0,0,3,0,0,0,0,0,0,0,1,1,0,0,0,1,3.8848588918890474,3.0,3,0,https://www.stanford.edu/download,0
34,9,9,2,0,0,3,0,0,0,0,0,0,0,1,1,0,0,0,1,4.057476076289932,2.94770277922009,3,0,https://www.instagram.com/features,0
24,7,5,1,0,0,3,0,0,0,0,0,0,0,1,0,0,0,0,0,3.8035088547976783,2.2359263506290326,3,0,https://harvard.edu/news,0
26,6,8,1,0,0,3,0,0,0,0,0,0,0,1,0,0,0,1,0,3.95006375643621,2.2516291673878226,3,0,https://amazon.com/privacy,0
25,5,4,2,0,0,3,0,0,0,0,0,0,0,1,1,0,0,0,1,3.8332696895151086,2.321928094887362,3,0,https://www.intel.com/api,0
23,6,5,1,0,0,3,0,0,0,0,0,0,0,1,0,0,0,0,0,3.642489673166126,2.2516291673878226,3,0,https://reddit.com/docs,0
26,5,9,1,0,0,3,0,0,0,0,0,0,0,1,0,0,0,0,0,3.8150724101159432,2.321928094887362,3,0,https://intel.com/services,0
25,4,9,1,0,0,3,0,0,0,0,0,0,0,1,0,0,0,0,0,3.80307418942857,1.5,3,0,https://nasa.gov/features,0
34,9,9,2,0,0,3,0,0,0,0,0,0,0,1,1,0,0,0,1,3.984234164652489,2.725480556997868,3,0,https://www.pinterest.com/download,0
22,6,4,1,0,0,3,0,0,0,0,0,0,0,1,0,0,0,0,0,3.8453509366224363,1.9182958340544896,3,0,https://google.com/faq,0
34,9,9,2,0,0,3,0,0,0,0,0,0,0,1,1,0,0,0,1,3.914689224164245,2.725480556997868,3,0,https://www.pinterest.com/features,0
30,9,5,2,0,0,3,0,0,0,0,0,0,0,1,1,0,0,0,1,3.9898980954642878,2.725480556997868,3,0,https://www.pinterest.com/blog,0
27,7,8,1,0,0,3,0,0,0,0,0,0,0,1,0,0,0,0,0,3.6484318362032013,2.8073549220576046,3,0,https://spotify.com/contact,0
27,6,9,1,0,0,3,0,0,0,0,0,0,0,1,0,0,0,0,0,3.902311575917029,1.9182958340544896,3,0,https://google.com/features,0
27,8,7,1,0,0,3,0,0,0,0,0,0,0,1,0,0,0,0,0,3.7821222241453056,3.0,3,0,https://stanford.edu/events,0
32,11,5,2,0,0,3,0,0,0,0,0,0,0,1,1,0,0,0,1,4.077819531114783,3.277613436819116,3,0,https://www.theguardian.com/news,0
22,5,5,1,0,0,3,0,0,0,0,0,0,0,1,0,0,0,0,0,3.629219686524097,1.9219280948873623,3,0,https://yahoo.com/help,0
28,3,9,2,0,0,3,0,0,0,0,0,0,0,1,1,0,0,0,1,3.869331261111518,1.584962500721156,3,0,https://www.mit.edu/download,0
28,7,5,2,0,0,3,0,0,0,0,0,0,0,1,1,0,0,0,1,3.6514789228933084,2.128085278891395,3,0,https://www.twitter.com/help,0
30,10,8,1,0,0,3,0,0,0,0,0,0,0,1,0,0,0,1,0,3.8062389286533898,2.9219280948873623,3,0,https://salesforce.com/support,0
30,6,8,2,0,0,3,0,0,0,0,0,0,0,1,1,0,0,0,1,3.964735178725505,2.2516291673878226,3,0,https://www.airbnb.com/careers,0
25,4,5,2,0,0,3,0,0,0,0,0,0,0,1,1,0,0,1,1,3.9434651896016475,2.0,3,0,https://www.ebay.com/blog,0
23,4,4,2,0,0,3,0,0,0,0,0,0,0,1,1,0,0,0,1,3.7622673906514943,1.5,2,0,https://www.zoom.us/faq,0
32,11,5,2,0,0,3,0,0,0,0,0,0,0,1,1,0,0,0,1,3.8431390622295662,3.095795255000934,3,0,https://www.arstechnica.com/news,0
25,5,4,2,0,0,3,0,0,0,0,0,0,0,1,1,0,0,0,1,3.8634651896016474,2.321928094887362,3,0,https://www.quora.com/faq,0
27,9,6,1,0,0,3,0,0,0,0,0,0,0,1,0,0,0,0,0,4.0043444463675275,2.6416041678685938,3,0,https://wikipedia.org/about,0
24,7,5,1,0,0,3,0,0,0,0,0,0,0,1,0,0,0,0,0,3.6572682296173893,2.2359263506290326,3,0,https://harvard.edu/team,0
23,6,5,1,0,0,3,0,0,0,0,0,0,0,1,0,0,0,0,0,3.7622673906514943,2.2516291673878226,3,0,https://reddit.com/help,0
29,3,10,2,0,0,3,0,0,0,0,0,0,0,1,1,0,0,0,1,3.8833374604210062,1.584962500721156,3,0,https://www.ibm.com/resources,0
22,4,6,1,0,0,3,0,0,0,0,0,0,0,1,0,0,0,0,0,3.8453509366224363,2.0,3,0,https://bing.com/terms,0
21,3,6,1,0,0,3,0,0,0,0,0,0,0,1,0,0,0,0,0,3.5225715891363603,1.584962500721156,3,0,https://mit.edu/press,0
23,7,4,1,0,0,3,0,0,0,0,0,0,0,1,0,0,0,0,0,3.936180434129755,2.8073549220576046,3,0,https://netflix.com/api,0
27,6,5,2,0,0,3,0,0,0,0,0,0,0,1,1,0,0,0,1,3.8100810205217304,2.2516291673878226,3,0,https://www.reddit.com/news,0
33,11,6,2,0,0,3,0,0,0,0,0,0,0,1,1,0,0,0,1,4.12728313431329,3.277613436819116,3,0,https://www.theguardian.com/about,0
31,9,6,2,0,0,3,0,0,0,0,0,0,0,1,1,0,0,1,1,3.873235826376329,2.94770277922009,3,0,https://www.microsoft.com/about,0
23,6,5,1,0,0,3,0,0,0,0,0,0,0,1,0,0,0,0,0,3.5511911744656968,2.2516291673878226,3,0,https://target.com/team,0
28,7,5,2,0,0,3,0,0,0,0,0,0,0,1,1,0,0,0,1,3.7803946541231945,2.2359263506290326,3,0,https://www.harvard.edu/news,0
26,5,5,2,0,0,3,0,0,0,0,0,0,0,1,1,0,0,1,1,3.7671834678914613,1.9219280948873623,3,0,https://www.apple.com/docs,0
26,6,8,1,0,0,3,0,0,0,0,0,0,0,1,0,0,0,0,0,3.95006375643621,2.2516291673878226,3,0,https://reddit.com/privacy,0
33,11,6,2,0,0,3,0,0,0,0,0,0,0,1,1,0,0,0,1,3.861983513035609,3.095795255000934,3,0,https://www.arstechnica.com/press,0
25,4,9,1,0,0,3,0,0,0,0,0,0,0,1,0,0,0,0,0,3.7034651896016473,2.0,3,0,https://cnet.com/products,0
26,5,5,2,0,0,3,0,0,0,0,0,0,0,1,1,0,0,0,1,3.6423714487439023,1.9219280948873623,3,0,https://www.yahoo.com/docs,0
32,8,8,2,0,0,3,0,0,0,0,0,0,0,1,1,0,0,1,1,3.8431390622295662,3.0,3,0,https://www.stanford.edu/support,0
23,5,6,1,0,0,3,0,0,0,0,0,0,0,1,0,0,0,0,0,3.7081320646586016,2.321928094887362,3,0,https://intel.com/terms,0
26,8,6,1,0,0,3,0,0,0,0,0,0,0,1,0,0,0,0,0,4.103909910282364,2.5,3,0,https://linkedin.com/about,0
31,6,9,2,0,0,3,0,0,0,0,0,0,0,1,1,0,0,0,1,3.913400745661378,2.2516291673878226,3,0,https://www.reddit.com/download,0
26,8,6,1,0,0,3,0,0,0,0,0,0,0,1,0,0,0,0,0,3.5944825065194204,2.75,3,0,https://coursera.org/press,0
29,10,7,1,0,0,3,0,0,0,0,0,0,0,1,0,0,0,0,0,3.978333581185264,3.1219280948873624,3,0,https://cloudflare.com/search,0
26,5,5,2,0,0,3,0,0,0,0,0,0,0,1,1,0,0,0,1,3.738149333192866,1.9219280948873623,3,0,https://www.cisco.com/blog,0
33,9,8,2,0,0,3,0,0,0,0,0,0,0,1,1,0,0,0,1,3.98319563424773,2.725480556997868,3,0,https://www.wordpress.com/privacy,0
31,11,8,1,0,0,3,0,0,0,0,0,0,0,1,0,0,0,1,0,4.002268084440845,3.277613436819116,3,0,https://theguardian.com/support,0
28,10,6,1,0,0,3,0,0,0,0,0,0,0,1,0,0,0,0,0,3.9677201004744993,3.1219280948873624,3,0,https://cloudflare.com/press,0
26,8,6,1,0,0,3,0,0,0,0,0,0,0,1,0,0,0,0,0,3.8441065448145384,2.75,3,0,https://facebook.com/press,0
26,4,10,1,0,0,3,0,0,0,0,0,0,0,1,0,0,0,0,0,3.690260390968384,2.0,3,0,https://cnet.com/community,0
27,9,6,1,0,0,3,0,0,0,0,0,0,0,1,0,0,0,0,0,3.6339740759971573,2.725480556997868,3,0,https://wordpress.com/terms,0
31,6,9,2,0,0,3,0,0,0,0,0,0,0,1,1,0,0,0,1,3.913400745661378,1.9182958340544896,3,0,https://www.google.com/products,0
24,7,5,1,0,0,3,0,0,0,0,0,0,0,1,0,0,0,0,0,3.7406015629507228,2.8073549220576046,3,0,https://spotify.com/help,0
34,11,7,2,0,0,3,0,0,0,0,0,0,0,1,1,0,0,0,1,3.917626443873359,3.095795255000934,3,0,https://www.arstechnica.com/events,0
19,6,1,1,0,0,3,0,0,0,0,0,0,0,1,0,0,0,0,0,3.6421498816369047,2.2516291673878226,3,0,https://reddit.com/,0
30,6,8,2,0,0,3,0,0,0,0,0,0,0,1,1,0,0,0,1,4.056564762130955,2.2516291673878226,3,0,https://www.airbnb.com/privacy,0
23,3,8,1,0,0,3,0,0,0,0,0,0,0,1,0,0,0,1,0,3.642489673166126,1.584962500721156,3,0,https://ibm.com/support,0
22,9,1,1,0,0,3,0,0,0,0,0,0,0,1,0,0,0,0,0,3.8453509366224363,2.6416041678685938,3,0,https://wikipedia.org/,0
20,3,5,1,0,0,3,0,0,0,0,0,0,0,1,0,0,0,0,0,3.5464393446710156,1.584962500721156,3,0,https://mit.edu/help,0
25,5,8,1,0,0,3,0,0,0,0,0,0,0,1,0,0,0,0,0,3.9736606896881863,2.321928094887362,3,0,https://quora.com/privacy,0
32,6,10,2,0,0,3,0,0,0,0,0,0,0,1,1,0,0,0,1,3.9292292966721747,2.584962500721156,3,0,https://www.stripe.com/community,0
26,7,7,1,0,0,3,0,0,0,0,0,0,0,1,0,0,0,0,0,3.690260390968384,2.8073549220576046,3,0,https://nytimes.com/events,0
21,4,5,1,0,0,3,0,0,0,0,0,0,0,1,0,0,0,0,0,3.6537567082870015,1.5,3,0,https://nasa.gov/docs,0
27,4,8,2,0,0,3,0,0,0,0,0,0,0,1,1,0,0,1,1,3.550097686867883,1.5,2,0,https://www.zoom.us/support,0
25,5,8,1,0,0,3,0,0,0,0,0,0,0,1,0,0,0,0,0,3.7034651896016477,1.9219280948873623,3,0,https://yahoo.com/careers,0
29,3,10,2,0,0,3,0,0,0,0,0,0,0,1,1,0,0,0,1,3.8143719431796272,1.584962500721156,3,0,https://www.ibm.com/community,0
30,8,10,1,0,0,3,0,0,0,0,0,0,0,1,0,0,0,0,0,4.0062389286533895,2.75,3,0,https://coursera.org/community,0
30,7,7,2,0,0,3,0,0,0,0,0,0,0,1,1,0,0,0,1,3.939572261986723,2.8073549220576046,3,0,https://www.nytimes.com/search,0
29,4,9,2,0,0,3,0,0,0,0,0,0,0,1,1,0,0,0,1,3.9093680639438846,1.5,3,0,https://www.nasa.gov/services,0
29,3,10,2,0,0,3,0,0,0,0,0,0,0,1,1,0,0,0,1,3.83127625337525,1.584962500721156,3,0,https://www.mit.edu/resources,0
27,6,9,1,0,0,3,0,0,0,0,0,0,0,1,0,0,0,0,0,4.078418520441602,2.584962500721156,3,0,https://github.com/download,0
32,8,8,2,0,0,3,0,0,0,0,0,0,0,1,1,0,0,0,1,3.9681390622295662,2.4056390622295662,3,0,https://www.theverge.com/pricing,0
31,10,9,1,0,0,3,0,0,0,0,0,0,0,1,0,0,0,0,0,3.8890495359141695,2.9219280948873623,3,0,https://salesforce.com/products,0
32,10,6,2,0,0,3,0,0,0,0,0,0,0,1,1,0,0,0,1,3.7417292966721747,2.6464393446710157,3,0,https://www.techcrunch.com/terms,0
22,4,6,1,0,0,3,0,0,0,0,0,0,0,1,0,0,0,0,0,3.6069367321753214,1.5,3,0,https://nasa.gov/press,0
21,4,5,1,0,0,3,0,0,0,0,0,0,0,1,0,0,0,0,0,3.5225715891363603,2.0,3,0,https://cnet.com/docs,0
27,7,4,2,0,0,3,0,0,0,0,0,0,0,1,1,0,0,0,1,3.8561962982193796,2.8073549220576046,3,0,https://www.spotify.com/faq,0
30,5,9,2,0,0,3,0,0,0,0,0,0,0,1,1,0,0,0,1,4.0062389286533895,2.321928094887362,3,0,https://www.udemy.com/services,0
22,5,5,1,0,0,3,0,0,0,0,0,0,0,1,0,0,0,0,0,3.6635327548042547,2.321928094887362,3,0,https://adobe.com/docs,0
31,9,10,1,0,0,3,0,0,0,0,0,0,0,1,0,0,0,0,0,4.018081793978686,2.6416041678685938,3,0,https://wikipedia.org/solutions,0
32,8,8,2,0,0,3,0,0,0,0,0,0,0,1,1,0,0,0,1,4.155639062229566,2.75,3,0,https://www.facebook.com/privacy,0
28,8,8,1,0,0,3,0,0,0,0,0,0,0,1,0,0,0,0,0,3.851823225551766,2.75,3,0,https://coursera.org/pricing,0
25,8,5,1,0,0,3,0,0,0,0,0,0,0,1,0,0,0,0,0,3.9434651896016475,2.5,3,0,https://linkedin.com/team,0
32,11,5,2,0,0,3,0,0,0,0,0,0,0,1,1,0,0,0,1,3.9445488277869583,3.095795255000934,3,0,https://www.arstechnica.com/help,0
28,8,8,1,0,0,3,0,0,0,0,0,0,0,1,0,0,0,0,0,3.9677201004744993,2.5,3,0,https://linkedin.com/pricing,0
31,7,8,2,0,0,3,0,0,0,0,0,0,0,1,1,0,0,0,1,4.235981390822669,2.8073549220576046,3,0,https://www.netflix.com/privacy,0
27,5,10,1,0,0,3,0,0,0,0,0,0,0,1,0,0,0,1,0,3.80027870546653,1.9219280948873623,3,0,https://apple.com/solutions,0
23,3,4,2,0,0,3,0,0,0,0,0,0,0,1,1,0,0,0,1,3.8164027166443866,1.584962500721156,3,0,https://www.mit.edu/faq,0
21,3,6,1,0,0,3,0,0,0,0,0,0,0,1,0,0,0,0,0,3.558518613048906,0.9182958340544896,3,0,https://cnn.com/terms,0
26,4,6,2,0,0,3,0,0,0,0,0,0,0,1,1,0,0,0,1,3.921029621737615,2.0,3,0,https://www.bing.com/about,0
26,6,8,1,0,0,3,0,0,0,0,0,0,0,1,0,0,0,0,0,3.7671834678914613,2.584962500721156,3,0,https://apnews.com/careers,0
23,6,5,1,0,0,3,0,0,0,0,0,0,0,1,0,0,0,0,0,3.8492239123906247,2.2516291673878226,3,0,https://airbnb.com/team,0
29,10,7,1,0,0,3,0,0,0,0,0,0,0,1,0,0,0,0,0,3.6764409086968683,2.6464393446710157,3,0,https://techcrunch.com/events,0
30,7,7,2,0,0,3,0,0,0,0,0,0,0,1,1,0,0,0,1,4.0062389286533895,2.5216406363433186,3,0,https://www.booking.com/events,0
29,7,6,2,0,0,3,0,0,0,0,0,0,0,1,1,0,0,0,1,3.788341339656749,2.8073549220576046,3,0,https://www.spotify.com/press,0
30,7,7,2,0,0,3,0,0,0,0,0,0,0,1,1,0,0,0,1,3.8817276788697366,2.5216406363433186,3,0,https://www.walmart.com/events,0
31,7,8,2,0,0,3,0,0,0,0,0,0,0,1,1,0,0,1,1,3.6309850197851374,2.128085278891395,3,0,https://www.twitter.com/support,0
25,4,5,2,0,0,3,0,0,0,0,0,0,0,1,1,0,0,0,1,3.7834651896016473,1.5,3,0,https://www.nasa.gov/help,0
24,8,4,1,0,0,3,0,0,0,0,0,0,0,1,0,0,0,0,0,3.8239348962840563,2.4056390622295662,3,0,https://theverge.com/api,0
29,12,5,1,0,0,3,0,0,0,0,0,0,0,1,0,0,0,0,0,3.978333581185264,3.2516291673878226,3,0,https://digitalocean.com/help,0
28,7,9,1,0,0,3,0,0,0,0,0,0,0,1,0,0,0,0,0,3.9407598325400897,2.5216406363433186,3,0,https://dropbox.com/services,0
33,7,10,2,0,0,3,0,0,0,0,0,0,0,1,1,0,0,0,1,3.8848588918890474,2.8073549220576046,3,0,https://www.nytimes.com/solutions,0
37,11,10,2,0,0,3,0,0,0,0,0,0,0,1,1,0,0,0,1,4.114066203115955,3.277613436819116,3,0,https://www.theguardian.com/resources,0
26,6,4,2,0,0,3,0,0,0,0,0,0,0,1,1,0,0,0,1,3.921029621737615,1.9182958340544896,3,0,https://www.google.com/faq,0
28,8,8,1,0,0,3,0,0,0,0,0,0,0,1,0,0,0,0,0,4.0836169753972325,2.75,3,0,https://facebook.com/pricing,0
29,6,7,2,0,0,3,0,0,0,0,0,0,0,1,1,0,0,0,1,4.021268494903765,2.2516291673878226,3,0,https://www.airbnb.com/events,0
32,7,9,2,0,0,3,0,0,0,0,0,0,0,1,1,0,0,0,1,3.8431390622295662,2.5216406363433186,3,0,https://www.dropbox.com/products,0
36,10,10,2,0,0,3,0,0,0,0,0,0,0,1,1,0,0,0,1,4.134252431577194,2.9219280948873623,3,0,https://www.salesforce.com/community,0
27,3,8,2,0,0,3,0,0,0,0,0,0,0,1,1,0,0,1,1,3.6800893536948065,0.9182958340544896,3,0,https://www.bbc.com/support,0
23,5,6,1,0,0,3,0,0,0,0,0,0,0,1,0,0,0,0,0,3.7622673906514943,2.321928094887362,3,0,https://udemy.com/press,0
26,6,4,2,0,0,3,0,0,0,0,0,0,0,1,1,0,0,0,1,3.997952698660692,2.2516291673878226,3,0,https://www.reddit.com/faq,0
24,7,5,1,0,0,3,0,0,0,0,0,0,0,1,0,0,0,0,0,3.8239348962840563,2.5216406363433186,3,0,https://dropbox.com/team,0
30,5,9,2,0,0,3,0,0,0,0,0,0,0,1,1,0,0,0,1,3.8565647621309544,2.321928094887362,3,0,https://www.adobe.com/download,0
31,9,10,1,0,0,3,0,0,0,0,0,0,0,1,0,0,0,0,0,3.6796874392795544,2.725480556997868,3,0,https://pinterest.com/resources,0
24,7,5,1,0,0,3,0,0,0,0,0,0,0,1,0,0,0,0,0,3.7720552088742005,2.5216406363433186,3,0,https://discord.com/team,0
33,7,10,2,0,0,3,0,0,0,0,0,0,0,1,1,0,0,0,1,3.8539634370813545,2.5216406363433186,3,0,https://www.youtube.com/resources,0
31,6,9,2,0,0,3,0,0,0,0,0,0,0,1,1,0,0,0,1,3.8890495359141695,2.584962500721156,3,0,https://www.apnews.com/features,0
23,5,6,1,0,0,3,0,0,0,0,0,0,0,1,0,0,0,0,0,3.522711955680758,1.9219280948873623,3,0,https://cisco.com/terms,0
31,6,9,2,0,0,3,0,0,0,0,0,0,0,1,1,0,0,0,1,3.8858280691364318,2.2516291673878226,3,0,https://www.target.com/products,0
27,5,10,1,0,0,3,0,0,0,0,0,0,0,1,0,0,0,0,0,3.782122224145305,2.321928094887362,3,0,https://udemy.com/resources,0
31,5,10,2,0,0,3,0,0,0,0,0,0,0,1,1,0,0,0,1,4.018081793978686,2.321928094887362,3,0,https://www.adobe.com/solutions,0
23,6,5,1,0,0,3,0,0,0,0,0,0,0,1,0,0,0,0,0,3.7081320646586016,2.584962500721156,3,0,https://oracle.com/help,0
31,7,8,2,0,0,3,0,0,0,0,0,0,0,1,1,0,0,0,1,4.106949132758152,2.5216406363433186,3,0,https://www.youtube.com/pricing,0
28,4,8,2,0,0,3,0,0,0,0,0,0,0,1,1,0,0,0,1,3.9852281360342516,2.0,3,0,https://www.cnet.com/privacy,0
31,7,8,2,0,0,3,0,0,0,0,0,0,0,1,1,0,0,0,1,3.796960730356965,2.8073549220576046,3,0,https://www.nytimes.com/contact,0
26,6,8,1,0,0,3,0,0,0,0,0,0,0,1,0,0,0,0,0,3.6612262562697895,2.584962500721156,3,0,https://oracle.com/careers,0
27,7,8,1,0,0,3,0,0,0,0,0,0,0,1,0,0,0,1,0,3.6800893536948065,2.5216406363433186,3,0,https://youtube.com/support,0
28,7,5,2,0,0,3,0,0,0,0,0,0,0,1,1,0,0,0,1,3.869331261111518,2.5216406363433186,3,0,https://www.bestbuy.com/help,0
26,6,9,1,0,0,3,0,0,0,0,0,0,0,1,0,0,0,0,0,3.763342488271851,2.2516291673878226,2,0,https://twitch.tv/download,0
28,4,8,2,0,0,3,0,0,0,0,0,0,0,1,1,0,0,0,1,3.869331261111518,2.0,3,0,https://www.bing.com/pricing,0
33,11,10,1,0,0,3,0,0,0,0,0,0,0,1,0,0,0,0,0,3.8848588918890474,3.095795255000934,3,0,https://arstechnica.com/solutions,0
27,4,8,2,0,0,3,0,0,0,0,0,0,0,1,1,0,0,0,1,3.9582291686698783,1.5,2,0,https://www.zoom.us/pricing,0
23,6,5,1,0,0,3,0,0,0,0,0,0,0,1,0,0,0,0,0,3.675310868912364,2.584962500721156,3,0,https://apnews.com/news,0
26,6,5,2,0,0,3,0,0,0,0,0,0,0,1,1,0,0,0,1,3.426616045880948,2.2516291673878226,2,0,https://www.twitch.tv/help,0
26,6,8,1,0,0,3,0,0,0,0,0,0,0,1,0,0,0,0,0,3.873140679513133,2.2516291673878226,3,0,https://airbnb.com/pricing,0
29,9,8,1,0,0,3,0,0,0,0,0,0,0,1,0,0,0,1,0,3.6040317545551486,2.94770277922009,3,0,https://microsoft.com/contact,0
30,10,4,2,0,0,3,0,0,0,0,0,0,0,1,1,0,0,0,1,3.964735178725505,2.5219280948873624,3,0,https://www.duckduckgo.com/api,0
22,5,5,1,0,0,3,0,0,0,0,0,0,0,1,0,0,0,0,0,3.6635327548042547,2.321928094887362,3,0,https://intel.com/help,0
30,10,8,1,0,0,3,0,0,0,0,0,0,0,1,0,0,0,0,0,3.9110804962442782,2.6464393446710157,3,0,https://techcrunch.com/privacy,0
31,10,5,2,0,0,3,0,0,0,0,0,0,0,1,1,0,0,0,1,4.018081793978686,3.1219280948873624,3,0,https://www.cloudflare.com/docs,0
33,7,10,2,0,0,3,0,0,0,0,0,0,0,1,1,0,0,0,1,3.9225895736416696,2.8073549220576046,3,0,https://www.nytimes.com/resources,0
21,4,5,1,0,0,3,0,0,0,0,0,0,0,1,0,0,0,0,0,3.558518613048906,2.0,3,0,https://espn.com/help,0
32,6,10,2,0,0,3,0,0,0,0,0,0,0,1,1,0,0,0,1,3.8348683589017414,2.584962500721156,3,0,https://www.oracle.com/resources,0
24,6,6,1,0,0,3,0,0,0,0,0,0,0,1,0,0,0,0,0,3.688721875540867,2.584962500721156,3,0,https://oracle.com/terms,0
24,4,8,1,0,0,3,0,0,0,0,0,0,0,1,0,0,0,0,0,3.7406015629507228,1.5,3,0,https://nasa.gov/careers,0
22,5,5,1,0,0,3,0,0,0,0,0,0,0,1,0,0,0,0,0,3.8796640049025943,2.321928094887362,3,0,https://quora.com/help,0
35,11,8,2,0,0,3,0,0,0,0,0,0,0,1,1,0,0,1,1,4.164299088064471,3.027169118440619,3,0,https://www.khanacademy.org/support,0
25,6,7,1,0,0,3,0,0,0,0,0,0,0,1,0,0,0,0,0,3.80307418942857,2.2516291673878226,3,0,https://medium.com/events,0
28,6,10,1,0,0,3,0,0,0,0,0,0,0,1,0,0,0,0,0,3.699513850319966,2.2516291673878226,3,0,https://target.com/resources,0
25,8,5,1,0,0,3,0,0,0,0,0,0,0,1,0,0,0,0,0,3.7834651896016473,2.75,3,0,https://coursera.org/help,0
26,6,8,1,0,0,3,0,0,0,0,0,0,0,1,0,0,0,0,0,3.95006375643621,2.584962500721156,3,0,https://oracle.com/privacy,0
27,10,5,1,0,0,3,0,0,0,0,0,0,0,1,0,0,0,0,0,3.8841550945958043,2.9219280948873623,3,0,https://salesforce.com/news,0
29,9,8,1,0,0,3,0,0,0,0,0,0,0,1,0,0,0,1,0,3.8573068568981284,2.94770277922009,3,0,https://microsoft.com/privacy,0
30,8,6,2,0,0,3,0,0,0,0,0,0,0,1,1,0,0,0,1,3.7232314287976207,2.4056390622295662,3,0,https://www.theverge.com/terms,0
28,7,9,1,0,0,3,0,0,0,0,0,0,0,1,0,0,0,0,0,4.039148671903071,2.5216406363433186,3,0,https://youtube.com/download,0
29,6,7,2,0,0,3,0,0,0,0,0,0,0,1,1,0,0,0,1,3.9002417706166295,2.2516291673878226,3,0,https://www.medium.com/events,0
32,10,6,2,0,0,3,0,0,0,0,0,0,0,1,1,0,0,0,1,4.093139062229566,3.1219280948873624,3,0,https://www.cloudflare.com/about,0
34,10,8,2,0,0,3,0,0,0,0,0,0,0,1,1,0,0,0,1,4.043057694064253,2.5219280948873624,3,0,https://www.duckduckgo.com/careers,0
28,7,5,2,0,0,3,0,0,0,0,0,0,0,1,1,0,0,0,1,3.7264741182543752,2.2359263506290326,3,0,https://www.reuters.com/team,0
24,4,4,2,0,0,3,0,0,0,0,0,0,0,1,1,0,0,0,1,3.7406015629507228,1.5,3,0,https://www.nasa.gov/faq,0
30,6,8,2,0,0,3,0,0,0,0,0,0,0,1,1,0,0,0,1,3.8444138295776114,2.584962500721156,3,0,https://www.github.com/contact,0
26,6,8,1,0,0,3,0,0,0,0,0,0,0,1,0,0,0,1,0,3.7192945256669794,2.584962500721156,3,0,https://github.com/support,0
28,7,5,2,0,0,3,0,0,0,0,0,0,0,1,1,0,0,0,1,3.8248629576173565,2.5216406363433186,3,0,https://www.discord.com/news,0
31,7,8,2,0,0,3,0,0,0,0,0,0,0,1,1,0,0,0,1,4.082597923010944,2.5216406363433186,3,0,https://www.dropbox.com/privacy,0
30,8,6,2,0,0,3,0,0,0,0,0,0,0,1,1,0,0,0,1,3.964735178725505,2.4056390622295662,3,0,https://www.theverge.com/about,0
33,8,9,2,0,0,3,0,0,0,0,0,0,0,1,1,0,0,0,1,3.98319563424773,2.5,3,0,https://www.linkedin.com/download,0
25,5,8,1,0,0,3,0,0,0,0,0,0,0,1,0,0,0,0,0,4.023465189601647,2.321928094887362,3,0,https://intel.com/privacy,0
29,7,10,1,0,0,3,0,0,0,0,0,0,0,1,0,0,0,0,0,3.8143719431796272,2.8073549220576046,3,0,https://spotify.com/resources,0
31,7,8,2,0,0,3,0,0,0,0,0,0,0,1,1,0,0,0,1,3.6264137472020312,2.128085278891395,3,0,https://www.twitter.com/contact,0
29,4,10,2,0,0,3,0,0,0,0,0,0,0,1,1,0,0,0,1,3.6764409086968683,1.5,2,0,https://www.zoom.us/solutions,0
30,6,8,2,0,0,3,0,0,0,0,0,0,0,1,1,0,0,0,1,3.939572261986723,2.584962500721156,3,0,https://www.stripe.com/privacy,0
28,8,8,1,0,0,3,0,0,0,0,0,0,0,1,0,0,0,0,0,4.182005814760213,2.5,3,0,https://linkedin.com/privacy,0
25,8,5,1,0,0,3,0,0,0,0,0,0,0,1,0,0,0,0,0,3.80307418942857,3.0,3,0,https://stanford.edu/docs,0
28,7,9,1,0,0,3,0,0,0,0,0,0,0,1,0,0,0,0,0,3.797902689682947,2.8073549220576046,3,0,https://nytimes.com/services,0
33,7,10,2,0,0,3,0,0,0,0,0,0,0,1,1,0,0,0,1,3.642434649464805,2.2359263506290326,3,0,https://www.reuters.com/resources,0
26,6,8,1,0,0,3,0,0,0,0,0,0,0,1,0,0,0,1,0,3.7671834678914613,2.584962500721156,3,0,https://apnews.com/support,0
27,5,10,1,0,0,3,0,0,0,0,0,0,0,1,0,0,0,0,0,3.7080481500712312,2.321928094887362,3,0,https://intel.com/solutions,0
35,9,10,2,0,0,3,0,0,0,0,0,0,0,1,1,0,0,0,1,3.978864088188098,2.94770277922009,3,0,https://www.instagram.com/solutions,0
28,8,4,2,0,0,3,0,0,0,0,0,0,0,1,1,0,0,0,1,4.012188403968661,2.5,3,0,https://www.linkedin.com/api,0
34,13,5,2,0,0,3,0,0,0,0,0,0,0,1,1,0,0,0,1,3.984234164652489,3.546593564294939,3,0,https://www.stackoverflow.com/team,0
25,6,7,1,0,0,3,0,0,0,0,0,0,0,1,0,0,0,0,0,3.9736606896881863,2.2516291673878226,3,0,https://nvidia.com/search,0
26,5,9,1,0,0,3,0,0,0,0,0,0,0,1,0,0,0,1,0,3.8150724101159432,1.9219280948873623,3,0,https://apple.com/services,0
29,7,6,2,0,0,3,0,0,0,0,0,0,0,1,1,0,0,0,1,3.5780011510322707,2.128085278891395,3,0,https://www.twitter.com/press,0
30,9,5,2,0,0,3,0,0,0,0,0,0,0,1,1,0,0,0,1,3.6947396630551763,2.725480556997868,3,0,https://www.wordpress.com/news,0
26,4,10,1,0,0,3,0,0,0,0,0,0,0,1,0,0,0,0,0,3.8441065448145384,2.0,3,0,https://bing.com/community,0
29,5,8,2,0,0,3,0,0,0,0,0,0,0,1,1,0,0,1,1,3.7193758224153695,1.9219280948873623,3,0,https://www.yahoo.com/support,0
27,6,5,2,0,0,3,0,0,0,0,0,0,0,1,1,0,0,0,1,3.8841550945958043,2.584962500721156,3,0,https://www.github.com/team,0
39,13,10,2,0,0,3,0,0,0,0,0,0,0,1,1,0,0,0,1,4.009134590379753,3.546593564294939,3,0,https://www.stackoverflow.com/resources,0
27,5,10,1,0,0,3,0,0,0,0,0,0,0,1,0,0,0,0,0,3.976385649991103,2.321928094887362,3,0,https://adobe.com/community,0
28,3,9,2,0,0,3,0,0,0,0,0,0,0,1,1,0,0,0,1,3.8248629576173565,1.584962500721156,3,0,https://www.mit.edu/products,0
24,3,5,2,0,0,3,0,0,0,0,0,0,0,1,1,0,0,0,1,3.6572682296173893,1.584962500721156,3,0,https://www.mit.edu/help,0
33,11,6,2,0,0,3,0,0,0,0,0,0,0,1,1,0,0,0,1,4.104407755459851,3.027169118440619,3,0,https://www.khanacademy.org/terms,0
26,4,6,2,0,0,3,0,0,0,0,0,0,0,1,1,0,0,0,1,3.921029621737615,2.0,3,0,https://www.bing.com/terms,0
33,9,8,2,0,0,3,0,0,0,0,0,0,0,1,1,0,0,0,1,3.9225895736416696,2.725480556997868,3,0,https://www.wordpress.com/pricing,0
29,7,10,1,0,0,3,0,0,0,0,0,0,0,1,0,0,0,0,0,3.6638709784692725,2.128085278891395,3,0,https://twitter.com/resources,0
28,8,4,2,0,0,3,0,0,0,0,0,0,0,1,1,0,0,0,1,3.9852281360342516,2.4056390622295662,3,0,https://www.theverge.com/faq,0
29,11,6,1,0,0,3,0,0,0,0,0,0,0,1,0,0,0,0,0,4.0472990984266435,3.277613436819116,3,0,https://theguardian.com/about,0
28,7,5,2,0,0,3,0,0,0,0,0,0,0,1,1,0,0,0,1,3.770942421748537,2.8073549220576046,3,0,https://www.shopify.com/docs,0
23,3,8,1,0,0,3,0,0,0,0,0,0,0,1,0,0,0,0,0,3.8492239123906247,0.9182958340544896,3,0,https://cnn.com/privacy,0
20,4,5,1,0,0,3,0,0,0,0,0,0,0,1,0,0,0,0,0,3.584183719779189,1.5,2,0,https://zoom.us/help,0
27,6,9,1,0,0,3,0,0,0,0,0,0,0,1,0,0,0,0,0,3.7080481500712312,2.584962500721156,3,0,https://stripe.com/products,0
28,3,9,2,0,0,3,0,0,0,0,0,0,0,1,1,0,0,0,1,3.770942421748537,0.9182958340544896,3,0,https://www.bbc.com/products,0
27,6,10,1,0,0,3,0,0,0,0,0,0,0,1,0,0,0,0,0,3.6060152796207325,2.2516291673878226,2,0,https://twitch.tv/solutions,0
31,11,8,1,0,0,3,0,0,0,0,0,0,0,1,0,0,0,0,0,3.993730584231477,3.277613436819116,3,0,https://theguardian.com/careers,0
23,3,8,1,0,0,3,0,0,0,0,0,0,0,1,0,0,0,0,0,3.7622673906514943,0.9182958340544896,3,0,https://bbc.com/pricing,0
31,6,9,2,0,0,3,0,0,0,0,0,0,0,1,1,0,0,0,1,3.864698326166961,2.2516291673878226,3,0,https://www.reddit.com/services,0
29,7,10,1,0,0,3,0,0,0,0,0,0,0,1,0,0,0,0,0,3.978333581185264,2.8073549220576046,3,0,https://netflix.com/community,0
28,6,6,2,0,0,3,0,0,0,0,0,0,0,1,1,0,0,0,1,3.770942421748537,1.9182958340544896,3,0,https://www.google.com/terms,0
32,8,8,2,0,0,3,0,0,0,0,0,0,0,1,1,0,0,0,1,3.9445488277869583,2.75,3,0,https://www.facebook.com/careers,0
27,7,4,2,0,0,3,0,0,0,0,0,0,0,1,1,0,0,0,1,3.9302703722934536,2.5216406363433186,3,0,https://www.bestbuy.com/api,0
29,5,8,2,0,0,3,0,0,0,0,0,0,0,1,1,0,0,0,1,3.8404025467025056,2.321928094887362,3,0,https://www.wired.com/contact,0
27,6,5,2,0,0,3,0,0,0,0,0,0,0,1,1,0,0,1,1,3.8841550945958043,2.2516291673878226,3,0,https://www.amazon.com/help,0
23,3,8,1,0,0,3,0,0,0,0,0,0,0,1,0,0,0,1,0,3.588354347173233,1.584962500721156,3,0,https://mit.edu/support,0
27,5,6,2,0,0,3,0,0,0,0,0,0,0,1,1,0,0,0,1,3.736006946447656,2.321928094887362,3,0,https://www.wired.com/terms,0
26,6,8,1,0,0,3,0,0,0,0,0,0,0,1,0,0,0,0,0,3.9021748142117283,2.2516291673878226,3,0,https://target.com/privacy,0
23,5,6,1,0,0,3,0,0,0,0,0,0,0,1,0,0,0,1,0,3.729446194905256,1.9219280948873623,3,0,https://apple.com/about,0
25,5,4,2,0,0,3,0,0,0,0,0,0,0,1,1,0,0,0,1,3.9736606896881863,2.321928094887362,3,0,https://www.wired.com/faq,0
22,5,5,1,0,0,3,0,0,0,0,0,0,0,1,0,0,0,0,0,3.7544418457133455,2.321928094887362,3,0,https://intel.com/news,0
25,4,5,2,0,0,3,0,0,0,0,0,0,0,1,1,0,0,0,1,3.813660689688186,2.0,3,0,https://www.bing.com/news,0
25,7,6,1,0,0,3,0,0,0,0,0,0,0,1,0,0,0,0,0,3.5590795706241747,2.128085278891395,3,0,https://twitter.com/press,0
33,12,5,2,0,0,3,0,0,0,0,0,0,0,1,1,0,0,0,1,4.066677073707229,3.2516291673878226,3,0,https://www.digitalocean.com/help,0
25,6,7,1,0,0,3,0,0,0,0,0,0,0,1,0,0,0,1,0,3.7834651896016473,2.2516291673878226,3,0,https://amazon.com/search,0
26,6,8,1,0,0,3,0,0,0,0,0,0,0,1,0,0,0,0,0,3.8441065448145384,2.2516291673878226,3,0,https://reddit.com/pricing,0
27,6,5,2,0,0,3,0,0,0,0,0,0,0,1,1,0,0,0,1,3.8100810205217304,2.2516291673878226,3,0,https://www.medium.com/news,0
24,4,5,2,0,0,3,0,0,0,0,0,0,0,1,1,0,0,0,1,3.6258145836939115,1.5,2,0,https://www.zoom.us/docs,0
27,6,5,2,0,0,3,0,0,0,0,0,0,0,1,1,0,0,0,1,3.912113890972229,2.2516291673878226,3,0,https://www.nvidia.com/news,0
31,7,8,2,0,0,3,0,0,0,0,0,0,0,1,1,0,0,0,1,3.913400745661378,2.128085278891395,3,0,https://www.outlook.com/careers,0
32,13,7,1,0,0,3,0,0,0,0,0,0,0,1,0,0,0,0,0,4.030639062229566,3.546593564294939,3,0,https://stackoverflow.com/events,0
35,10,9,2,0,0,3,0,0,0,0,0,0,0,1,1,0,0,0,1,3.95729587384057,2.6464393446710157,3,0,https://www.techcrunch.com/download,0
32,11,5,2,0,0,3,0,0,0,0,0,0,0,1,1,0,0,0,1,4.241729296672175,3.277613436819116,3,0,https://www.theguardian.com/blog,0
29,6,7,2,0,0,3,0,0,0,0,0,0,0,1,1,0,0,0,1,3.771437029461126,2.2516291673878226,3,0,https://www.target.com/search,0
24,7,5,1,0,0,3,0,0,0,0,0,0,0,1,0,0,0,0,0,3.7406015629507228,2.5216406363433186,3,0,https://youtube.com/docs,0
21,4,5,1,0,0,3,0,0,0,0,0,0,0,1,0,0,0,1,0,3.880179922675738,2.0,3,0,https://ebay.com/blog,0
33,13,4,2,0,0,3,0,0,0,0,0,0,0,1,1,0,0,0,1,4.066677073707229,3.546593564294939,3,0,https://www.stackoverflow.com/api,0
28,11,1,2,0,0,3,0,0,0,0,0,0,0,1,1,0,0,0,1,3.8423709931771084,3.095795255000934,3,0,https://www.arstechnica.com/,0
28,4,8,2,0,0,3,0,0,0,0,0,0,0,1,1,0,0,1,1,4.110577243331642,2.0,3,0,https://www.ebay.com/pricing,0
28,6,6,2,0,0,3,0,0,0,0,0,0,0,1,1,0,0,0,1,3.91379956460568,2.584962500721156,3,0,https://www.github.com/press,0
24,4,8,1,0,0,3,0,0,0,0,0,0,0,1,0,0,0,0,0,3.5220552088742005,1.5,3,0,https://nasa.gov/contact,0
28,7,9,1,0,0,3,0,0,0,0,0,0,0,1,0,0,0,0,0,3.91379956460568,2.5216406363433186,3,0,https://youtube.com/services,0
28,6,6,2,0,0,3,0,0,0,0,0,0,0,1,1,0,0,1,1,3.815410725242699,1.9182958340544896,3,0,https://www.paypal.com/about,0
26,5,5,2,0,0,3,0,0,0,0,0,0,0,1,1,0,0,0,1,3.7483286603655745,2.321928094887362,3,0,https://www.wired.com/docs,0
30,9,5,2,0,0,3,0,0,0,0,0,0,0,1,1,0,0,0,1,3.6565647621309543,2.725480556997868,3,0,https://www.wordpress.com/docs,0
27,6,5,2,0,0,3,0,0,0,0,0,0,0,1,1,0,0,1,1,3.736006946447656,1.9182958340544896,3,0,https://www.paypal.com/help,0
30,10,8,1,0,0,3,0,0,0,0,0,0,0,1,0,0,0,0,0,4.031401845392172,2.9219280948873623,3,0,https://salesforce.com/pricing,0
31,7,8,2,0,0,3,0,0,0,0,0,0,0,1,1,0,0,1,1,3.7758309873874945,2.5216406363433186,3,0,https://www.discord.com/support,0
26,5,9,1,0,0,3,0,0,0,0,0,0,0,1,0,0,0,0,0,3.8441065448145384,2.321928094887362,3,0,https://wired.com/services,0
35,11,8,2,0,0,3,0,0,0,0,0,0,0,1,1,0,0,0,1,4.128724445269142,3.277613436819116,3,0,https://www.theguardian.com/pricing,0
35,13,10,1,0,0,3,0,0,0,0,0,0,0,1,0,0,0,0,0,4.090296503327815,3.546593564294939,3,0,https://stackoverflow.com/solutions,0
26,6,8,1,0,0,3,0,0,0,0,0,0,0,1,0,0,0,0,0,3.6133373140453076,2.2516291673878226,3,0,https://target.com/careers,0
28,7,5,2,0,0,3,0,0,0,0,0,0,0,1,1,0,0,0,1,3.8248629576173565,2.8073549220576046,3,0,https://www.spotify.com/team,0
29,7,6,2,0,0,3,0,0,0,0,0,0,0,1,1,0,0,0,1,3.8143719431796272,2.8073549220576046,3,0,https://www.nytimes.com/press,0
26,6,5,2,0,0,3,0,0,0,0,0,0,0,1,1,0,0,0,1,3.459491160199154,2.2516291673878226,2,0,https://www.twitch.tv/team,0
24,3,9,1,0,0,3,0,0,0,0,0,0,0,1,0,0,0,0,0,3.6572682296173893,0.9182958340544896,3,0,https://cnn.com/products,0
27,9,6,1,0,0,3,0,0,0,0,0,0,0,1,0,0,0,0,0,3.828237501842955,2.6416041678685938,3,0,https://wikipedia.org/press,0
23,6,5,1,0,0,3,0,0,0,0,0,0,0,1,0,0,0,1,0,3.795088586397732,2.2516291673878226,3,0,https://amazon.com/news,0
33,7,10,2,0,0,3,0,0,0,0,0,0,0,1,1,0,0,0,1,3.98319563424773,2.8073549220576046,3,0,https://www.netflix.com/solutions,0
27,7,4,2,0,0,3,0,0,0,0,0,0,0,1,1,0,0,0,1,3.9302703722934536,2.5216406363433186,3,0,https://www.youtube.com/api,0
25,6,7,1,0,0,3,0,0,0,0,0,0,0,1,0,0,0,1,0,3.7834651896016473,2.2516291673878226,3,0,https://amazon.com/events,0
24,3,9,1,0,0,3,0,0,0,0,0,0,0,1,0,0,0,0,0,3.6572682296173893,0.9182958340544896,3,0,https://bbc.com/products,0
28,6,10,1,0,0,3,0,0,0,0,0,0,0,1,0,0,0,0,0,3.958267868099842,2.584962500721156,3,0,https://oracle.com/community,0
35,11,8,2,0,0,3,0,0,0,0,0,0,0,1,1,0,0,1,1,3.9357276594930424,3.095795255000934,3,0,https://www.arstechnica.com/support,0
26,9,5,1,0,0,3,0,0,0,0,0,0,0,1,0,0,0,0,0,3.921029621737615,2.6416041678685938,3,0,https://wikipedia.org/team,0
27,5,6,2,0,0,3,0,0,0,0,0,0,0,1,1,0,0,0,1,3.828237501842955,2.321928094887362,3,0,https://www.adobe.com/about,0
31,5,10,2,0,0,3,0,0,0,0,0,0,0,1,1,0,0,0,1,3.993730584231477,2.321928094887362,3,0,https://www.quora.com/community,0
29,7,10,1,0,0,3,0,0,0,0,0,0,0,1,0,0,0,0,0,3.8404025467025056,2.2359263506290326,3,0,https://reuters.com/community,0
29,4,9,2,0,0,3,0,0,0,0,0,0,0,1,1,0,0,1,1,3.995237891380887,2.0,3,0,https://www.ebay.com/features,0
31,9,6,2,0,0,3,0,0,0,0,0,0,0,1,1,0,0,0,1,3.603412343260191,2.725480556997868,3,0,https://www.wordpress.com/press,0
32,7,9,2,0,0,3,0,0,0,0,0,0,0,1,1,0,0,0,1,3.952819531114783,2.8073549220576046,3,0,https://www.shopify.com/services,0
27,5,10,1,0,0,3,0,0,0,0,0,0,0,1,0,0,0,0,0,3.828237501842955,2.321928094887362,3,0,https://wired.com/resources,0
27,6,9,1,0,0,3,0,0,0,0,0,0,0,1,0,0,0,0,0,3.9582291686698783,2.2516291673878226,3,0,https://target.com/download,0
29,7,10,1,0,0,3,0,0,0,0,0,0,0,1,0,0,0,0,0,3.7362801326109922,2.5216406363433186,3,0,https://youtube.com/resources,0
29,7,6,2,0,0,3,0,0,0,0,0,0,0,1,1,0,0,0,1,3.624379701651112,2.2359263506290326,3,0,https://www.reuters.com/press,0
28,11,5,1,0,0,3,0,0,0,0,0,0,0,1,0,0,0,0,0,4.039148671903071,3.277613436819116,3,0,https://theguardian.com/docs,0
33,13,4,2,0,0,3,0,0,0,0,0,0,0,1,1,0,0,0,1,4.066677073707229,3.546593564294939,3,0,https://www.stackoverflow.com/faq,0
25,3,6,2,0,0,3,0,0,0,0,0,0,0,1,1,0,0,0,1,3.6732696895151085,0.9182958340544896,3,0,https://www.cnn.com/press,0
24,7,5,1,0,0,3,0,0,0,0,0,0,0,1,0,0,0,0,0,3.8035088547976783,2.5216406363433186,3,0,https://booking.com/blog,0
30,9,9,1,0,0,3,0,0,0,0,0,0,0,1,0,0,0,1,0,3.9362434129830604,2.94770277922009,3,0,https://microsoft.com/download,0
33,13,8,1,0,0,3,0,0,0,0,0,0,0,1,0,0,0,0,0,3.942438726128142,3.546593564294939,3,0,https://stackoverflow.com/contact,0
24,6,6,1,0,0,3,0,0,0,0,0,0,0,1,0,0,0,0,0,3.569773835029478,2.2516291673878226,3,0,https://target.com/terms,0
28,11,1,2,0,0,3,0,0,0,0,0,0,0,1,1,0,0,0,1,4.0836169753972325,3.027169118440619,3,0,https://www.khanacademy.org/,0
27,6,9,1,0,0,3,0,0,0,0,0,0,0,1,0,0,0,1,0,3.8100810205217304,2.2516291673878226,3,0,https://amazon.com/download,0
21,4,6,1,0,0,3,0,0,0,0,0,0,0,1,0,0,0,0,0,3.499227541723357,1.5,2,0,https://zoom.us/press,0
22,6,4,1,0,0,3,0,0,0,0,0,0,0,1,0,0,0,0,0,3.7544418457133455,2.584962500721156,3,0,https://github.com/api,0
24,7,1,2,0,0,3,0,0,0,0,0,0,0,1,1,0,0,0,1,3.6572682296173893,2.8073549220576046,3,0,https://www.spotify.com/,0
23,3,8,1,0,0,3,0,0,0,0,0,0,0,1,0,0,0,0,0,3.642489673166126,0.9182958340544896,3,0,https://cnn.com/pricing,0
29,7,6,2,0,0,3,0,0,0,0,0,0,0,1,1,0,0,0,1,3.771437029461126,2.5216406363433186,3,0,https://www.walmart.com/about,0
32,10,6,2,0,0,3,0,0,0,0,0,0,0,1,1,0,0,0,1,3.9681390622295662,2.5219280948873624,3,0,https://www.duckduckgo.com/press,0
27,6,5,2,0,0,3,0,0,0,0,0,0,0,1,1,0,0,0,1,3.7080481500712312,1.9182958340544896,3,0,https://www.google.com/blog,0
32,6,10,2,0,0,3,0,0,0,0,0,0,0,1,1,0,0,1,1,3.9056390622295662,2.2516291673878226,3,0,https://www.amazon.com/solutions,0
28,7,5,2,0,0,3,0,0,0,0,0,0,0,1,1,0,0,0,1,3.9407598325400897,2.8073549220576046,3,0,https://www.netflix.com/help,0
28,10,6,1,0,0,3,0,0,0,0,0,0,0,1,0,0,0,0,0,3.91379956460568,2.9219280948873623,3,0,https://salesforce.com/about,0
25,5,8,1,0,0,3,0,0,0,0,0,0,0,1,0,0,0,0,0,3.399079570624175,1.9219280948873623,3,0,https://cisco.com/contact,0
27,7,8,1,0,0,3,0,0,0,0,0,0,0,1,0,0,0,1,0,3.7821222241453056,2.8073549220576046,3,0,https://nytimes.com/support,0
24,7,5,1,0,0,3,0,0,0,0,0,0,0,1,0,0,0,0,0,3.688721875540867,2.2359263506290326,3,0,https://harvard.edu/help,0
29,7,10,1,0,0,3,0,0,0,0,0,0,0,1,0,0,0,0,0,3.8278326164749097,2.5216406363433186,3,0,https://booking.com/solutions,0
27,10,5,1,0,0,3,0,0,0,0,0,0,0,1,0,0,0,0,0,3.8561962982193796,2.5219280948873624,3,0,https://duckduckgo.com/team,0
33,9,8,2,0,0,3,0,0,0,0,0,0,0,1,1,0,0,1,1,3.7754758472091443,2.725480556997868,3,0,https://www.pinterest.com/support,0
30,8,10,1,0,0,3,0,0,0,0,0,0,0,1,0,0,0,0,0,4.0062389286533895,2.75,3,0,https://facebook.com/community,0
27,9,6,1,0,0,3,0,0,0,0,0,0,0,1,0,0,0,0,0,3.9302703722934536,2.6416041678685938,3,0,https://wikipedia.org/terms,0
30,6,8,2,0,0,3,0,0,0,0,0,0,0,1,1,0,0,1,1,3.8062389286533898,1.9182958340544896,3,0,https://www.google.com/support,0
26,6,4,2,0,0,3,0,0,0,0,0,0,0,1,1,0,0,0,1,4.026986833359287,2.2516291673878226,3,0,https://www.airbnb.com/faq,0
25,4,5,2,0,0,3,0,0,0,0,0,0,0,1,1,0,0,1,1,3.813660689688186,2.0,3,0,https://www.ebay.com/news,0
27,7,8,1,0,0,3,0,0,0,0,0,0,0,1,0,0,0,0,0,3.9582291686698783,2.128085278891395,3,0,https://outlook.com/privacy,0
28,3,9,2,0,0,3,0,0,0,0,0,0,0,1,1,0,0,0,1,3.8962915290459277,1.584962500721156,3,0,https://www.ibm.com/download,0
35,9,10,2,0,0,3,0,0,0,0,0,0,0,1,1,0,0,0,1,3.8074355167595266,2.725480556997868,3,0,https://www.pinterest.com/resources,0
30,10,8,1,0,0,3,0,0,0,0,0,0,0,1,0,0,0,1,0,3.755913095175825,2.5219280948873624,3,0,https://duckduckgo.com/support,0
31,6,9,2,0,0,3,0,0,0,0,0,0,0,1,1,0,0,0,1,4.066784213473103,2.584962500721156,3,0,https://www.github.com/features,0
33,8,9,2,0,0,3,0,0,0,0,0,0,0,1,1,0,0,0,1,3.945464952495108,2.4056390622295662,3,0,https://www.theverge.com/products,0
24,5,7,1,0,0,3,0,0,0,0,0,0,0,1,0,0,0,0,0,3.855388542207534,2.321928094887362,3,0,https://intel.com/search,0
25,9,4,1,0,0,3,0,0,0,0,0,0,0,1,0,0,0,0,0,3.9132696895151087,2.94770277922009,3,0,https://instagram.com/faq,0
33,7,10,2,0,0,3,0,0,0,0,0,0,0,1,1,0,0,0,1,4.043801694853791,2.2359263506290326,3,0,https://www.harvard.edu/solutions,0
24,7,5,1,0,0,3,0,0,0,0,0,0,0,1,0,0,0,0,0,3.5739348962840563,2.128085278891395,3,0,https://twitter.com/team,0
30,6,8,2,0,0,3,0,0,0,0,0,0,0,1,1,0,0,0,1,3.939572261986723,1.9182958340544896,3,0,https://www.google.com/pricing,0
33,8,9,2,0,0,3,0,0,0,0,0,0,0,1,1,0,0,0,1,4.043801694853791,3.0,3,0,https://www.stanford.edu/services,0
29,5,8,2,0,0,3,0,0,0,0,0,0,0,1,1,0,0,1,1,3.8143719431796272,2.321928094887362,3,0,https://www.wired.com/support,0
22,5,5,1,0,0,3,0,0,0,0,0,0,0,1,0,0,0,0,0,3.8453509366224363,2.321928094887362,3,0,https://slack.com/news,0
23,6,5,1,0,0,3,0,0,0,0,0,0,0,1,0,0,0,0,0,4.0559581516151235,2.2516291673878226,3,0,https://nvidia.com/blog,0
26,6,5,2,0,0,3,0,0,0,0,0,0,0,1,1,0,0,0,1,3.3937409315627427,2.2516291673878226,2,0,https://www.twitch.tv/news,0
33,11,10,1,0,0,3,0,0,0,0,0,0,0,1,0,0,0,0,0,3.8013774524295485,3.095795255000934,3,0,https://arstechnica.com/resources,0
28,6,6,2,0,0,3,0,0,0,0,0,0,0,1,1,0,0,0,1,3.7264741182543752,2.2516291673878226,3,0,https://www.target.com/press,0
30,8,6,2,0,0,3,0,0,0,0,0,0,0,1,1,0,0,0,1,3.847742678581274,2.75,3,0,https://www.coursera.org/about,0
29,8,9,1,0,0,3,0,0,0,0,0,0,0,1,0,0,0,0,0,3.995237891380887,2.5,3,0,https://linkedin.com/services,0
23,3,8,1,0,0,3,0,0,0,0,0,0,0,1,0,0,0,0,0,3.8820451081368623,1.584962500721156,3,0,https://ibm.com/privacy,0
28,7,5,2,0,0,3,0,0,0,0,0,0,0,1,1,0,0,0,1,3.8962915290459277,2.5216406363433186,3,0,https://www.discord.com/help,0
20,4,4,1,0,0,3,0,0,0,0,0,0,0,1,0,0,0,0,0,3.9841837197791894,2.0,3,0,https://bing.com/faq,0
34,12,6,2,0,0,3,0,0,0,0,0,0,0,1,1,0,0,0,1,4.101881223476018,3.2516291673878226,3,0,https://www.digitalocean.com/terms,0
22,3,7,1,0,0,3,0,0,0,0,0,0,0,1,0,0,0,0,0,3.6635327548042547,0.9182958340544896,3,0,https://bbc.com/events,0
27,4,8,2,0,0,3,0,0,0,0,0,0,0,1,1,0,0,0,1,3.7080481500712312,1.5,2,0,https://www.zoom.us/contact,0
27,6,9,1,0,0,3,0,0,0,0,0,0,0,1,0,0,0,0,0,3.976385649991103,2.2516291673878226,3,0,https://medium.com/download,0
27,6,5,2,0,0,3,0,0,0,0,0,0,0,1,1,0,0,1,1,3.7262046313924557,1.9182958340544896,3,0,https://www.paypal.com/team,0
31,7,8,2,0,0,3,0,0,0,0,0,0,0,1,1,0,0,0,1,3.7600172778496534,2.2359263506290326,3,0,https://www.harvard.edu/careers,0
32,11,5,2,0,0,3,0,0,0,0,0,0,0,1,1,0,0,0,1,4.116729296672175,3.027169118440619,3,0,https://www.khanacademy.org/docs,0
24,3,5,2,0,0,3,0,0,0,0,0,0,0,1,1,0,0,0,1,3.5220552088742005,0.9182958340544896,3,0,https://www.cnn.com/news,0
29,12,1,2,0,0,3,0,0,0,0,0,0,0,1,1,0,0,0,1,4.021268494903765,3.2516291673878226,3,0,https://www.digitalocean.com/,0
30,9,5,2,0,0,3,0,0,0,0,0,0,0,1,1,0,0,1,1,3.872905595320056,2.94770277922009,3,0,https://www.microsoft.com/help,0
33,7,10,2,0,0,3,0,0,0,0,0,0,0,1,1,0,0,0,1,3.8848588918890474,2.8073549220576046,3,0,https://www.shopify.com/solutions,0
29,8,5,2,0,0,3,0,0,0,0,0,0,0,1,1,0,0,0,1,3.978333581185264,2.5,3,0,https://www.linkedin.com/docs,0
29,8,9,1,0,0,3,0,0,0,0,0,0,0,1,0,0,0,0,0,3.978333581185264,2.75,3,0,https://coursera.org/download,0
32,7,9,2,0,0,3,0,0,0,0,0,0,0,1,1,0,0,0,1,3.9917292966721747,2.8073549220576046,3,0,https://www.nytimes.com/download,0
26,7,7,1,0,0,3,0,0,0,0,0,0,0,1,0,0,0,0,0,3.8441065448145384,2.8073549220576046,3,0,https://spotify.com/search,0
28,6,6,2,0,0,3,0,0,0,0,0,0,0,1,1,0,0,0,1,3.9677201004744993,2.2516291673878226,3,0,https://www.reddit.com/about,0
29,6,8,2,0,0,3,0,0,0,0,0,0,0,1,1,0,0,0,1,3.6040317545551486,2.2516291673878226,2,0,https://www.twitch.tv/careers,0
25,3,6,2,0,0,3,0,0,0,0,0,0,0,1,1,0,0,0,1,3.7532696895151085,0.9182958340544896,3,0,https://www.cnn.com/about,0
28,4,8,2,0,0,3,0,0,0,0,0,0,0,1,1,0,0,0,1,3.770942421748537,2.0,3,0,https://www.espn.com/careers,0
26,8,6,1,0,0,3,0,0,0,0,0,0,0,1,0,0,0,0,0,3.95006375643621,2.5,3,0,https://linkedin.com/press,0
26,9,5,1,0,0,3,0,0,0,0,0,0,0,1,0,0,0,1,0,3.8150724101159432,2.94770277922009,3,0,https://microsoft.com/news,0
27,7,8,1,0,0,3,0,0,0,0,0,0,0,1,0,0,0,1,0,3.6339740759971573,2.8073549220576046,3,0,https://spotify.com/support,0
34,8,10,2,0,0,3,0,0,0,0,0,0,0,1,1,0,0,0,1,3.7160160623359078,2.75,3,0,https://www.coursera.org/resources,0
26,5,5,2,0,0,3,0,0,0,0,0,0,0,1,1,0,0,0,1,3.873140679513133,2.321928094887362,3,0,https://www.udemy.com/help,0
23,6,5,1,0,0,3,0,0,0,0,0,0,0,1,0,0,0,1,0,3.675310868912364,1.9182958340544896,3,0,https://paypal.com/docs,0
27,11,4,1,0,0,3,0,0,0,0,0,0,0,1,0,0,0,0,0,4.0043444463675275,3.277613436819116,3,0,https://theguardian.com/api,0
26,6,8,1,0,0,3,0,0,0,0,0,0,0,1,0,0,0,0,0,3.9790978911348054,2.2516291673878226,3,0,https://nvidia.com/careers,0
20,4,4,1,0,0,3,0,0,0,0,0,0,0,1,0,0,0,0,0,3.6464393446710157,1.5,3,0,https://nasa.gov/faq,0
23,6,5,1,0,0,3,0,0,0,0,0,0,0,1,0,0,0,0,0,3.936180434129755,2.2516291673878226,3,0,https://medium.com/blog,0
31,10,9,1,0,0,3,0,0,0,0,0,0,0,1,0,0,0,0,0,3.7482583108625476,2.6464393446710157,3,0,https://techcrunch.com/services,0
23,3,4,2,0,0,3,0,0,0,0,0,0,0,1,1,0,0,0,1,3.7622673906514943,0.9182958340544896,3,0,https://www.cnn.com/faq,0
32,7,9,2,0,0,3,0,0,0,0,0,0,0,1,1,0,0,0,1,3.7417292966721747,2.128085278891395,3,0,https://www.twitter.com/products,0
25,9,4,1,0,0,3,0,0,0,0,0,0,0,1,0,0,0,0,0,3.8936606896881862,2.725480556997868,3,0,https://pinterest.com/faq,0
30,6,8,2,0,0,3,0,0,0,0,0,0,0,1,1,0,0,0,1,3.939572261986723,2.2516291673878226,3,0,https://www.medium.com/careers,0
32,12,4,2,0,0,3,0,0,0,0,0,0,0,1,1,0,0,0,1,4.155639062229566,3.2516291673878226,3,0,https://www.digitalocean.com/faq,0
26,7,7,1,0,0,3,0,0,0,0,0,0,0,1,0,0,0,0,0,3.7483286603655745,2.128085278891395,3,0,https://outlook.com/events,0
34,11,7,2,0,0,3,0,0,0,0,0,0,0,1,1,0,0,0,1,3.836600340868551,3.095795255000934,3,0,https://www.arstechnica.com/search,0
36,10,10,2,0,0,3,0,0,0,0,0,0,0,1,1,0,0,0,1,3.953968403919608,2.5219280948873624,3,0,https://www.duckduckgo.com/resources,0
30,9,9,1,0,0,3,0,0,0,0,0,0,0,1,0,0,0,1,0,3.739572261986723,2.94770277922009,3,0,https://microsoft.com/services,0
35,11,8,2,0,0,3,0,0,0,0,0,0,0,1,1,0,0,1,1,4.093149802473812,3.277613436819116,3,0,https://www.theguardian.com/support,0
28,3,9,2,0,0,3,0,0,0,0,0,0,0,1,1,0,0,0,1,3.9407598325400897,0.9182958340544896,3,0,https://www.cnn.com/features,0
29,7,10,1,0,0,3,0,0,0,0,0,0,0,1,0,0,0,0,0,3.771437029461126,2.5216406363433186,3,0,https://discord.com/solutions,0
27,5,10,1,0,0,3,0,0,0,0,0,0,0,1,0,0,0,0,0,3.587858798299508,1.9219280948873623,3,0,https://cisco.com/resources,0
30,7,7,2,0,0,3,0,0,0,0,0,0,0,1,1,0,0,0,1,3.7647351787255054,2.2359263506290326,3,0,https://www.reuters.com/events,0
25,5,8,1,0,0,3,0,0,0,0,0,0,0,1,0,0,0,0,0,3.7834651896016473,1.9219280948873623,3,0,https://yahoo.com/privacy,0
22,6,4,1,0,0,3,0,0,0,0,0,0,0,1,0,0,0,0,0,3.7544418457133455,2.2516291673878226,3,0,https://reddit.com/api,0
28,7,5,2,0,0,3,0,0,0,0,0,0,0,1,1,0,0,0,1,3.7264741182543752,2.8073549220576046,3,0,https://www.nytimes.com/news,0
31,6,9,2,0,0,3,0,0,0,0,0,0,0,1,1,0,0,0,1,3.929214455199219,2.584962500721156,3,0,https://www.oracle.com/services,0
28,3,9,2,0,0,3,0,0,0,0,0,0,0,1,1,0,0,0,1,3.869331261111518,1.584962500721156,3,0,https://www.ibm.com/services,0
26,9,5,1,0,0,3,0,0,0,0,0,0,0,1,0,0,0,0,0,3.657385276650179,2.725480556997868,3,0,https://pinterest.com/team,0
30,8,6,2,0,0,3,0,0,0,0,0,0,0,1,1,0,0,0,1,3.923231428797621,3.0,3,0,https://www.stanford.edu/about,0
25,3,6,2,0,0,3,0,0,0,0,0,0,0,1,1,0,0,0,1,3.6732696895151085,0.9182958340544896,3,0,https://www.bbc.com/terms,0
35,13,6,2,0,0,3,0,0,0,0,0,0,0,1,1,0,0,0,1,3.978864088188098,3.546593564294939,3,0,https://www.stackoverflow.com/press,0
27,10,5,1,0,0,3,0,0,0,0,0,0,0,1,0,0,0,0,0,3.6339740759971573,2.5219280948873624,3,0,https://duckduckgo.com/docs,0
32,6,10,2,0,0,3,0,0,0,0,0,0,0,1,1,0,0,0,1,3.98345859334435,2.2516291673878226,3,0,https://www.nvidia.com/solutions,0
25,4,5,2,0,0,3,0,0,0,0,0,0,0,1,1,0,0,1,1,3.8634651896016474,2.0,3,0,https://www.ebay.com/docs,0
28,6,10,1,0,0,3,0,0,0,0,0,0,0,1,0,0,0,0,0,3.6280852788913944,2.584962500721156,3,0,https://stripe.com/resources,0
25,5,8,1,0,0,3,0,0,0,0,0,0,0,1,0,0,0,1,0,3.5932696895151084,1.9219280948873623,3,0,https://apple.com/contact,0
26,7,7,1,0,0,3,0,0,0,0,0,0,0,1,0,0,0,0,0,4.026986833359287,2.5216406363433186,3,0,https://booking.com/search,0
29,10,7,1,0,0,3,0,0,0,0,0,0,0,1,0,0,0,0,0,3.6469666682736497,2.6464393446710157,3,0,https://techcrunch.com/search,0
22,5,5,1,0,0,3,0,0,0,0,0,0,0,1,0,0,0,0,0,3.7544418457133455,2.321928094887362,3,0,https://quora.com/team,0
28,4,8,2,0,0,3,0,0,0,0,0,0,0,1,1,0,0,1,1,3.797902689682947,2.0,3,0,https://www.ebay.com/contact,0
31,7,8,2,0,0,3,0,0,0,0,0,0,0,1,1,0,0,0,1,3.977916874693636,2.8073549220576046,3,0,https://www.shopify.com/careers,0
34,10,8,2,0,0,3,0,0,0,0,0,0,0,1,1,0,0,1,1,3.8732212966872726,2.5219280948873624,3,0,https://www.duckduckgo.com/support,0
24,7,5,1,0,0,3,0,0,0,0,0,0,0,1,0,0,0,0,0,3.636842188131012,2.128085278891395,3,0,https://outlook.com/team,0
26,7,7,1,0,0,3,0,0,0,0,0,0,0,1,0,0,0,0,0,3.8441065448145384,2.8073549220576046,3,0,https://nytimes.com/search,0
28,7,5,2,0,0,3,0,0,0,0,0,0,0,1,1,0,0,0,1,3.8248629576173565,2.5216406363433186,3,0,https://www.youtube.com/news,0
29,8,9,1,0,0,3,0,0,0,0,0,0,0,1,0,0,0,0,0,3.9262723741395074,2.75,3,0,https://facebook.com/features,0
29,13,4,1,0,0,3,0,0,0,0,0,0,0,1,0,0,0,0,0,4.090234012145144,3.546593564294939,3,0,https://stackoverflow.com/api,0
31,7,8,2,0,0,3,0,0,0,0,0,0,0,1,1,0,0,0,1,3.953565664946428,2.8073549220576046,3,0,https://www.shopify.com/pricing,0
20,3,5,1,0,0,3,0,0,0,0,0,0,0,1,0,0,0,0,0,3.684183719779189,0.9182958340544896,3,0,https://cnn.com/blog,0
23,5,6,1,0,0,3,0,0,0,0,0,0,0,1,0,0,0,0,0,4.023136955868885,2.321928094887362,3,0,https://wired.com/about,0
25,6,7,1,0,0,3,0,0,0,0,0,0,0,1,0,0,0,0,0,3.8634651896016474,2.2516291673878226,3,0,https://medium.com/search,0
33,12,5,2,0,0,3,0,0,0,0,0,0,0,1,1,0,0,0,1,4.020926316000352,3.2516291673878226,3,0,https://www.digitalocean.com/docs,0
34,8,10,2,0,0,3,0,0,0,0,0,0,0,1,1,0,0,0,1,4.1162996057016965,2.5,3,0,https://www.linkedin.com/resources,0
26,6,8,1,0,0,3,0,0,0,0,0,0,0,1,0,0,0,1,0,3.7962176025900565,1.9182958340544896,3,0,https://paypal.com/privacy,0
33,7,10,2,0,0,3,0,0,0,0,0,0,0,1,1,0,0,0,1,3.8391081341821707,2.5216406363433186,3,0,https://www.discord.com/resources,0
24,3,9,1,0,0,3,0,0,0,0,0,0,0,1,0,0,0,0,0,3.7720552088742005,1.584962500721156,3,0,https://ibm.com/products,0
27,5,6,2,0,0,3,0,0,0,0,0,0,0,1,1,0,0,0,1,3.828237501842955,2.321928094887362,3,0,https://www.slack.com/terms,0
24,5,7,1,0,0,3,0,0,0,0,0,0,0,1,0,0,0,0,0,3.886842188131012,2.321928094887362,3,0,https://udemy.com/search,0
28,6,10,1,0,0,3,0,0,0,0,0,0,0,1,0,0,0,0,0,3.8962915290459277,2.2516291673878226,3,0,https://reddit.com/community,0
24,7,1,2,0,0,3,0,0,0,0,0,0,0,1,1,0,0,0,1,3.9072682296173893,2.8073549220576046,3,0,https://www.netflix.com/,0
27,6,5,2,0,0,3,0,0,0,0,0,0,0,1,1,0,0,0,1,3.8561962982193796,2.584962500721156,3,0,https://www.github.com/docs,0
33,7,10,2,0,0,3,0,0,0,0,0,0,0,1,1,0,0,0,1,4.066677073707229,2.8073549220576046,3,0,https://www.netflix.com/community,0
26,5,5,2,0,0,3,0,0,0,0,0,0,0,1,1,0,0,0,1,4.026986833359287,2.321928094887362,3,0,https://www.udemy.com/blog,0
20,3,5,1,0,0,3,0,0,0,0,0,0,0,1,0,0,0,0,0,3.5464393446710156,0.9182958340544896,3,0,https://bbc.com/team,0
29,7,10,1,0,0,3,0,0,0,0,0,0,0,1,0,0,0,0,0,3.689901581992151,2.128085278891395,3,0,https://outlook.com/resources,0
22,5,5,1,0,0,3,0,0,0,0,0,0,0,1,0,0,0,0,0,3.7887549139935035,2.321928094887362,3,0,https://adobe.com/help,0
28,7,9,1,0,0,3,0,0,0,0,0,0,0,1,0,0,0,0,0,4.008621780036165,2.5216406363433186,3,0,https://booking.com/download,0
26,6,4,2,0,0,3,0,0,0,0,0,0,0,1,1,0,0,0,1,4.026986833359287,2.2516291673878226,3,0,https://www.nvidia.com/faq,0
31,9,10,1,0,0,3,0,0,0,0,0,0,0,1,0,0,0,0,0,3.913400745661378,2.94770277922009,3,0,https://instagram.com/resources,0
32,7,9,2,0,0,3,0,0,0,0,0,0,0,1,1,0,0,0,1,3.9917292966721747,2.8073549220576046,3,0,https://www.nytimes.com/products,0
28,5,7,2,0,0,3,0,0,0,0,0,0,0,1,1,0,0,0,1,3.9677201004744993,2.321928094887362,3,0,https://www.udemy.com/search,0
29,5,8,2,0,0,3,0,0,0,0,0,0,0,1,1,0,0,1,1,3.978333581185264,1.9219280948873623,3,0,https://www.apple.com/privacy,0
23,6,1,2,0,0,3,0,0,0,0,0,0,0,1,1,0,0,1,1,3.675310868912364,2.2516291673878226,3,0,https://www.amazon.com/,0
25,4,10,1,0,0,3,0,0,0,0,0,0,0,1,0,0,0,0,0,3.7230741894285697,1.5,2,0,https://zoom.us/community,0
26,9,5,1,0,0,3,0,0,0,0,0,0,0,1,0,0,0,0,0,3.9021748142117283,2.725480556997868,3,0,https://pinterest.com/blog,0
29,3,10,2,0,0,3,0,0,0,0,0,0,0,1,1,0,0,0,1,3.7362801326109922,0.9182958340544896,3,0,https://www.cnn.com/community,0
26,6,4,2,0,0,3,0,0,0,0,0,0,0,1,1,0,0,1,1,3.690260390968384,1.9182958340544896,3,0,https://www.paypal.com/api,0
20,4,4,1,0,0,3,0,0,0,0,0,0,0,1,0,0,0,0,0,3.746439344671016,2.0,3,0,https://cnet.com/faq,0
28,8,8,1,0,0,3,0,0,0,0,0,0,0,1,0,0,0,0,0,3.8423709931771084,2.75,3,0,https://facebook.com/careers,0
30,9,5,2,0,0,3,0,0,0,0,0,0,0,1,1,0,0,0,1,3.9898980954642878,2.6416041678685938,3,0,https://www.wikipedia.org/blog,0
26,3,7,2,0,0,3,0,0,0,0,0,0,0,1,1,0,0,0,1,3.7671834678914613,0.9182958340544896,3,0,https://www.cnn.com/search,0
30,9,9,1,0,0,3,0,0,0,0,0,0,0,1,0,0,0,0,0,3.777747162910945,2.725480556997868,3,0,https://wordpress.com/services,0
30,5,9,2,0,0,3,0,0,0,0,0,0,0,1,1,0,0,0,1,4.031401845392172,2.321928094887362,3,0,https://www.intel.com/features,0
28,8,8,1,0,0,3,0,0,0,0,0,0,0,1,0,0,0,0,0,3.699513850319966,2.75,3,0,https://coursera.org/contact,0
29,7,10,1,0,0,3,0,0,0,0,0,0,0,1,0,0,0,0,0,3.581444787932611,2.128085278891395,3,0,https://outlook.com/solutions,0
30,9,5,2,0,0,3,0,0,0,0,0,0,0,1,1,0,0,0,1,3.923231428797621,2.6416041678685938,3,0,https://www.wikipedia.org/docs,0
31,7,8,2,0,0,3,0,0,0,0,0,0,0,1,1,0,0,0,1,4.106949132758152,2.5216406363433186,3,0,https://www.bestbuy.com/pricing,0
30,5,9,2,0,0,3,0,0,0,0,0,0,0,1,1,0,0,0,1,3.872905595320056,2.321928094887362,3,0,https://www.quora.com/products,0
33,8,9,2,0,0,3,0,0,0,0,0,0,0,1,1,0,0,0,1,3.8391081341821707,2.75,3,0,https://www.coursera.org/products,0
31,10,5,2,0,0,3,0,0,0,0,0,0,0,1,1,0,0,0,1,3.953565664946428,2.6464393446710157,3,0,https://www.techcrunch.com/blog,0
20,7,1,1,0,0,3,0,0,0,0,0,0,0,1,0,0,0,0,0,3.6464393446710157,2.5216406363433186,3,0,https://dropbox.com/,0
30,5,9,2,0,0,3,0,0,0,0,0,0,0,1,1,0,0,0,1,3.831401845392172,2.321928094887362,3,0,https://www.wired.com/services,0
29,5,8,2,0,0,3,0,0,0,0,0,0,0,1,1,0,0,0,1,3.8143719431796272,1.9219280948873623,3,0,https://www.yahoo.com/careers,0
28,6,6,2,0,0,3,0,0,0,0,0,0,0,1,1,0,0,0,1,3.8248629576173565,2.584962500721156,3,0,https://www.apnews.com/about,0
27,7,8,1,0,0,3,0,0,0,0,0,0,0,1,0,0,0,0,0,3.8561962982193796,2.5216406363433186,3,0,https://dropbox.com/careers,0
31,6,9,2,0,0,3,0,0,0,0,0,0,0,1,1,0,0,0,1,3.8245334068819115,2.584962500721156,3,0,https://www.stripe.com/products,0
27,9,6,1,0,0,3,0,0,0,0,0,0,0,1,0,0,0,0,0,3.8841550945958043,2.94770277922009,3,0,https://instagram.com/about,0
27,10,5,1,0,0,3,0,0,0,0,0,0,0,1,0,0,0,0,0,3.9582291686698783,2.5219280948873624,3,0,https://duckduckgo.com/news,0
29,7,6,2,0,0,3,0,0,0,0,0,0,0,1,1,0,0,0,1,3.715932185515029,2.128085278891395,3,0,https://www.outlook.com/about,0
30,4,10,2,0,0,3,0,0,0,0,0,0,0,1,1,0,0,0,1,3.8062389286533898,2.0,3,0,https://www.espn.com/solutions,0
29,7,6,2,0,0,3,0,0,0,0,0,0,0,1,1,0,0,0,1,3.788341339656749,2.5216406363433186,3,0,https://www.discord.com/terms,0
31,10,5,2,0,0,3,0,0,0,0,0,0,0,1,1,0,0,0,1,3.977916874693636,2.5219280948873624,3,0,https://www.duckduckgo.com/help,0
26,6,8,1,0,0,3,0,0,0,0,0,0,0,1,0,0,0,1,0,3.5654483718208256,2.584962500721156,3,0,https://stripe.com/support,0
31,11,4,2,0,0,3,0,0,0,0,0,0,0,1,1,0,0,0,1,4.131300342505361,3.027169118440619,3,0,https://www.khanacademy.org/api,0
28,8,4,2,0,0,3,0,0,0,0,0,0,0,1,1,0,0,0,1,3.9407598325400897,3.0,3,0,https://www.stanford.edu/faq,0
22,4,6,1,0,0,3,0,0,0,0,0,0,0,1,0,0,0,1,0,3.7544418457133455,2.0,3,0,https://ebay.com/press,0
24,7,5,1,0,0,3,0,0,0,0,0,0,0,1,0,0,0,0,0,3.9387218755408675,2.8073549220576046,3,0,https://netflix.com/news,0
26,6,8,1,0,0,3,0,0,0,0,0,0,0,1,0,0,0,0,0,3.734308353573256,2.584962500721156,3,0,https://github.com/contact,0
23,6,1,2,0,0,3,0,0,0,0,0,0,0,1,1,0,0,0,1,3.729446194905256,2.2516291673878226,3,0,https://www.reddit.com/,0
27,7,4,2,0,0,3,0,0,0,0,0,0,0,1,1,0,0,0,1,3.782122224145305,2.8073549220576046,3,0,https://www.shopify.com/api,0
25,5,8,1,0,0,3,0,0,0,0,0,0,0,1,0,0,0,0,0,3.623465189601647,1.9219280948873623,3,0,https://cisco.com/pricing,0
21,3,6,1,0,0,3,0,0,0,0,0,0,0,1,0,0,0,0,0,3.6537567082870015,1.584962500721156,3,0,https://ibm.com/about,0
24,6,6,1,0,0,3,0,0,0,0,0,0,0,1,0,0,0,0,0,3.688721875540867,2.584962500721156,3,0,https://oracle.com/press,0
27,7,8,1,0,0,3,0,0,0,0,0,0,0,1,0,0,0,0,0,3.8841550945958043,2.8073549220576046,3,0,https://shopify.com/privacy,0
25,4,5,2,0,0,3,0,0,0,0,0,0,0,1,1,0,0,0,1,3.8634651896016474,2.0,3,0,https://www.bing.com/blog,0
30,5,9,2,0,0,3,0,0,0,0,0,0,0,1,1,0,0,0,1,3.939572261986723,1.9219280948873623,3,0,https://www.yahoo.com/services,0
35,13,6,2,0,0,3,0,0,0,0,0,0,0,1,1,0,0,0,1,4.07914337402601,3.546593564294939,3,0,https://www.stackoverflow.com/about,0
27,3,8,2,0,0,3,0,0,0,0,0,0,0,1,1,0,0,0,1,3.7080481500712312,1.584962500721156,3,0,https://www.ibm.com/contact,0
36,11,9,2,0,0,3,0,0,0,0,0,0,0,1,1,0,0,0,1,4.197159723424149,3.027169118440619,3,0,https://www.khanacademy.org/products,0
21,4,5,1,0,0,3,0,0,0,0,0,0,0,1,0,0,0,0,0,3.558518613048906,2.0,3,0,https://espn.com/news,0
28,6,6,2,0,0,3,0,0,0,0,0,0,0,1,1,0,0,0,1,3.6280852788913944,2.584962500721156,3,0,https://www.stripe.com/press,0
28,7,9,1,0,0,3,0,0,0,0,0,0,0,1,0,0,0,0,0,3.994680368408909,2.8073549220576046,3,0,https://shopify.com/download,0
29,5,8,2,0,0,3,0,0,0,0,0,0,0,1,1,0,0,0,1,3.9262723741395074,2.321928094887362,3,0,https://www.intel.com/pricing,0
28,6,6,2,0,0,3,0,0,0,0,0,0,0,1,1,0,0,0,1,3.838804369244613,2.2516291673878226,3,0,https://www.target.com/about,0
32,6,10,2,0,0,3,0,0,0,0,0,0,0,1,1,0,0,0,1,3.9292292966721747,2.584962500721156,3,0,https://www.apnews.com/community,0
32,8,8,2,0,0,3,0,0,0,0,0,0,0,1,1,0,0,0,1,3.92095859334435,3.0,3,0,https://www.stanford.edu/careers,0
28,6,10,1,0,0,3,0,0,0,0,0,0,0,1,0,0,0,0,0,4.039148671903071,2.2516291673878226,3,0,https://nvidia.com/resources,0
27,7,8,1,0,0,3,0,0,0,0,0,0,0,1,0,0,0,0,0,3.8561962982193796,2.8073549220576046,3,0,https://spotify.com/privacy,0
31,11,4,2,0,0,3,0,0,0,0,0,0,0,1,1,0,0,0,1,4.21163018107546,3.277613436819116,3,0,https://www.theguardian.com/faq,0
26,6,8,1,0,0,3,0,0,0,0,0,0,0,1,0,0,0,1,0,3.921029621737615,2.2516291673878226,3,0,https://nvidia.com/support,0
22,6,4,1,0,0,3,0,0,0,0,0,0,0,1,0,0,0,0,0,3.936260027531527,2.584962500721156,3,0,https://github.com/faq,0
25,5,8,1,0,0,3,0,0,0,0,0,0,0,1,0,0,0,0,0,3.623465189601647,1.9219280948873623,3,0,https://cisco.com/careers,0
23,3,8,1,0,0,3,0,0,0,0,0,0,0,1,0,0,0,0,0,3.7622673906514943,1.584962500721156,3,0,https://ibm.com/pricing,0
33,8,9,2,0,0,3,0,0,0,0,0,0,0,1,1,0,0,0,1,4.0586569977529745,2.75,3,0,https://www.facebook.com/services,0
25,4,5,2,0,0,3,0,0,0,0,0,0,0,1,1,0,0,1,1,3.7532696895151085,2.0,3,0,https://www.ebay.com/team,0
32,7,9,2,0,0,3,0,0,0,0,0,0,0,1,1,0,0,0,1,4.015319531114783,2.5216406363433186,3,0,https://www.youtube.com/download,0
27,5,10,1,0,0,3,0,0,0,0,0,0,0,1,0,0,0,0,0,3.828237501842955,2.321928094887362,3,0,https://intel.com/resources,0
30,7,7,2,0,0,3,0,0,0,0,0,0,0,1,1,0,0,0,1,4.0062389286533895,2.5216406363433186,3,0,https://www.dropbox.com/events,0
28,7,9,1,0,0,3,0,0,0,0,0,0,0,1,0,0,0,0,0,3.770942421748537,2.2359263506290326,3,0,https://harvard.edu/products,0
24,4,4,2,0,0,3,0,0,0,0,0,0,0,1,1,0,0,1,1,3.9387218755408675,2.0,3,0,https://www.ebay.com/faq,0
23,5,6,1,0,0,3,0,0,0,0,0,0,0,1,0,0,0,0,0,3.729446194905256,2.321928094887362,3,0,https://udemy.com/terms,0
28,9,7,1,0,0,3,0,0,0,0,0,0,0,1,0,0,0,1,0,3.7439821538141276,2.94770277922009,3,0,https://microsoft.com/search,0
27,7,8,1,0,0,3,0,0,0,0,0,0,0,1,0,0,0,0,0,3.600766781469759,2.128085278891395,3,0,https://twitter.com/contact,0
29,13,4,1,0,0,3,0,0,0,0,0,0,0,1,0,0,0,0,0,4.090234012145144,3.546593564294939,3,0,https://stackoverflow.com/faq,0
27,6,9,1,0,0,3,0,0,0,0,0,0,0,1,0,0,0,0,0,3.986187965046303,2.584962500721156,3,0,https://github.com/features,0
33,11,6,2,0,0,3,0,0,0,0,0,0,0,1,1,0,0,0,1,4.104407755459851,3.027169118440619,3,0,https://www.khanacademy.org/press,0
29,11,6,1,0,0,3,0,0,0,0,0,0,0,1,0,0,0,0,0,4.021268494903765,3.027169118440619,3,0,https://khanacademy.org/press,0
25,8,5,1,0,0,3,0,0,0,0,0,0,0,1,0,0,0,0,0,3.8634651896016474,3.0,3,0,https://stanford.edu/help,0
29,7,10,1,0,0,3,0,0,0,0,0,0,0,1,0,0,0,0,0,3.8143719431796272,2.5216406363433186,3,0,https://youtube.com/solutions,0
25,6,7,1,0,0,3,0,0,0,0,0,0,0,1,0,0,0,0,0,3.6732696895151085,2.584962500721156,3,0,https://stripe.com/events,0
29,8,5,2,0,0,3,0,0,0,0,0,0,0,1,1,0,0,0,1,3.8833374604210062,2.75,3,0,https://www.facebook.com/docs,0
26,4,6,2,0,0,3,0,0,0,0,0,0,0,1,1,0,0,0,1,3.921029621737615,2.0,3,0,https://www.bing.com/press,0
28,11,5,1,0,0,3,0,0,0,0,0,0,0,1,0,0,0,0,0,4.039148671903071,3.027169118440619,3,0,https://khanacademy.org/docs,0
25,5,8,1,0,0,3,0,0,0,0,0,0,0,1,0,0,0,0,0,3.8332696895151086,2.321928094887362,3,0,https://intel.com/pricing,0
36,10,10,2,0,0,3,0,0,0,0,0,0,0,1,1,0,0,0,1,3.8746697102453487,2.6464393446710157,3,0,https://www.techcrunch.com/community,0
29,9,8,1,0,0,3,0,0,0,0,0,0,0,1,0,0,0,0,0,3.65041030517399,2.725480556997868,3,0,https://pinterest.com/contact,0
25,4,9,1,0,0,3,0,0,0,0,0,0,0,1,0,0,0,0,0,3.9434651896016475,2.0,3,0,https://bing.com/services,0
22,9,1,1,0,0,3,0,0,0,0,0,0,0,1,0,0,0,0,0,3.7544418457133455,2.94770277922009,3,0,https://instagram.com/,0
34,10,8,2,0,0,3,0,0,0,0,0,0,0,1,1,0,0,0,1,3.6938134887428644,2.6464393446710157,3,0,https://www.techcrunch.com/contact,0
20,4,4,1,0,0,3,0,0,0,0,0,0,0,1,0,0,0,0,0,3.6464393446710157,2.0,3,0,https://cnet.com/api,0
32,10,10,1,0,0,3,0,0,0,0,0,0,0,1,0,0,0,0,0,4.132048827786958,3.1219280948873624,3,0,https://cloudflare.com/community,0
34,13,9,1,0,0,3,0,0,0,0,0,0,0,1,0,0,0,0,0,4.057476076289932,3.546593564294939,3,0,https://stackoverflow.com/features,0
29,6,7,2,0,0,3,0,0,0,0,0,0,0,1,1,0,0,0,1,3.978333581185264,2.2516291673878226,3,0,https://www.airbnb.com/search,0
28,7,9,1,0,0,3,0,0,0,0,0,0,0,1,0,0,0,0,0,3.9677201004744993,2.8073549220576046,3,0,https://spotify.com/download,0
24,7,1,2,0,0,3,0,0,0,0,0,0,0,1,1,0,0,0,1,3.7406015629507228,2.5216406363433186,3,0,https://www.youtube.com/,0
22,6,5,1,0,0,3,0,0,0,0,0,0,0,1,0,0,0,0,0,3.447401504705915,2.2516291673878226,2,0,https://twitch.tv/team,0
25,3,10,1,0,0,3,0,0,0,0,0,0,0,1,0,0,0,0,0,3.7834651896016473,1.584962500721156,3,0,https://mit.edu/community,0
27,5,6,2,0,0,3,0,0,0,0,0,0,0,1,1,0,0,0,1,3.9302703722934536,2.321928094887362,3,0,https://www.udemy.com/about,0
32,11,9,1,0,0,3,0,0,0,0,0,0,0,1,0,0,0,0,0,4.093139062229566,3.277613436819116,3,0,https://theguardian.com/services,0
28,4,8,2,0,0,3,0,0,0,0,0,0,0,1,1,0,0,0,1,3.7439821538141276,2.0,3,0,https://www.cnet.com/careers,0
29,7,6,2,0,0,3,0,0,0,0,0,0,0,1,1,0,0,0,1,3.83127625337525,2.5216406363433186,3,0,https://www.dropbox.com/press,0
31,7,8,2,0,0,3,0,0,0,0,0,0,0,1,1,0,0,0,1,3.7726095206097563,2.8073549220576046,3,0,https://www.spotify.com/contact,0
32,9,7,2,0,0,3,0,0,0,0,0,0,0,1,1,0,0,0,1,3.9681390622295662,2.6416041678685938,3,0,https://www.wikipedia.org/events,0
20,3,5,1,0,0,3,0,0,0,0,0,0,0,1,0,0,0,0,0,3.5464393446710156,0.9182958340544896,3,0,https://cnn.com/team,0
32,9,7,2,0,0,3,0,0,0,0,0,0,0,1,1,0,0,0,1,3.765319531114783,2.725480556997868,3,0,https://www.wordpress.com/search,0
27,3,8,2,0,0,3,0,0,0,0,0,0,0,1,1,0,0,0,1,3.8841550945958043,1.584962500721156,3,0,https://www.ibm.com/careers,0
28,7,5,2,0,0,3,0,0,0,0,0,0,0,1,1,0,0,0,1,3.6689869584530608,2.128085278891395,3,0,https://www.outlook.com/docs,0
27,7,4,2,0,0,3,0,0,0,0,0,0,0,1,1,0,0,0,1,4.078418520441602,2.5216406363433186,3,0,https://www.booking.com/faq,0
28,10,6,1,0,0,3,0,0,0,0,0,0,0,1,0,0,0,0,0,3.869331261111518,2.5219280948873624,3,0,https://duckduckgo.com/terms,0
28,6,6,2,0,0,3,0,0,0,0,0,0,0,1,1,0,0,0,1,3.8962915290459277,2.584962500721156,3,0,https://www.stripe.com/about,0
24,4,4,2,0,0,3,0,0,0,0,0,0,0,1,1,0,0,0,1,3.855388542207534,2.0,3,0,https://www.espn.com/faq,0
27,6,9,1,0,0,3,0,0,0,0,0,0,0,1,0,0,0,0,0,3.736006946447656,2.2516291673878226,3,0,https://reddit.com/products,0
28,6,6,2,0,0,3,0,0,0,0,0,0,0,1,1,0,0,0,1,3.8423709931771084,2.2516291673878226,3,0,https://www.medium.com/press,0
27,7,8,1,0,0,3,0,0,0,0,0,0,0,1,0,0,0,0,0,3.828237501842955,2.8073549220576046,3,0,https://nytimes.com/careers,0
26,7,7,1,0,0,3,0,0,0,0,0,0,0,1,0,0,0,0,0,3.7962176025900565,2.8073549220576046,3,0,https://spotify.com/events,0
26,4,10,1,0,0,3,0,0,0,0,0,0,0,1,0,0,0,0,0,3.95006375643621,1.5,3,0,https://nasa.gov/community,0
24,7,1,2,0,0,3,0,0,0,0,0,0,0,1,1,0,0,0,1,3.6572682296173893,2.2359263506290326,3,0,https://www.reuters.com/,0
24,3,5,2,0,0,3,0,0,0,0,0,0,0,1,1,0,0,0,1,3.7406015629507228,1.584962500721156,3,0,https://www.mit.edu/docs,0
22,6,4,1,0,0,3,0,0,0,0,0,0,0,1,0,0,0,0,0,3.8453509366224363,2.584962500721156,3,0,https://stripe.com/faq,0
27,6,9,1,0,0,3,0,0,0,0,0,0,0,1,0,0,0,0,0,3.9582291686698783,2.2516291673878226,3,0,https://airbnb.com/services,0
26,4,10,1,0,0,3,0,0,0,0,0,0,0,1,0,0,0,0,0,3.8150724101159432,2.0,3,0,https://bing.com/solutions,0
26,6,4,2,0,0,3,0,0,0,0,0,0,0,1,1,0,0,1,1,3.8150724101159432,1.9182958340544896,3,0,https://www.paypal.com/faq,0
26,5,9,1,0,0,3,0,0,0,0,0,0,0,1,0,0,0,1,0,3.7962176025900565,1.9219280948873623,3,0,https://apple.com/products,0
31,7,8,2,0,0,3,0,0,0,0,0,0,0,1,1,0,0,0,1,3.8371256496420143,2.5216406363433186,3,0,https://www.youtube.com/contact,0
27,7,8,1,0,0,3,0,0,0,0,0,0,0,1,0,0,0,0,0,3.6339740759971573,2.2359263506290326,3,0,https://harvard.edu/careers,0
30,9,5,2,0,0,3,0,0,0,0,0,0,0,1,1,0,0,1,1,3.7144093452479408,2.94770277922009,3,0,https://www.microsoft.com/docs,0
30,12,6,1,0,0,3,0,0,0,0,0,0,0,1,0,0,0,0,0,4.031401845392172,3.2516291673878226,3,0,https://digitalocean.com/about,0
29,7,6,2,0,0,3,0,0,0,0,0,0,0,1,1,0,0,0,1,3.7193758224153695,2.2359263506290326,3,0,https://www.harvard.edu/press,0
21,8,1,1,0,0,3,0,0,0,0,0,0,0,1,0,0,0,0,0,3.6178096843744556,2.4056390622295662,3,0,https://theverge.com/,0
28,9,7,1,0,0,3,0,0,0,0,0,0,0,1,0,0,0,0,0,3.797902689682947,2.725480556997868,3,0,https://wordpress.com/events,0
24,7,5,1,0,0,3,0,0,0,0,0,0,0,1,0,0,0,0,0,3.8239348962840563,2.5216406363433186,3,0,https://dropbox.com/help,0
31,5,10,2,0,0,3,0,0,0,0,0,0,0,1,1,0,0,0,1,3.88904953591417,2.321928094887362,3,0,https://www.udemy.com/resources,0
24,3,9,1,0,0,3,0,0,0,0,0,0,0,1,0,0,0,0,0,3.855388542207534,0.9182958340544896,3,0,https://cnn.com/features,0
29,4,9,2,0,0,3,0,0,0,0,0,0,0,1,1,0,0,0,1,3.9002417706166295,2.0,3,0,https://www.espn.com/features,0
27,6,5,2,0,0,3,0,0,0,0,0,0,0,1,1,0,0,0,1,3.912113890972229,2.2516291673878226,3,0,https://www.airbnb.com/news,0
29,8,5,2,0,0,3,0,0,0,0,0,0,0,1,1,0,0,0,1,3.978333581185264,2.75,3,0,https://www.facebook.com/blog,0
27,7,4,2,0,0,3,0,0,0,0,0,0,0,1,1,0,0,0,1,4.0043444463675275,2.5216406363433186,3,0,https://www.youtube.com/faq,0
33,7,10,2,0,0,3,0,0,0,0,0,0,0,1,1,0,0,0,1,3.8471282101364253,2.8073549220576046,3,0,https://www.nytimes.com/community,0
28,7,9,1,0,0,3,0,0,0,0,0,0,0,1,0,0,0,0,0,3.815410725242699,2.8073549220576046,3,0,https://shopify.com/products,0
29,6,8,2,0,0,3,0,0,0,0,0,0,0,1,1,0,0,1,1,3.5124792706912316,2.2516291673878226,2,0,https://www.twitch.tv/support,0
21,4,5,1,0,0,3,0,0,0,0,0,0,0,1,0,0,0,0,0,3.499227541723357,2.0,3,0,https://cnet.com/team,0
33,7,10,2,0,0,3,0,0,0,0,0,0,0,1,1,0,0,0,1,3.9225895736416696,2.5216406363433186,3,0,https://www.youtube.com/solutions,0
29,9,4,2,0,0,3,0,0,0,0,0,0,0,1,1,0,0,0,1,3.8143719431796272,2.725480556997868,3,0,https://www.wordpress.com/api,0
24,7,5,1,0,0,3,0,0,0,0,0,0,0,1,0,0,0,0,0,3.855388542207534,2.5216406363433186,3,0,https://discord.com/news,0
21,4,5,1,0,0,3,0,0,0,0,0,0,0,1,0,0,0,0,0,3.558518613048906,2.0,3,0,https://cnet.com/news,0
29,5,8,2,0,0,3,0,0,0,0,0,0,0,1,1,0,0,0,1,3.8143719431796272,2.321928094887362,3,0,https://www.wired.com/careers,0
25,8,5,1,0,0,3,0,0,0,0,0,0,0,1,0,0,0,0,0,3.7230741894285697,2.75,3,0,https://coursera.org/docs,0
25,6,7,1,0,0,3,0,0,0,0,0,0,0,1,0,0,0,0,0,3.7834651896016473,1.9182958340544896,3,0,https://google.com/search,0
30,7,7,2,0,0,3,0,0,0,0,0,0,0,1,1,0,0,0,1,3.939572261986723,2.5216406363433186,3,0,https://www.discord.com/events,0
32,11,9,1,0,0,3,0,0,0,0,0,0,0,1,0,0,0,0,0,4.155639062229566,3.027169118440619,3,0,https://khanacademy.org/services,0
29,5,8,2,0,0,3,0,0,0,0,0,0,0,1,1,0,0,0,1,4.021268494903765,2.321928094887362,3,0,https://www.slack.com/privacy,0
25,7,6,1,0,0,3,0,0,0,0,0,0,0,1,0,0,0,0,0,3.653660689688186,2.5216406363433186,3,0,https://discord.com/press,0
27,10,5,1,0,0,3,0,0,0,0,0,0,0,1,0,0,0,0,0,3.7080481500712312,2.6464393446710157,3,0,https://techcrunch.com/news,0
30,9,9,1,0,0,3,0,0,0,0,0,0,0,1,0,0,0,0,0,4.0062389286533895,2.6416041678685938,3,0,https://wikipedia.org/products,0
25,12,1,1,0,0,3,0,0,0,0,0,0,0,1,0,0,0,0,0,3.9434651896016475,3.2516291673878226,3,0,https://digitalocean.com/,0
24,7,5,1,0,0,3,0,0,0,0,0,0,0,1,0,0,0,0,0,3.9387218755408675,2.8073549220576046,3,0,https://nytimes.com/blog,0
29,7,6,2,0,0,3,0,0,0,0,0,0,0,1,1,0,0,0,1,3.8143719431796272,2.8073549220576046,3,0,https://www.spotify.com/terms,0
26,5,5,2,0,0,3,0,0,0,0,0,0,0,1,1,0,0,0,1,3.8441065448145384,2.321928094887362,3,0,https://www.quora.com/docs,0
38,13,9,2,0,0,3,0,0,0,0,0,0,0,1,1,0,0,0,1,4.070847093622518,3.546593564294939,3,0,https://www.stackoverflow.com/download,0
27,5,6,2,0,0,3,0,0,0,0,0,0,0,1,1,0,0,0,1,3.6339740759971573,1.9219280948873623,3,0,https://www.cisco.com/press,0
33,8,9,2,0,0,3,0,0,0,0,0,0,0,1,1,0,0,0,1,3.8848588918890474,2.75,3,0,https://www.coursera.org/services,0
29,6,7,2,0,0,3,0,0,0,0,0,0,0,1,1,0,0,1,1,3.8833374604210062,2.2516291673878226,3,0,https://www.amazon.com/search,0
23,4,4,2,0,0,3,0,0,0,0,0,0,0,1,1,0,0,0,1,3.675310868912364,1.5,2,0,https://www.zoom.us/api,0
25,5,8,1,0,0,3,0,0,0,0,0,0,0,1,0,0,0,1,0,3.80307418942857,2.321928094887362,3,0,https://adobe.com/support,0
22,6,5,1,0,0,3,0,0,0,0,0,0,0,1,0,0,0,0,0,3.624680346973648,2.2516291673878226,2,0,https://twitch.tv/blog,0
35,11,8,2,0,0,3,0,0,0,0,0,0,0,1,1,0,0,0,1,3.77259891822028,3.095795255000934,3,0,https://www.arstechnica.com/contact,0
26,5,9,1,0,0,3,0,0,0,0,0,0,0,1,0,0,0,0,0,3.873140679513133,2.321928094887362,3,0,https://adobe.com/download,0
30,9,5,2,0,0,3,0,0,0,0,0,0,0,1,1,0,0,0,1,3.7647351787255054,2.725480556997868,3,0,https://www.wordpress.com/team,0
24,8,4,1,0,0,3,0,0,0,0,0,0,0,1,0,0,0,0,0,3.855388542207534,2.75,3,0,https://facebook.com/faq,0
24,4,9,1,0,0,3,0,0,0,0,0,0,0,1,0,0,0,0,0,3.7406015629507228,1.5,2,0,https://zoom.us/features,0
26,6,9,1,0,0,3,0,0,0,0,0,0,0,1,0,0,0,0,0,3.503539122804025,2.2516291673878226,2,0,https://twitch.tv/services,0
32,7,9,2,0,0,3,0,0,0,0,0,0,0,1,1,0,0,0,1,3.8522170014624826,2.128085278891395,3,0,https://www.twitter.com/download,0
28,6,10,1,0,0,3,0,0,0,0,0,0,0,1,0,0,0,0,0,3.869331261111518,2.2516291673878226,3,0,https://reddit.com/solutions,0
33,7,10,2,0,0,3,0,0,0,0,0,0,0,1,1,0,0,0,1,3.691994407749645,2.128085278891395,3,0,https://www.twitter.com/resources,0
28,5,7,2,0,0,3,0,0,0,0,0,0,0,1,1,0,0,1,1,3.815410725242699,1.9219280948873623,3,0,https://www.apple.com/events,0
24,5,7,1,0,0,3,0,0,0,0,0,0,0,1,0,0,0,0,0,3.8239348962840563,2.321928094887362,3,0,https://slack.com/events,0
27,5,10,1,0,0,3,0,0,0,0,0,0,0,1,0,0,0,0,0,3.8561962982193796,2.321928094887362,3,0,https://quora.com/solutions,0
31,11,8,1,0,0,3,0,0,0,0,0,0,0,1,0,0,0,0,0,4.15565155225257,3.027169118440619,3,0,https://khanacademy.org/privacy,0
29,8,5,2,0,0,3,0,0,0,0,0,0,0,1,1,0,0,0,1,4.021268494903765,2.5,3,0,https://www.linkedin.com/team,0
26,9,5,1,0,0,3,0,0,0,0,0,0,0,1,0,0,0,1,0,3.7962176025900565,2.94770277922009,3,0,https://microsoft.com/blog,0
28,9,7,1,0,0,3,0,0,0,0,0,0,0,1,0,0,0,0,0,3.753434386188785,2.725480556997868,3,0,https://wordpress.com/search,0
27,5,6,2,0,0,3,0,0,0,0,0,0,0,1,1,0,0,1,1,3.7080481500712312,1.9219280948873623,3,0,https://www.apple.com/press,0
23,4,8,1,0,0,3,0,0,0,0,0,0,0,1,0,0,0,0,0,3.8820451081368623,1.5,2,0,https://zoom.us/pricing,0
30,6,8,2,0,0,3,0,0,0,0,0,0,0,1,1,0,0,0,1,3.872905595320056,2.2516291673878226,3,0,https://www.medium.com/contact,0
26,9,5,1,0,0,3,0,0,0,0,0,0,0,1,0,0,0,0,0,3.921029621737615,2.94770277922009,3,0,https://instagram.com/news,0
29,8,9,1,0,0,3,0,0,0,0,0,0,0,1,0,0,0,0,0,3.9523029776623857,3.0,3,0,https://stanford.edu/services,0
30,9,5,2,0,0,3,0,0,0,0,0,0,0,1,1,0,0,0,1,3.939572261986723,2.94770277922009,3,0,https://www.instagram.com/docs,0
22,5,5,1,0,0,3,0,0,0,0,0,0,0,1,0,0,0,0,0,3.8796640049025943,2.321928094887362,3,0,https://wired.com/help,0
23,10,1,1,0,0,3,0,0,0,0,0,0,0,1,0,0,0,0,0,3.7622673906514943,2.9219280948873623,3,0,https://salesforce.com/,0
30,9,9,1,0,0,3,0,0,0,0,0,0,0,1,0,0,0,0,0,3.802910079649727,2.725480556997868,3,0,https://pinterest.com/features,0
33,8,9,2,0,0,3,0,0,0,0,0,0,0,1,1,0,0,0,1,3.8391081341821707,2.75,3,0,https://www.coursera.org/features,0
27,7,8,1,0,0,3,0,0,0,0,0,0,0,1,0,0,0,1,0,3.6521305573183818,2.5216406363433186,3,0,https://discord.com/support,0
30,10,8,1,0,0,3,0,0,0,0,0,0,0,1,0,0,0,0,0,3.5525842461721626,2.6464393446710157,3,0,https://techcrunch.com/contact,0
33,7,10,2,0,0,3,0,0,0,0,0,0,0,1,1,0,0,0,1,3.8848588918890474,2.5216406363433186,3,0,https://www.discord.com/solutions,0
22,4,6,1,0,0,3,0,0,0,0,0,0,0,1,0,0,0,0,0,3.481714572986073,2.0,3,0,https://espn.com/press,0
21,3,6,1,0,0,3,0,0,0,0,0,0,0,1,0,0,0,0,0,3.5225715891363603,0.9182958340544896,3,0,https://bbc.com/about,0
27,10,5,1,0,0,3,0,0,0,0,0,0,0,1,0,0,0,0,0,4.134336113194451,3.1219280948873624,3,0,https://cloudflare.com/news,0
29,9,4,2,0,0,3,0,0,0,0,0,0,0,1,1,0,0,1,1,3.8573068568981284,2.94770277922009,3,0,https://www.microsoft.com/faq,0
23,7,4,1,0,0,3,0,0,0,0,0,0,0,1,0,0,0,0,0,3.762267390651494,2.128085278891395,3,0,https://outlook.com/faq,0
25,8,5,1,0,0,3,0,0,0,0,0,0,0,1,0,0,0,0,0,3.8936606896881862,2.5,3,0,https://linkedin.com/docs,0
29,4,9,2,0,0,3,0,0,0,0,0,0,0,1,1,0,0,0,1,3.9262723741395074,1.5,3,0,https://www.nasa.gov/products,0
24,7,5,1,0,0,3,0,0,0,0,0,0,0,1,0,0,0,0,0,3.7720552088742005,2.5216406363433186,3,0,https://walmart.com/docs,0
31,5,10,2,0,0,3,0,0,0,0,0,0,0,1,1,0,0,0,1,3.977916874693636,2.321928094887362,3,0,https://www.wired.com/community,0
22,5,5,1,0,0,3,0,0,0,0,0,0,0,1,0,0,0,0,0,3.6978458230844122,1.9219280948873623,3,0,https://yahoo.com/blog,0
26,7,7,1,0,0,3,0,0,0,0,0,0,0,1,0,0,0,0,0,3.6902603909683847,2.2359263506290326,3,0,https://harvard.edu/events,0
32,11,5,2,0,0,3,0,0,0,0,0,0,0,1,1,0,0,0,1,4.155639062229566,3.027169118440619,3,0,https://www.khanacademy.org/help,0
27,6,5,2,0,0,3,0,0,0,0,0,0,0,1,1,0,0,0,1,3.9302703722934536,2.584962500721156,3,0,https://www.oracle.com/blog,0
25,8,1,2,0,0,3,0,0,0,0,0,0,0,1,1,0,0,0,1,3.8332696895151086,3.0,3,0,https://www.stanford.edu/,0
30,6,8,2,0,0,3,0,0,0,0,0,0,0,1,1,0,0,0,1,3.923231428797621,2.2516291673878226,3,0,https://www.target.com/pricing,0
30,6,8,2,0,0,3,0,0,0,0,0,0,0,1,1,0,0,0,1,4.0980685120588385,2.584962500721156,3,0,https://www.github.com/privacy,0
33,11,10,1,0,0,3,0,0,0,0,0,0,0,1,0,0,0,0,0,4.066677073707229,3.277613436819116,3,0,https://theguardian.com/solutions,0
27,11,4,1,0,0,3,0,0,0,0,0,0,0,1,0,0,0,0,0,4.152492594515676,3.277613436819116,3,0,https://theguardian.com/faq,0
26,5,9,1,0,0,3,0,0,0,0,0,0,0,1,0,0,0,0,0,3.873140679513133,2.321928094887362,3,0,https://slack.com/download,0
31,5,10,2,0,0,3,0,0,0,0,0,0,0,1,1,0,0,0,1,3.8245334068819115,2.321928094887362,3,0,https://www.wired.com/resources,0
25,7,6,1,0,0,3,0,0,0,0,0,0,0,1,0,0,0,0,0,3.7034651896016473,2.8073549220576046,3,0,https://shopify.com/press,0
23,5,6,1,0,0,3,0,0,0,0,0,0,0,1,0,0,0,0,0,3.7081320646586016,2.321928094887362,3,0,https://slack.com/press,0
31,10,9,1,0,0,3,0,0,0,0,0,0,0,1,0,0,0,0,0,4.042433003725894,3.1219280948873624,3,0,https://cloudflare.com/download,0
35,10,9,2,0,0,3,0,0,0,0,0,0,0,1,1,0,0,0,1,3.9928705166358998,2.9219280948873623,3,0,https://www.salesforce.com/products,0
28,9,7,1,0,0,3,0,0,0,0,0,0,0,1,0,0,0,0,0,3.624518654958899,2.725480556997868,3,0,https://pinterest.com/events,0
32,11,9,1,0,0,3,0,0,0,0,0,0,0,1,0,0,0,0,0,3.8042292966721747,3.095795255000934,3,0,https://arstechnica.com/services,0
23,3,8,1,0,0,3,0,0,0,0,0,0,0,1,0,0,0,1,0,3.5555331514269954,0.9182958340544896,3,0,https://bbc.com/support,0
37,11,10,2,0,0,3,0,0,0,0,0,0,0,1,1,0,0,0,1,3.918252351823076,3.095795255000934,3,0,https://www.arstechnica.com/resources,0
25,4,9,1,0,0,3,0,0,0,0,0,0,0,1,0,0,0,1,0,3.9434651896016475,2.0,3,0,https://ebay.com/products,0
25,4,9,1,0,0,3,0,0,0,0,0,0,0,1,0,0,0,0,0,3.7532696895151085,1.5,3,0,https://nasa.gov/download,0
28,7,5,2,0,0,3,0,0,0,0,0,0,0,1,1,0,0,0,1,3.8423709931771084,2.8073549220576046,3,0,https://www.nytimes.com/docs,0
26,8,6,1,0,0,3,0,0,0,0,0,0,0,1,0,0,0,0,0,3.7962176025900565,2.75,3,0,https://facebook.com/about,0
19,3,4,1,0,0,3,0,0,0,0,0,0,0,1,0,0,0,0,0,3.576617644908666,1.584962500721156,3,0,https://ibm.com/api,0
23,7,4,1,0,0,3,0,0,0,0,0,0,0,1,0,0,0,0,0,3.7081320646586016,2.5216406363433186,3,0,https://discord.com/api,0
32,6,10,2,0,0,3,0,0,0,0,0,0,0,1,1,0,0,0,1,3.8789280318460246,2.2516291673878226,3,0,https://www.medium.com/community,0
25,4,6,2,0,0,3,0,0,0,0,0,0,0,1,1,0,0,0,1,3.6430741894285696,1.5,2,0,https://www.zoom.us/about,0
23,3,8,1,0,0,3,0,0,0,0,0,0,0,1,0,0,0,0,0,3.44726249944121,0.9182958340544896,3,0,https://bbc.com/contact,0
27,6,5,2,0,0,3,0,0,0,0,0,0,0,1,1,0,0,0,1,3.8841550945958043,2.2516291673878226,3,0,https://www.target.com/blog,0
24,3,5,2,0,0,3,0,0,0,0,0,0,0,1,1,0,0,0,1,3.720175521464345,1.584962500721156,3,0,https://www.ibm.com/news,0
30,9,5,2,0,0,3,0,0,0,0,0,0,0,1,1,0,0,0,1,3.7647351787255054,2.725480556997868,3,0,https://www.wordpress.com/help,0
34,12,10,1,0,0,3,0,0,0,0,0,0,0,1,0,0,0,0,0,3.9620315910594455,3.2516291673878226,3,0,https://digitalocean.com/solutions,0
25,4,9,1,0,0,3,0,0,0,0,0,0,0,1,0,0,0,0,0,4.023465189601647,2.0,3,0,https://bing.com/download,0
23,7,4,1,0,0,3,0,0,0,0,0,0,0,1,0,0,0,0,0,3.8164027166443866,2.5216406363433186,3,0,https://walmart.com/faq,0
31,10,9,1,0,0,3,0,0,0,0,0,0,0,1,0,0,0,0,0,4.002268084440845,2.9219280948873623,3,0,https://salesforce.com/download,0
31,6,9,2,0,0,3,0,0,0,0,0,0,0,1,1,0,0,0,1,3.88904953591417,2.2516291673878226,3,0,https://www.medium.com/products,0
25,8,5,1,0,0,3,0,0,0,0,0,0,0,1,0,0,0,0,0,3.8332696895151086,2.75,3,0,https://coursera.org/news,0
24,7,5,1,0,0,3,0,0,0,0,0,0,0,1,0,0,0,0,0,3.538320189106,2.128085278891395,3,0,https://outlook.com/docs,0
24,6,6,1,0,0,3,0,0,0,0,0,0,0,1,0,0,0,0,0,3.8239348962840563,2.2516291673878226,3,0,https://airbnb.com/about,0
28,3,9,2,0,0,3,0,0,0,0,0,0,0,1,1,0,0,0,1,3.815410725242699,1.584962500721156,3,0,https://www.mit.edu/services,0
19,3,4,1,0,0,3,0,0,0,0,0,0,0,1,0,0,0,0,0,3.536886723742168,1.584962500721156,3,0,https://mit.edu/api,0
33,7,10,2,0,0,3,0,0,0,0,0,0,0,1,1,0,0,0,1,3.9225895736416696,2.8073549220576046,3,0,https://www.spotify.com/resources,0
21,8,1,1,0,0,3,0,0,0,0,0,0,0,1,0,0,0,0,0,3.748994803525097,2.75,3,0,https://facebook.com/,0
22,6,4,1,0,0,3,0,0,0,0,0,0,0,1,0,0,0,0,0,3.8796640049025943,2.584962500721156,3,0,https://oracle.com/faq,0
24,7,5,1,0,0,3,0,0,0,0,0,0,0,1,0,0,0,0,0,3.605388542207534,2.128085278891395,3,0,https://outlook.com/help,0
26,7,7,1,0,0,3,0,0,0,0,0,0,0,1,0,0,0,0,0,3.686419411348774,2.128085278891395,3,0,https://twitter.com/search,0
28,10,6,1,0,0,3,0,0,0,0,0,0,0,1,0,0,0,0,0,4.012188403968661,3.1219280948873624,3,0,https://cloudflare.com/about,0
23,7,4,1,0,0,3,0,0,0,0,0,0,0,1,0,0,0,0,0,3.8164027166443866,2.5216406363433186,3,0,https://dropbox.com/api,0
27,8,7,1,0,0,3,0,0,0,0,0,0,0,1,0,0,0,0,0,3.8561962982193796,2.75,3,0,https://facebook.com/search,0
29,3,10,2,0,0,3,0,0,0,0,0,0,0,1,1,0,0,0,1,3.8833374604210062,1.584962500721156,3,0,https://www.mit.edu/community,0
25,7,6,1,0,0,3,0,0,0,0,0,0,0,1,0,0,0,0,0,3.7034651896016473,2.5216406363433186,3,0,https://bestbuy.com/press,0
32,6,10,2,0,0,3,0,0,0,0,0,0,0,1,1,0,0,0,1,4.116729296672175,2.2516291673878226,3,0,https://www.nvidia.com/resources,0
23,6,5,1,0,0,3,0,0,0,0,0,0,0,1,0,0,0,0,0,3.642489673166126,1.9182958340544896,3,0,https://google.com/team,0
32,6,10,2,0,0,3,0,0,0,0,0,0,0,1,1,0,0,0,1,4.045958593344349,2.584962500721156,3,0,https://www.oracle.com/community,0
29,5,8,2,0,0,3,0,0,0,0,0,0,0,1,1,0,0,0,1,3.8404025467025056,1.9219280948873623,3,0,https://www.cisco.com/privacy,0
35,11,8,2,0,0,3,0,0,0,0,0,0,0,1,1,0,0,0,1,4.0855880165740865,3.277613436819116,3,0,https://www.theguardian.com/careers,0
23,5,6,1,0,0,3,0,0,0,0,0,0,0,1,0,0,0,1,0,3.642489673166126,1.9219280948873623,3,0,https://apple.com/terms,0
25,7,6,1,0,0,3,0,0,0,0,0,0,0,1,0,0,0,0,0,3.7034651896016473,2.8073549220576046,3,0,https://spotify.com/terms,0
28,4,8,2,0,0,3,0,0,0,0,0,0,0,1,1,0,0,1,1,3.699513850319966,2.0,3,0,https://www.espn.com/support,0
26,5,9,1,0,0,3,0,0,0,0,0,0,0,1,0,0,0,0,0,3.921029621737615,2.321928094887362,3,0,https://udemy.com/features,0
28,6,10,1,0,0,3,0,0,0,0,0,0,0,1,0,0,0,0,0,3.869331261111518,2.584962500721156,3,0,https://oracle.com/solutions,0
21,3,6,1,0,0,3,0,0,0,0,0,0,0,1,0,0,0,0,0,3.499227541723357,1.584962500721156,3,0,https://mit.edu/terms,0
27,6,9,1,0,0,3,0,0,0,0,0,0,0,1,0,0,0,0,0,3.828237501842955,2.2516291673878226,3,0,https://medium.com/services,0
30,5,9,2,0,0,3,0,0,0,0,0,0,0,1,1,0,0,1,1,3.831401845392172,1.9219280948873623,3,0,https://www.apple.com/download,0
37,12,9,2,0,0,3,0,0,0,0,0,0,0,1,1,0,0,0,1,4.147717892246672,3.2516291673878226,3,0,https://www.digitalocean.com/services,0
30,6,8,2,0,0,3,0,0,0,0,0,0,0,1,1,0,0,0,1,3.9898980954642878,2.2516291673878226,3,0,https://www.target.com/privacy,0
24,7,5,1,0,0,3,0,0,0,0,0,0,0,1,0,0,0,0,0,3.7720552088742005,2.8073549220576046,3,0,https://shopify.com/team,0
31,8,7,2,0,0,3,0,0,0,0,0,0,0,1,1,0,0,0,1,4.131300342505361,2.5,3,0,https://www.linkedin.com/search,0
24,4,4,2,0,0,3,0,0,0,0,0,0,0,1,1,0,0,0,1,3.7406015629507228,2.0,3,0,https://www.cnet.com/api,0
30,4,10,2,0,0,3,0,0,0,0,0,0,0,1,1,0,0,0,1,3.872905595320056,2.0,3,0,https://www.espn.com/community,0
30,4,10,2,0,0,3,0,0,0,0,0,0,0,1,1,0,0,1,1,3.939572261986723,2.0,3,0,https://www.ebay.com/resources,0
26,10,4,1,0,0,3,0,0,0,0,0,0,0,1,0,0,0,0,0,3.873140679513133,2.9219280948873623,3,0,https://salesforce.com/api,0
31,6,9,2,0,0,3,0,0,0,0,0,0,0,1,1,0,0,0,1,3.7600172778496534,2.584962500721156,3,0,https://www.stripe.com/services,0
29,9,8,1,0,0,3,0,0,0,0,0,0,0,1,0,0,0,0,0,3.6764409086968683,2.725480556997868,3,0,https://pinterest.com/careers,0
30,6,8,2,0,0,3,0,0,0,0,0,0,0,1,1,0,0,1,1,3.8980685120588388,1.9182958340544896,3,0,https://www.paypal.com/privacy,0
35,10,9,2,0,0,3,0,0,0,0,0,0,0,1,1,0,0,0,1,3.818588646061332,2.6464393446710157,3,0,https://www.techcrunch.com/products,0
29,7,6,2,0,0,3,0,0,0,0,0,0,0,1,1,0,0,0,1,3.8143719431796272,2.5216406363433186,3,0,https://www.bestbuy.com/press,0
29,5,8,2,0,0,3,0,0,0,0,0,0,0,1,1,0,0,0,1,3.8833374604210062,2.321928094887362,3,0,https://www.adobe.com/careers,0
36,10,10,2,0,0,3,0,0,0,0,0,0,0,1,1,0,0,0,1,4.0067499186387785,2.9219280948873623,3,0,https://www.salesforce.com/solutions,0
32,7,9,2,0,0,3,0,0,0,0,0,0,0,1,1,0,0,0,1,3.9056390622295662,2.8073549220576046,3,0,https://www.nytimes.com/services,0
27,6,9,1,0,0,3,0,0,0,0,0,0,0,1,0,0,0,0,0,3.7821222241453056,2.584962500721156,3,0,https://stripe.com/features,0
29,9,8,1,0,0,3,0,0,0,0,0,0,0,1,0,0,0,0,0,3.9262723741395074,2.6416041678685938,3,0,https://wikipedia.org/careers,0
25,7,6,1,0,0,3,0,0,0,0,0,0,0,1,0,0,0,0,0,3.7532696895151085,2.5216406363433186,3,0,https://youtube.com/press,0
28,7,9,1,0,0,3,0,0,0,0,0,0,0,1,0,0,0,0,0,3.869331261111518,2.128085278891395,3,0,https://outlook.com/services,0
27,9,6,1,0,0,3,0,0,0,0,0,0,0,1,0,0,0,0,0,3.5743577621291274,2.725480556997868,3,0,https://wordpress.com/press,0
31,6,9,2,0,0,3,0,0,0,0,0,0,0,1,1,0,0,0,1,4.018081793978686,2.584962500721156,3,0,https://www.github.com/services,0
26,9,5,1,0,0,3,0,0,0,0,0,0,0,1,0,0,0,0,0,3.95006375643621,2.6416041678685938,3,0,https://wikipedia.org/docs,0
27,4,7,2,0,0,3,0,0,0,0,0,0,0,1,1,0,0,0,1,3.6521305573183818,2.0,3,0,https://www.espn.com/events,0
28,10,6,1,0,0,3,0,0,0,0,0,0,0,1,0,0,0,0,0,3.9677201004744993,3.1219280948873624,3,0,https://cloudflare.com/terms,0
22,6,4,1,0,0,3,0,0,0,0,0,0,0,1,0,0,0,1,0,3.6635327548042547,2.2516291673878226,3,0,https://amazon.com/api,0
26,5,9,1,0,0,3,0,0,0,0,0,0,0,1,0,0,0,1,0,3.8441065448145384,1.9219280948873623,3,0,https://apple.com/download,0
28,11,5,1,0,0,3,0,0,0,0,0,0,0,1,0,0,0,0,0,3.797902689682947,3.095795255000934,3,0,https://arstechnica.com/docs,0
32,7,9,2,0,0,3,0,0,0,0,0,0,0,1,1,0,0,0,1,4.054229296672175,2.5216406363433186,3,0,https://www.booking.com/products,0
29,5,8,2,0,0,3,0,0,0,0,0,0,0,1,1,0,0,0,1,3.8573068568981284,2.321928094887362,3,0,https://www.slack.com/careers,0
29,7,10,1,0,0,3,0,0,0,0,0,0,0,1,0,0,0,0,0,3.788341339656749,2.5216406363433186,3,0,https://youtube.com/community,0
28,7,5,2,0,0,3,0,0,0,0,0,0,0,1,1,0,0,0,1,3.740415529881632,2.128085278891395,3,0,https://www.outlook.com/blog,0
27,7,4,2,0,0,3,0,0,0,0,0,0,0,1,1,0,0,0,1,3.782122224145305,2.2359263506290326,3,0,https://www.harvard.edu/api,0
27,6,5,2,0,0,3,0,0,0,0,0,0,0,1,1,0,0,0,1,3.7541634277688805,2.584962500721156,3,0,https://www.stripe.com/docs,0
34,9,9,2,0,0,3,0,0,0,0,0,0,0,1,1,0,0,0,1,3.8810054880546376,2.725480556997868,3,0,https://www.wordpress.com/features,0
26,4,10,1,0,0,3,0,0,0,0,0,0,0,1,0,0,0,0,0,3.690260390968384,2.0,3,0,https://cnet.com/solutions,0
31,6,9,2,0,0,3,0,0,0,0,0,0,0,1,1,0,0,0,1,3.8456631498513825,1.9182958340544896,3,0,https://www.google.com/download,0
20,3,5,1,0,0,3,0,0,0,0,0,0,0,1,0,0,0,0,0,3.484183719779189,1.584962500721156,3,0,https://mit.edu/team,0
29,6,8,2,0,0,3,0,0,0,0,0,0,0,1,1,0,0,0,1,3.6040317545551486,2.2516291673878226,2,0,https://www.twitch.tv/privacy,0
25,5,4,2,0,0,3,0,0,0,0,0,0,0,1,1,0,0,0,1,3.9932696895151087,2.321928094887362,3,0,https://www.intel.com/faq,0
30,9,5,2,0,0,3,0,0,0,0,0,0,0,1,1,0,0,0,1,4.031401845392172,2.94770277922009,3,0,https://www.instagram.com/blog,0
23,5,6,1,0,0,3,0,0,0,0,0,0,0,1,0,0,0,0,0,3.729446194905256,2.321928094887362,3,0,https://quora.com/about,0
21,3,6,1,0,0,3,0,0,0,0,0,0,0,1,0,0,0,0,0,3.558518613048906,0.9182958340544896,3,0,https://bbc.com/press,0
17,4,1,1,0,0,3,0,0,0,0,0,0,0,1,0,0,0,0,0,3.41041725276052,2.0,3,0,https://cnet.com/,0
25,4,5,2,0,0,3,0,0,0,0,0,0,0,1,1,0,0,0,1,3.7532696895151085,1.5,3,0,https://www.nasa.gov/docs,0
29,7,10,1,0,0,3,0,0,0,0,0,0,0,1,0,0,0,0,0,3.8404025467025056,2.5216406363433186,3,0,https://bestbuy.com/solutions,0
27,10,5,1,0,0,3,0,0,0,0,0,0,0,1,0,0,0,0,0,3.8841550945958043,2.5219280948873624,3,0,https://duckduckgo.com/help,0
23,5,6,1,0,0,3,0,0,0,0,0,0,0,1,0,0,0,0,0,3.729446194905256,2.321928094887362,3,0,https://slack.com/terms,0
26,6,4,2,0,0,3,0,0,0,0,0,0,0,1,1,0,0,0,1,3.8441065448145384,2.2516291673878226,3,0,https://www.nvidia.com/api,0
29,5,8,2,0,0,3,0,0,0,0,0,0,0,1,1,0,0,0,1,3.788341339656749,2.321928094887362,3,0,https://www.quora.com/contact,0
24,7,5,1,0,0,3,0,0,0,0,0,0,0,1,0,0,0,0,0,3.653107168362811,2.128085278891395,3,0,https://twitter.com/docs,0
31,6,9,2,0,0,3,0,0,0,0,0,0,0,1,1,0,0,0,1,3.929214455199219,2.584962500721156,3,0,https://www.oracle.com/products,0
28,6,10,1,0,0,3,0,0,0,0,0,0,0,1,0,0,0,0,0,3.869331261111518,1.9182958340544896,3,0,https://google.com/community,0
25,6,8,1,0,0,3,0,0,0,0,0,0,0,1,0,0,0,0,0,3.5892750707107135,2.2516291673878226,2,0,https://twitch.tv/careers,0
30,7,7,2,0,0,3,0,0,0,0,0,0,0,1,1,0,0,0,1,3.781076011914607,2.2359263506290326,3,0,https://www.harvard.edu/search,0
32,7,9,2,0,0,3,0,0,0,0,0,0,0,1,1,0,0,0,1,3.952819531114783,2.8073549220576046,3,0,https://www.spotify.com/download,0
27,5,10,1,0,0,3,0,0,0,0,0,0,0,1,0,0,0,0,0,3.7225059102772757,1.9219280948873623,3,0,https://yahoo.com/solutions,0
22,6,5,1,0,0,3,0,0,0,0,0,0,0,1,0,0,0,0,0,3.4428621651554665,2.2516291673878226,2,0,https://twitch.tv/news,0
29,7,6,2,0,0,3,0,0,0,0,0,0,0,1,1,0,0,0,1,3.8833374604210062,2.8073549220576046,3,0,https://www.spotify.com/about,0
31,8,7,2,0,0,3,0,0,0,0,0,0,0,1,1,0,0,0,1,3.9048632454520105,2.75,3,0,https://www.coursera.org/events,0
22,6,4,1,0,0,3,0,0,0,0,0,0,0,1,0,0,0,0,0,3.936260027531527,2.2516291673878226,3,0,https://medium.com/faq,0
25,5,4,2,0,0,3,0,0,0,0,0,0,0,1,1,0,0,0,1,3.8634651896016474,2.321928094887362,3,0,https://www.quora.com/api,0
31,8,7,2,0,0,3,0,0,0,0,0,0,0,1,1,0,0,0,1,3.8890495359141695,3.0,3,0,https://www.stanford.edu/events,0
22,3,7,1,0,0,3,0,0,0,0,0,0,0,1,0,0,0,0,0,3.7887549139935035,1.584962500721156,3,0,https://ibm.com/search,0
27,7,8,1,0,0,3,0,0,0,0,0,0,0,1,0,0,0,0,0,3.9302703722934536,2.5216406363433186,3,0,https://dropbox.com/pricing,0
23,6,5,1,0,0,3,0,0,0,0,0,0,0,1,0,0,0,0,0,3.675310868912364,2.584962500721156,3,0,https://apnews.com/team,0
26,5,5,2,0,0,3,0,0,0,0,0,0,0,1,1,0,0,0,1,3.825251737288651,2.321928094887362,3,0,https://www.adobe.com/news,0
28,11,5,1,0,0,3,0,0,0,0,0,0,0,1,0,0,0,0,0,4.0836169753972325,3.277613436819116,3,0,https://theguardian.com/help,0
29,8,9,1,0,0,3,0,0,0,0,0,0,0,1,0,0,0,0,0,3.9523029776623857,2.75,3,0,https://facebook.com/products,0
29,4,9,2,0,0,3,0,0,0,0,0,0,0,1,1,0,0,0,1,3.978333581185264,2.0,3,0,https://www.bing.com/download,0
26,4,6,2,0,0,3,0,0,0,0,0,0,0,1,1,0,0,0,1,3.7192945256669794,1.5,3,0,https://www.nasa.gov/press,0
32,8,8,2,0,0,3,0,0,0,0,0,0,0,1,1,0,0,0,1,3.827819531114783,2.75,3,0,https://www.facebook.com/contact,0
30,6,8,2,0,0,3,0,0,0,0,0,0,0,1,1,0,0,0,1,3.6565647621309543,2.584962500721156,3,0,https://www.apnews.com/contact,0
23,6,1,2,0,0,3,0,0,0,0,0,0,0,1,1,0,0,0,1,3.642489673166126,1.9182958340544896,3,0,https://www.google.com/,0
31,9,6,2,0,0,3,0,0,0,0,0,0,0,1,1,0,0,0,1,3.655336229532346,2.725480556997868,3,0,https://www.wordpress.com/terms,0
21,5,4,1,0,0,3,0,0,0,0,0,0,0,1,0,0,0,0,0,3.463280517810811,1.9219280948873623,3,0,https://cisco.com/api,0
28,6,6,2,0,0,3,0,0,0,0,0,0,0,1,1,0,0,1,1,3.8423709931771084,2.2516291673878226,3,0,https://www.amazon.com/terms,0
26,9,1,2,0,0,3,0,0,0,0,0,0,0,1,1,0,0,1,1,3.6612262562697895,2.94770277922009,3,0,https://www.microsoft.com/,0
28,6,6,2,0,0,3,0,0,0,0,0,0,0,1,1,0,0,0,1,3.770942421748537,1.9182958340544896,3,0,https://www.google.com/press,0
22,5,5,1,0,0,3,0,0,0,0,0,0,0,1,0,0,0,1,0,3.5160276412662306,1.9219280948873623,3,0,https://apple.com/help,0
27,6,9,1,0,0,3,0,0,0,0,0,0,0,1,0,0,0,0,0,3.912113890972229,2.584962500721156,3,0,https://oracle.com/download,0
26,8,6,1,0,0,3,0,0,0,0,0,0,0,1,0,0,0,0,0,3.738149333192866,2.75,3,0,https://coursera.org/about,0
30,4,10,2,0,0,3,0,0,0,0,0,0,0,1,1,0,0,1,1,4.047742678581274,2.0,3,0,https://www.ebay.com/solutions,0
30,9,9,1,0,0,3,0,0,0,0,0,0,0,1,0,0,0,1,0,3.6980685120588386,2.94770277922009,3,0,https://microsoft.com/products,0
32,6,10,2,0,0,3,0,0,0,0,0,0,0,1,1,0,0,0,1,4.030639062229566,2.2516291673878226,3,0,https://www.airbnb.com/resources,0
29,3,10,2,0,0,3,0,0,0,0,0,0,0,1,1,0,0,0,1,3.7362801326109922,0.9182958340544896,3,0,https://www.cnn.com/solutions,0
31,11,8,1,0,0,3,0,0,0,0,0,0,0,1,0,0,0,0,0,3.925992988421481,3.277613436819116,3,0,https://theguardian.com/contact,0
30,10,8,1,0,0,3,0,0,0,0,0,0,0,1,0,0,0,0,0,3.777747162910945,2.6464393446710157,3,0,https://techcrunch.com/pricing,0
27,7,8,1,0,0,3,0,0,0,0,0,0,0,1,0,0,0,0,0,3.8100810205217304,2.128085278891395,3,0,https://outlook.com/careers,0
29,7,10,1,0,0,3,0,0,0,0,0,0,0,1,0,0,0,0,0,3.745406425938248,2.8073549220576046,3,0,https://spotify.com/community,0
26,9,1,2,0,0,3,0,0,0,0,0,0,0,1,1,0,0,0,1,3.8441065448145384,2.94770277922009,3,0,https://www.instagram.com/,0
25,7,6,1,0,0,3,0,0,0,0,0,0,0,1,0,0,0,0,0,3.48307418942857,2.2359263506290326,3,0,https://reuters.com/press,0
28,7,5,2,0,0,3,0,0,0,0,0,0,0,1,1,0,0,0,1,3.8423709931771084,2.8073549220576046,3,0,https://www.shopify.com/help,0
30,5,9,2,0,0,3,0,0,0,0,0,0,0,1,1,0,0,0,1,3.964735178725505,2.321928094887362,3,0,https://www.wired.com/features,0
24,7,5,1,0,0,3,0,0,0,0,0,0,0,1,0,0,0,0,0,3.855388542207534,2.5216406363433186,3,0,https://discord.com/blog,0
30,8,6,2,0,0,3,0,0,0,0,0,0,0,1,1,0,0,0,1,3.8980685120588388,2.75,3,0,https://www.facebook.com/about,0
36,12,8,2,0,0,3,0,0,0,0,0,0,0,1,1,0,0,1,1,4.141604167868594,3.2516291673878226,3,0,https://www.digitalocean.com/support,0
30,5,9,2,0,0,3,0,0,0,0,0,0,0,1,1,0,0,0,1,3.8980685120588388,2.321928094887362,3,0,https://www.intel.com/download,0
25,5,8,1,0,0,3,0,0,0,0,0,0,0,1,0,0,0,0,0,3.9434651896016475,2.321928094887362,3,0,https://slack.com/pricing,0
28,7,5,2,0,0,3,0,0,0,0,0,0,0,1,1,0,0,0,1,3.8248629576173565,2.5216406363433186,3,0,https://www.youtube.com/team,0
29,7,10,1,0,0,3,0,0,0,0,0,0,0,1,0,0,0,0,0,3.995237891380887,2.8073549220576046,3,0,https://netflix.com/resources,0
29,7,10,1,0,0,3,0,0,0,0,0,0,0,1,0,0,0,0,0,3.745406425938248,2.5216406363433186,3,0,https://bestbuy.com/resources,0
31,10,9,1,0,0,3,0,0,0,0,0,0,0,1,0,0,0,0,0,4.082597923010944,3.1219280948873624,3,0,https://cloudflare.com/services,0
35,13,10,1,0,0,3,0,0,0,0,0,0,0,1,0,0,0,0,0,4.207435516759526,3.546593564294939,3,0,https://stackoverflow.com/community,0
32,7,9,2,0,0,3,0,0,0,0,0,0,0,1,1,0,0,0,1,3.7806390622295662,2.2359263506290326,3,0,https://www.reuters.com/products,0
27,6,5,2,0,0,3,0,0,0,0,0,0,0,1,1,0,0,0,1,3.9582291686698783,2.2516291673878226,3,0,https://www.airbnb.com/docs,0
30,5,9,2,0,0,3,0,0,0,0,0,0,0,1,1,0,0,0,1,3.9144093452479405,1.9219280948873623,3,0,https://www.cisco.com/features,0
25,4,9,1,0,0,3,0,0,0,0,0,0,0,1,0,0,0,1,0,3.9132696895151087,2.0,3,0,https://ebay.com/services,0
34,8,10,2,0,0,3,0,0,0,0,0,0,0,1,1,0,0,0,1,4.035273502696889,2.4056390622295662,3,0,https://www.theverge.com/solutions,0
27,8,7,1,0,0,3,0,0,0,0,0,0,0,1,0,0,0,0,0,3.7080481500712312,2.4056390622295662,3,0,https://theverge.com/search,0
29,4,9,2,0,0,3,0,0,0,0,0,0,0,1,1,0,0,0,1,3.8052456498523717,2.0,3,0,https://www.cnet.com/services,0
27,10,5,1,0,0,3,0,0,0,0,0,0,0,1,0,0,0,0,0,4.078418520441602,3.1219280948873624,3,0,https://cloudflare.com/blog,0
24,4,8,1,0,0,3,0,0,0,0,0,0,0,1,0,0,0,0,0,3.7406015629507228,2.0,3,0,https://cnet.com/pricing,0
23,4,8,1,0,0,3,0,0,0,0,0,0,0,1,0,0,0,0,0,3.9690016298759927,1.5,2,0,https://zoom.us/privacy,0
24,6,6,1,0,0,3,0,0,0,0,0,0,0,1,0,0,0,0,0,3.605388542207534,2.2516291673878226,3,0,https://target.com/press,0
27,5,10,1,0,0,3,0,0,0,0,0,0,0,1,0,0,0,0,0,3.902311575917029,2.321928094887362,3,0,https://slack.com/community,0
27,4,7,2,0,0,3,0,0,0,0,0,0,0,1,1,0,0,1,1,3.8841550945958043,2.0,3,0,https://www.ebay.com/search,0
27,5,6,2,0,0,3,0,0,0,0,0,0,0,1,1,0,0,1,1,3.7541634277688805,1.9219280948873623,3,0,https://www.apple.com/terms,0
24,6,6,1,0,0,3,0,0,0,0,0,0,0,1,0,0,0,0,0,3.855388542207534,2.2516291673878226,3,0,https://airbnb.com/terms,0
32,10,6,2,0,0,3,0,0,0,0,0,0,0,1,1,0,0,0,1,3.9681390622295662,2.5219280948873624,3,0,https://www.duckduckgo.com/terms,0
32,6,10,2,0,0,3,0,0,0,0,0,0,0,1,1,0,0,0,1,3.9681390622295662,2.584962500721156,3,0,https://www.github.com/resources,0
28,5,7,2,0,0,3,0,0,0,0,0,0,0,1,1,0,0,0,1,3.8423709931771084,2.321928094887362,3,0,https://www.slack.com/search,0
26,6,8,1,0,0,3,0,0,0,0,0,0,0,1,0,0,0,1,0,3.5843031793467124,1.9182958340544896,3,0,https://paypal.com/contact,0
29,9,8,1,0,0,3,0,0,0,0,0,0,0,1,0,0,0,2,0,3.6074753914554893,2.94770277922009,3,0,https://microsoft.com/support,0
27,6,6,2,0,0,3,0,0,0,0,0,0,0,1,1,0,0,0,1,3.4858259278490094,2.2516291673878226,2,0,https://www.twitch.tv/terms,0
30,6,8,2,0,0,3,0,0,0,0,0,0,0,1,1,0,0,1,1,3.6980685120588386,2.584962500721156,3,0,https://www.stripe.com/support,0
24,4,5,2,0,0,3,0,0,0,0,0,0,0,1,1,0,0,0,1,3.6572682296173893,1.5,2,0,https://www.zoom.us/team,0
30,6,8,2,0,0,3,0,0,0,0,0,0,0,1,1,0,0,0,1,3.9898980954642878,2.584962500721156,3,0,https://www.apnews.com/privacy,0
25,5,4,2,0,0,3,0,0,0,0,0,0,0,1,1,0,0,0,1,3.7834651896016473,2.321928094887362,3,0,https://www.slack.com/api,0
28,6,10,1,0,0,3,0,0,0,0,0,0,0,1,0,0,0,0,0,3.91379956460568,2.2516291673878226,3,0,https://nvidia.com/community,0
30,10,8,1,0,0,3,0,0,0,0,0,0,0,1,0,0,0,0,0,4.081727678869736,2.5219280948873624,3,0,https://duckduckgo.com/privacy,0
21,5,4,1,0,0,3,0,0,0,0,0,0,0,1,0,0,0,0,0,3.7849418274376427,2.321928094887362,3,0,https://quora.com/faq,0
21,6,4,1,0,0,3,0,0,0,0,0,0,0,1,0,0,0,0,0,3.5178160905596996,2.2516291673878226,2,0,https://twitch.tv/faq,0
22,5,1,2,0,0,3,0,0,0,0,0,0,0,1,1,0,0,0,1,3.7544418457133455,2.321928094887362,3,0,https://www.quora.com/,0
24,4,8,1,0,0,3,0,0,0,0,0,0,0,1,0,0,0,0,0,3.5220552088742005,2.0,3,0,https://espn.com/contact,0
29,4,9,2,0,0,3,0,0,0,0,0,0,0,1,1,0,0,0,1,3.83127625337525,2.0,3,0,https://www.espn.com/products,0
25,7,6,1,0,0,3,0,0,0,0,0,0,0,1,0,0,0,0,0,3.6732696895151085,2.5216406363433186,3,0,https://discord.com/terms,0
29,8,9,1,0,0,3,0,0,0,0,0,0,0,1,0,0,0,0,0,3.771437029461126,2.75,3,0,https://coursera.org/services,0
28,7,9,1,0,0,3,0,0,0,0,0,0,0,1,0,0,0,0,0,3.8962915290459277,2.5216406363433186,3,0,https://walmart.com/features,0
33,7,10,2,0,0,3,0,0,0,0,0,0,0,1,1,0,0,0,1,3.861983513035609,2.8073549220576046,3,0,https://www.spotify.com/community,0
38,13,9,2,0,0,3,0,0,0,0,0,0,0,1,1,0,0,0,1,4.083067973799102,3.546593564294939,3,0,https://www.stackoverflow.com/products,0
26,5,9,1,0,0,3,0,0,0,0,0,0,0,1,0,0,0,0,0,3.873140679513133,2.321928094887362,3,0,https://quora.com/features,0
28,4,9,2,0,0,3,0,0,0,0,0,0,0,1,1,0,0,0,1,3.7439821538141276,1.5,2,0,https://www.zoom.us/products,0
32,7,9,2,0,0,3,0,0,0,0,0,0,0,1,1,0,0,0,1,3.9917292966721747,2.2359263506290326,3,0,https://www.reuters.com/download,0
29,9,8,1,0,0,3,0,0,0,0,0,0,0,1,0,0,0,0,0,3.922828737239167,2.6416041678685938,3,0,https://wikipedia.org/pricing,0
30,7,7,2,0,0,3,0,0,0,0,0,0,0,1,1,0,0,0,1,3.8980685120588388,2.5216406363433186,3,0,https://www.youtube.com/events,0
35,9,10,2,0,0,3,0,0,0,0,0,0,0,1,1,0,0,0,1,4.171860873964197,2.6416041678685938,3,0,https://www.wikipedia.org/community,0
24,7,1,2,0,0,3,0,0,0,0,0,0,0,1,1,0,0,0,1,3.688721875540867,2.2359263506290326,3,0,https://www.harvard.edu/,0
27,10,5,1,0,0,3,0,0,0,0,0,0,0,1,0,0,0,0,0,3.6484318362032013,2.6464393446710157,3,0,https://techcrunch.com/docs,0
22,6,4,1,0,0,3,0,0,0,0,0,0,0,1,0,0,0,0,0,3.970573095811685,2.2516291673878226,3,0,https://airbnb.com/faq,0
26,10,4,1,0,0,3,0,0,0,0,0,0,0,1,0,0,0,0,0,3.7671834678914613,2.6464393446710157,3,0,https://techcrunch.com/api,0
25,4,10,1,0,0,3,0,0,0,0,0,0,0,1,0,0,0,0,0,3.623465189601647,1.5,2,0,https://zoom.us/resources,0
22,5,5,1,0,0,3,0,0,0,0,0,0,0,1,0,0,0,0,0,3.6635327548042547,2.321928094887362,3,0,https://slack.com/team,0
21,4,6,1,0,0,3,0,0,0,0,0,0,0,1,0,0,0,0,0,3.5225715891363603,1.5,2,0,https://zoom.us/terms,0
29,11,6,1,0,0,3,0,0,0,0,0,0,0,1,0,0,0,0,0,4.1162646156680225,3.027169118440619,3,0,https://khanacademy.org/about,0
28,8,8,1,0,0,3,0,0,0,0,0,0,0,1,0,0,0,0,0,3.7943360657504512,3.0,3,0,https://stanford.edu/contact,0
28,7,5,2,0,0,3,0,0,0,0,0,0,0,1,1,0,0,0,1,3.9852281360342516,2.5216406363433186,3,0,https://www.booking.com/team,0
29,10,7,1,0,0,3,0,0,0,0,0,0,0,1,0,0,0,0,0,3.8404025467025056,2.9219280948873623,3,0,https://salesforce.com/events,0
26,8,6,1,0,0,3,0,0,0,0,0,0,0,1,0,0,0,0,0,3.825251737288651,3.0,3,0,https://stanford.edu/about,0
29,5,8,2,0,0,3,0,0,0,0,0,0,0,1,1,0,0,1,1,3.978333581185264,1.9219280948873623,3,0,https://www.apple.com/pricing,0
26,3,7,2,0,0,3,0,0,0,0,0,0,0,1,1,0,0,0,1,3.873140679513133,1.584962500721156,3,0,https://www.ibm.com/search,0
29,8,9,1,0,0,3,0,0,0,0,0,0,0,1,0,0,0,0,0,3.810928306279287,2.4056390622295662,3,0,https://theverge.com/features,0
28,6,10,1,0,0,3,0,0,0,0,0,0,0,1,0,0,0,0,0,3.9102329406731844,2.2516291673878226,3,0,https://target.com/community,0
30,12,6,1,0,0,3,0,0,0,0,0,0,0,1,0,0,0,0,0,4.01506101220307,3.2516291673878226,3,0,https://digitalocean.com/terms,0
29,9,8,1,0,0,3,0,0,0,0,0,0,0,1,0,0,0,0,0,3.745406425938248,2.725480556997868,3,0,https://pinterest.com/pricing,0
33,9,8,2,0,0,3,0,0,0,0,0,0,0,1,1,0,0,1,1,3.6801653312174274,2.725480556997868,3,0,https://www.wordpress.com/support,0
28,5,7,2,0,0,3,0,0,0,0,0,0,0,1,1,0,0,0,1,3.91379956460568,2.321928094887362,3,0,https://www.adobe.com/events,0
22,6,1,2,0,0,3,0,0,0,0,0,0,0,1,1,0,0,0,1,3.1701348924281936,2.2516291673878226,2,0,https://www.twitch.tv/,0
27,6,9,1,0,0,3,0,0,0,0,0,0,0,1,0,0,0,0,0,3.8841550945958043,2.2516291673878226,3,0,https://reddit.com/features,0
26,5,5,2,0,0,3,0,0,0,0,0,0,0,1,1,0,0,1,1,3.6423714487439023,1.9219280948873623,3,0,https://www.apple.com/help,0
35,9,10,2,0,0,3,0,0,0,0,0,0,0,1,1,0,0,0,1,3.7043029317756178,2.725480556997868,3,0,https://www.wordpress.com/resources,0
25,4,5,2,0,0,3,0,0,0,0,0,0,0,1,1,0,0,0,1,3.5434651896016476,2.0,3,0,https://www.espn.com/news,0
26,5,9,1,0,0,3,0,0,0,0,0,0,0,1,0,0,0,0,0,3.5843031793467124,1.9219280948873623,3,0,https://cisco.com/products,0
27,9,6,1,0,0,3,0,0,0,0,0,0,0,1,0,0,0,0,0,3.852497577104199,2.725480556997868,3,0,https://pinterest.com/about,0
28,8,8,1,0,0,3,0,0,0,0,0,0,0,1,0,0,0,0,0,3.7089660826946234,2.75,3,0,https://facebook.com/contact,0
31,7,8,2,0,0,3,0,0,0,0,0,0,0,1,1,0,0,0,1,4.106949132758152,2.5216406363433186,3,0,https://www.youtube.com/privacy,0
28,7,9,1,0,0,3,0,0,0,0,0,0,0,1,0,0,0,0,0,3.9407598325400897,2.8073549220576046,3,0,https://nytimes.com/features,0
28,6,10,1,0,0,3,0,0,0,0,0,0,0,1,0,0,0,0,0,3.7439821538141276,2.2516291673878226,3,0,https://reddit.com/resources,0
29,8,5,2,0,0,3,0,0,0,0,0,0,0,1,1,0,0,0,1,3.8573068568981284,2.75,3,0,https://www.facebook.com/team,0
25,5,8,1,0,0,3,0,0,0,0,0,0,0,1,0,0,0,0,0,3.4634651896016475,1.9219280948873623,3,0,https://yahoo.com/contact,0
31,9,6,2,0,0,3,0,0,0,0,0,0,0,1,1,0,0,1,1,3.7356660681024447,2.94770277922009,3,0,https://www.microsoft.com/terms,0
28,3,9,2,0,0,3,0,0,0,0,0,0,0,1,1,0,0,0,1,3.8423709931771084,0.9182958340544896,3,0,https://www.bbc.com/services,0
27,6,5,2,0,0,3,0,0,0,0,0,0,0,1,1,0,0,0,1,3.8100810205217304,2.2516291673878226,3,0,https://www.target.com/docs,0
23,3,4,2,0,0,3,0,0,0,0,0,0,0,1,1,0,0,0,1,3.675310868912364,0.9182958340544896,3,0,https://www.bbc.com/api,0
27,7,4,2,0,0,3,0,0,0,0,0,0,0,1,1,0,0,0,1,3.902311575917029,2.5216406363433186,3,0,https://www.dropbox.com/api,0
28,11,5,1,0,0,3,0,0,0,0,0,0,0,1,0,0,0,0,0,4.182005814760213,3.027169118440619,3,0,https://khanacademy.org/blog,0
31,5,10,2,0,0,3,0,0,0,0,0,0,0,1,1,0,0,0,1,3.993730584231477,2.321928094887362,3,0,https://www.udemy.com/solutions,0
26,6,4,2,0,0,3,0,0,0,0,0,0,0,1,1,0,0,0,1,3.997952698660692,2.2516291673878226,3,0,https://www.medium.com/faq,0
33,7,10,2,0,0,3,0,0,0,0,0,0,0,1,1,0,0,0,1,3.77850207357611,2.128085278891395,3,0,https://www.twitter.com/solutions,0
24,3,9,1,0,0,3,0,0,0,0,0,0,0,1,0,0,0,0,0,3.709147917027245,1.584962500721156,3,0,https://mit.edu/services,0
33,10,7,2,0,0,3,0,0,0,0,0,0,0,1,1,0,0,0,1,4.043801694853791,2.5219280948873624,3,0,https://www.duckduckgo.com/events,0
22,4,6,1,0,0,3,0,0,0,0,0,0,0,1,0,0,0,1,0,3.7544418457133455,2.0,3,0,https://ebay.com/terms,0
34,8,10,2,0,0,3,0,0,0,0,0,0,0,1,1,0,0,0,1,4.160704752887783,3.0,3,0,https://www.stanford.edu/community,0
31,9,6,2,0,0,3,0,0,0,0,0,0,0,1,1,0,0,0,1,3.8890495359141695,2.94770277922009,3,0,https://www.instagram.com/terms,0
26,5,5,2,0,0,3,0,0,0,0,0,0,0,1,1,0,0,0,1,3.921029621737615,2.321928094887362,3,0,https://www.adobe.com/blog,0
28,7,5,2,0,0,3,0,0,0,0,0,0,0,1,1,0,0,0,1,3.8962915290459277,2.5216406363433186,3,0,https://www.booking.com/news,0
19,6,1,1,0,0,3,0,0,0,0,0,0,0,1,0,0,0,0,0,3.536886723742168,2.584962500721156,3,0,https://stripe.com/,0
32,6,10,2,0,0,3,0,0,0,0,0,0,0,1,1,0,0,0,1,3.7570488277869583,2.584962500721156,3,0,https://www.stripe.com/resources,0
27,7,8,1,0,0,3,0,0,0,0,0,0,0,1,0,0,0,0,0,3.9302703722934536,2.2359263506290326,3,0,https://reuters.com/privacy,0
25,3,10,1,0,0,3,0,0,0,0,0,0,0,1,0,0,0,0,0,3.7034651896016473,1.584962500721156,3,0,https://ibm.com/community,0
25,6,7,1,0,0,3,0,0,0,0,0,0,0,1,0,0,0,0,0,3.653660689688186,2.2516291673878226,3,0,https://target.com/search,0
23,7,4,1,0,0,3,0,0,0,0,0,0,0,1,0,0,0,0,0,3.642489673166126,2.8073549220576046,3,0,https://spotify.com/api,0
25,5,8,1,0,0,3,0,0,0,0,0,0,0,1,0,0,0,1,0,3.7834651896016473,2.321928094887362,3,0,https://intel.com/support,0
29,9,8,1,0,0,3,0,0,0,0,0,0,0,1,0,0,0,0,0,3.7024715122197467,2.725480556997868,3,0,https://wordpress.com/careers,0
25,8,5,1,0,0,3,0,0,0,0,0,0,0,1,0,0,0,0,0,3.7834651896016473,2.4056390622295662,3,0,https://theverge.com/news,0
26,6,8,1,0,0,3,0,0,0,0,0,0,0,1,0,0,0,1,0,3.690260390968384,1.9182958340544896,3,0,https://google.com/support,0
26,7,7,1,0,0,3,0,0,0,0,0,0,0,1,0,0,0,0,0,3.873140679513133,2.5216406363433186,3,0,https://dropbox.com/search,0
27,5,6,2,0,0,3,0,0,0,0,0,0,0,1,1,0,0,0,1,3.9582291686698783,2.321928094887362,3,0,https://www.wired.com/about,0
27,6,5,2,0,0,3,0,0,0,0,0,0,0,1,1,0,0,0,1,3.661932872373582,2.584962500721156,3,0,https://www.apnews.com/team,0
26,9,5,1,0,0,3,0,0,0,0,0,0,0,1,0,0,0,0,0,3.921029621737615,2.725480556997868,3,0,https://wordpress.com/blog,0
32,11,5,2,0,0,3,0,0,0,0,0,0,0,1,1,0,0,0,1,4.054229296672175,3.277613436819116,3,0,https://www.theguardian.com/team,0
25,7,6,1,0,0,3,0,0,0,0,0,0,0,1,0,0,0,0,0,3.9132696895151087,2.5216406363433186,3,0,https://booking.com/press,0
33,11,10,1,0,0,3,0,0,0,0,0,0,0,1,0,0,0,0,0,3.907734270742486,3.095795255000934,3,0,https://arstechnica.com/community,0
23,6,5,1,0,0,3,0,0,0,0,0,0,0,1,0,0,0,0,0,3.9690016298759927,2.584962500721156,3,0,https://apnews.com/blog,0
27,5,6,2,0,0,3,0,0,0,0,0,0,0,1,1,0,0,0,1,3.828237501842955,2.321928094887362,3,0,https://www.udemy.com/terms,0
24,7,5,1,0,0,3,0,0,0,0,0,0,0,1,0,0,0,0,0,3.819773835029478,2.128085278891395,3,0,https://twitter.com/blog,0
23,4,7,1,0,0,3,0,0,0,0,0,0,0,1,0,0,0,0,0,3.5555331514269954,1.5,3,0,https://nasa.gov/events,0
31,9,6,2,0,0,3,0,0,0,0,0,0,0,1,1,0,0,0,1,3.8245334068819115,2.6416041678685938,3,0,https://www.wikipedia.org/press,0
25,5,8,1,0,0,3,0,0,0,0,0,0,0,1,0,0,0,1,0,3.8332696895151086,2.321928094887362,3,0,https://wired.com/support,0
32,8,8,2,0,0,3,0,0,0,0,0,0,0,1,1,0,0,0,1,4.155639062229566,2.75,3,0,https://www.facebook.com/pricing,0
26,6,8,1,0,0,3,0,0,0,0,0,0,0,1,0,0,0,0,0,3.738149333192866,2.584962500721156,3,0,https://stripe.com/pricing,0
22,4,6,1,0,0,3,0,0,0,0,0,0,0,1,0,0,0,0,0,3.5160276412662306,2.0,3,0,https://cnet.com/terms,0
27,6,9,1,0,0,3,0,0,0,0,0,0,0,1,0,0,0,0,0,4.032303242743953,2.2516291673878226,3,0,https://airbnb.com/download,0
22,6,4,1,0,0,3,0,0,0,0,0,0,0,1,0,0,0,0,0,3.7544418457133455,2.584962500721156,3,0,https://apnews.com/api,0
20,3,1,2,0,0,3,0,0,0,0,0,0,0,1,1,0,0,0,1,3.5464393446710156,1.584962500721156,3,0,https://www.ibm.com/,0
31,7,8,2,0,0,3,0,0,0,0,0,0,0,1,1,0,0,0,1,3.88904953591417,2.5216406363433186,3,0,https://www.discord.com/pricing,0
31,5,10,2,0,0,3,0,0,0,0,0,0,0,1,1,0,0,0,1,3.719852358564604,1.9219280948873623,3,0,https://www.cisco.com/resources,0
37,13,8,2,0,0,3,0,0,0,0,0,0,0,1,1,0,0,0,1,3.9563580149100237,3.546593564294939,3,0,https://www.stackoverflow.com/contact,0
28,8,4,2,0,0,3,0,0,0,0,0,0,0,1,1,0,0,0,1,3.9407598325400897,2.75,3,0,https://www.coursera.org/faq,0
27,6,9,1,0,0,3,0,0,0,0,0,0,0,1,0,0,0,0,0,4.0043444463675275,2.584962500721156,3,0,https://stripe.com/download,0
24,6,6,1,0,0,3,0,0,0,0,0,0,0,1,0,0,0,0,0,3.720175521464345,2.584962500721156,3,0,https://github.com/about,0
28,5,7,2,0,0,3,0,0,0,0,0,0,0,1,1,0,0,0,1,3.770942421748537,1.9219280948873623,3,0,https://www.yahoo.com/search,0
24,3,9,1,0,0,3,0,0,0,0,0,0,0,1,0,0,0,0,0,3.9387218755408675,1.584962500721156,3,0,https://ibm.com/download,0
30,6,8,2,0,0,3,0,0,0,0,0,0,0,1,1,0,0,0,1,3.939572261986723,2.2516291673878226,3,0,https://www.reddit.com/pricing,0
27,3,8,2,0,0,3,0,0,0,0,0,0,0,1,1,0,0,0,1,3.9302703722934536,0.9182958340544896,3,0,https://www.cnn.com/privacy,0
22,6,4,1,0,0,3,0,0,0,0,0,0,0,1,0,0,0,1,0,3.7544418457133455,2.2516291673878226,3,0,https://amazon.com/faq,0
25,8,5,1,0,0,3,0,0,0,0,0,0,0,1,0,0,0,0,0,3.8936606896881862,2.5,3,0,https://linkedin.com/help,0
25,4,9,1,0,0,3,0,0,0,0,0,0,0,1,0,0,0,0,0,3.8332696895151086,2.0,3,0,https://cnet.com/download,0
25,3,10,1,0,0,3,0,0,0,0,0,0,0,1,0,0,0,0,0,3.7230741894285697,0.9182958340544896,3,0,https://bbc.com/solutions,0
32,8,8,2,0,0,3,0,0,0,0,0,0,0,1,1,0,0,0,1,4.030639062229566,2.4056390622295662,3,0,https://www.theverge.com/privacy,0
24,8,4,1,0,0,3,0,0,0,0,0,0,0,1,0,0,0,0,0,3.9387218755408675,2.5,3,0,https://linkedin.com/api,0
29,7,6,2,0,0,3,0,0,0,0,0,0,0,1,1,0,0,0,1,3.8573068568981284,2.8073549220576046,3,0,https://www.shopify.com/terms,0
24,6,6,1,0,0,3,0,0,0,0,0,0,0,1,0,0,0,0,0,3.8239348962840563,2.584962500721156,3,0,https://github.com/press,0
25,7,6,1,0,0,3,0,0,0,0,0,0,0,1,0,0,0,0,0,3.8332696895151086,2.8073549220576046,3,0,https://shopify.com/about,0
21,3,6,1,0,0,3,0,0,0,0,0,0,0,1,0,0,0,0,0,3.558518613048906,0.9182958340544896,3,0,https://bbc.com/terms,0
30,9,5,2,0,0,3,0,0,0,0,0,0,0,1,1,0,0,0,1,3.872905595320056,2.94770277922009,3,0,https://www.instagram.com/team,0
28,7,5,2,0,0,3,0,0,0,0,0,0,0,1,1,0,0,0,1,3.6514789228933084,2.128085278891395,3,0,https://www.twitter.com/docs,0
26,5,5,2,0,0,3,0,0,0,0,0,0,0,1,1,0,0,0,1,3.95006375643621,2.321928094887362,3,0,https://www.quora.com/help,0
31,7,8,2,0,0,3,0,0,0,0,0,0,0,1,1,0,0,0,1,3.953565664946428,2.5216406363433186,3,0,https://www.dropbox.com/careers,0
24,7,5,1,0,0,3,0,0,0,0,0,0,0,1,0,0,0,0,0,3.709147917027245,2.2359263506290326,3,0,https://reuters.com/news,0
28,6,10,1,0,0,3,0,0,0,0,0,0,0,1,0,0,0,0,0,3.717021885879718,2.584962500721156,3,0,https://oracle.com/resources,0
23,6,1,2,0,0,3,0,0,0,0,0,0,0,1,1,0,0,0,1,3.729446194905256,2.584962500721156,3,0,https://www.github.com/,0
29,7,10,1,0,0,3,0,0,0,0,0,0,0,1,0,0,0,0,0,3.9523029776623857,2.2359263506290326,3,0,https://harvard.edu/solutions,0
28,7,9,1,0,0,3,0,0,0,0,0,0,0,1,0,0,0,0,0,4.012188403968661,2.2359263506290326,3,0,https://reuters.com/download,0
27,6,9,1,0,0,3,0,0,0,0,0,0,0,1,0,0,0,1,0,3.902311575917029,1.9182958340544896,3,0,https://paypal.com/features,0
28,7,9,1,0,0,3,0,0,0,0,0,0,0,1,0,0,0,0,0,3.9407598325400897,2.5216406363433186,3,0,https://walmart.com/services,0
23,6,5,1,0,0,3,0,0,0,0,0,0,0,1,0,0,0,0,0,3.7622673906514943,2.584962500721156,3,0,https://github.com/blog,0
28,8,8,1,0,0,3,0,0,0,0,0,0,0,1,0,0,0,0,0,3.740415529881632,2.4056390622295662,3,0,https://theverge.com/contact,0
30,10,8,1,0,0,3,0,0,0,0,0,0,0,1,0,0,0,0,0,3.7362434129830606,2.5219280948873624,3,0,https://duckduckgo.com/contact,0
30,8,6,2,0,0,3,0,0,0,0,0,0,0,1,1,0,0,0,1,3.8980685120588388,3.0,3,0,https://www.stanford.edu/terms,0
29,8,9,1,0,0,3,0,0,0,0,0,0,0,1,0,0,0,0,0,4.159199529386524,2.5,3,0,https://linkedin.com/features,0
27,4,7,2,0,0,3,0,0,0,0,0,0,0,1,1,0,0,0,1,3.7541634277688805,2.0,3,0,https://www.cnet.com/search,0
31,7,8,2,0,0,3,0,0,0,0,0,0,0,1,1,0,0,0,1,3.8245334068819115,2.8073549220576046,3,0,https://www.shopify.com/contact,0
26,8,6,1,0,0,3,0,0,0,0,0,0,0,1,0,0,0,0,0,3.5944825065194204,2.4056390622295662,3,0,https://theverge.com/terms,0
25,7,6,1,0,0,3,0,0,0,0,0,0,0,1,0,0,0,0,0,3.6732696895151085,2.2359263506290326,3,0,https://harvard.edu/terms,0
24,6,6,1,0,0,3,0,0,0,0,0,0,0,1,0,0,0,1,0,3.7406015629507228,1.9182958340544896,3,0,https://paypal.com/terms,0
32,10,10,1,0,0,3,0,0,0,0,0,0,0,1,0,0,0,0,0,3.92095859334435,3.1219280948873624,3,0,https://cloudflare.com/resources,0
30,6,8,2,0,0,3,0,0,0,0,0,0,0,1,1,0,0,0,1,3.7647351787255054,2.584962500721156,3,0,https://www.apnews.com/careers,0
27,8,7,1,0,0,3,0,0,0,0,0,0,0,1,0,0,0,0,0,3.8561962982193796,3.0,3,0,https://stanford.edu/search,0
26,4,6,2,0,0,3,0,0,0,0,0,0,0,1,1,0,0,0,1,3.6423714487439023,2.0,3,0,https://www.cnet.com/terms,0
27,7,4,2,0,0,3,0,0,0,0,0,0,0,1,1,0,0,0,1,4.0043444463675275,2.5216406363433186,3,0,https://www.dropbox.com/faq,0
29,7,6,2,0,0,3,0,0,0,0,0,0,0,1,1,0,0,0,1,3.8143719431796272,2.5216406363433186,3,0,https://www.bestbuy.com/about,0
29,7,10,1,0,0,3,0,0,0,0,0,0,0,1,0,0,0,0,0,3.495574960495609,2.2359263506290326,3,0,https://reuters.com/resources,0
24,7,1,2,0,0,3,0,0,0,0,0,0,0,1,1,0,0,0,1,3.688721875540867,2.5216406363433186,3,0,https://www.discord.com/,0
28,7,5,2,0,0,3,0,0,0,0,0,0,0,1,1,0,0,0,1,3.797902689682947,2.8073549220576046,3,0,https://www.nytimes.com/team,0
31,6,9,2,0,0,3,0,0,0,0,0,0,0,1,1,0,0,0,1,3.937751955408587,2.584962500721156,3,0,https://www.github.com/products,0
33,11,10,1,0,0,3,0,0,0,0,0,0,0,1,0,0,0,0,0,4.0895524525606675,3.277613436819116,3,0,https://theguardian.com/community,0
33,7,10,2,0,0,3,0,0,0,0,0,0,0,1,1,0,0,0,1,3.945464952495108,2.8073549220576046,3,0,https://www.shopify.com/resources,0
26,6,8,1,0,0,3,0,0,0,0,0,0,0,1,0,0,0,1,0,3.7962176025900565,2.2516291673878226,3,0,https://amazon.com/careers,0
31,6,9,2,0,0,3,0,0,0,0,0,0,0,1,1,0,0,0,1,3.953565664946428,2.584962500721156,3,0,https://www.oracle.com/features,0
29,3,10,2,0,0,3,0,0,0,0,0,0,0,1,1,0,0,0,1,3.788341339656749,0.9182958340544896,3,0,https://www.bbc.com/resources,0
26,5,9,1,0,0,3,0,0,0,0,0,0,0,1,0,0,0,0,0,3.8441065448145384,2.321928094887362,3,0,https://adobe.com/products,0
36,12,8,2,0,0,3,0,0,0,0,0,0,0,1,1,0,0,0,1,4.0860486123130375,3.2516291673878226,3,0,https://www.digitalocean.com/pricing,0
27,6,9,1,0,0,3,0,0,0,0,0,0,0,1,0,0,0,0,0,3.9302703722934536,2.2516291673878226,3,0,https://reddit.com/download,0
28,7,9,1,0,0,3,0,0,0,0,0,0,0,1,0,0,0,0,0,3.8248629576173565,2.8073549220576046,3,0,https://spotify.com/services,0
28,6,6,2,0,0,3,0,0,0,0,0,0,0,1,1,0,0,0,1,3.797902689682947,2.584962500721156,3,0,https://www.oracle.com/press,0
32,10,6,2,0,0,3,0,0,0,0,0,0,0,1,1,0,0,0,1,3.92095859334435,2.5219280948873624,3,0,https://www.duckduckgo.com/about,0
25,8,1,2,0,0,3,0,0,0,0,0,0,0,1,1,0,0,0,1,3.9434651896016475,2.5,3,0,https://www.linkedin.com/,0
31,6,9,2,0,0,3,0,0,0,0,0,0,0,1,1,0,0,0,1,3.913400745661378,2.2516291673878226,3,0,https://www.nvidia.com/download,0
27,5,10,1,0,0,3,0,0,0,0,0,0,0,1,0,0,0,0,0,3.7821222241453056,2.321928094887362,3,0,https://slack.com/solutions,0
21,4,5,1,0,0,3,0,0,0,0,0,0,0,1,0,0,0,0,0,3.558518613048906,2.0,3,0,https://cnet.com/help,0
35,11,8,2,0,0,3,0,0,0,0,0,0,0,1,1,0,0,0,1,4.2430101595548555,3.277613436819116,3,0,https://www.theguardian.com/privacy,0
28,7,9,1,0,0,3,0,0,0,0,0,0,0,1,0,0,0,0,0,3.7264741182543752,2.5216406363433186,3,0,https://dropbox.com/products,0
37,13,8,2,0,0,3,0,0,0,0,0,0,0,1,1,0,0,0,1,4.154870932962629,3.546593564294939,3,0,https://www.stackoverflow.com/privacy,0
24,3,5,2,0,0,3,0,0,0,0,0,0,0,1,1,0,0,0,1,3.709147917027245,1.584962500721156,3,0,https://www.ibm.com/team,0
22,5,5,1,0,0,3,0,0,0,0,0,0,0,1,0,0,0,0,0,3.8796640049025943,2.321928094887362,3,0,https://udemy.com/news,0
27,7,8,1,0,0,3,0,0,0,0,0,0,0,1,0,0,0,0,0,3.8561962982193796,2.2359263506290326,3,0,https://reuters.com/pricing,0
28,7,9,1,0,0,3,0,0,0,0,0,0,0,1,0,0,0,0,0,3.8248629576173565,2.5216406363433186,3,0,https://bestbuy.com/products,0
20,4,4,1,0,0,3,0,0,0,0,0,0,0,1,0,0,0,0,0,3.784183719779189,2.0,3,0,https://bing.com/api,0
26,10,4,1,0,0,3,0,0,0,0,0,0,0,1,0,0,0,0,0,4.056020968057882,3.1219280948873624,3,0,https://cloudflare.com/faq,0
26,9,1,2,0,0,3,0,0,0,0,0,0,0,1,1,0,0,0,1,3.7962176025900565,2.6416041678685938,3,0,https://www.wikipedia.org/,0
27,5,10,1,0,0,3,0,0,0,0,0,0,0,1,0,0,0,0,0,3.7541634277688805,2.321928094887362,3,0,https://quora.com/resources,0
22,5,5,1,0,0,3,0,0,0,0,0,0,0,1,0,0,0,0,0,3.629219686524097,1.9219280948873623,3,0,https://cisco.com/blog,0
28,7,5,2,0,0,3,0,0,0,0,0,0,0,1,1,0,0,0,1,3.869331261111518,2.2359263506290326,3,0,https://www.harvard.edu/docs,0
29,7,10,1,0,0,3,0,0,0,0,0,0,0,1,0,0,0,0,0,3.771437029461126,2.8073549220576046,3,0,https://nytimes.com/solutions,0
20,4,1,2,0,0,3,0,0,0,0,0,0,0,1,1,0,0,0,1,3.4464393446710155,1.5,2,0,https://www.zoom.us/,0
30,6,8,2,0,0,3,0,0,0,0,0,0,0,1,1,0,0,1,1,3.7144093452479408,1.9182958340544896,3,0,https://www.paypal.com/contact,0
26,5,5,2,0,0,3,0,0,0,0,0,0,0,1,1,0,0,0,1,3.6902603909683847,1.9219280948873623,3,0,https://www.cisco.com/help,0
29,6,7,2,0,0,3,0,0,0,0,0,0,0,1,1,0,0,1,1,3.8833374604210062,2.2516291673878226,3,0,https://www.amazon.com/events,0
23,7,4,1,0,0,3,0,0,0,0,0,0,0,1,0,0,0,0,0,3.729446194905256,2.5216406363433186,3,0,https://walmart.com/api,0
23,6,6,1,0,0,3,0,0,0,0,0,0,0,1,0,0,0,0,0,3.468576629687865,2.2516291673878226,2,0,https://twitch.tv/terms,0
31,6,9,2,0,0,3,0,0,0,0,0,0,0,1,1,0,0,0,1,3.929214455199219,2.2516291673878226,3,0,https://www.medium.com/services,0
24,5,7,1,0,0,3,0,0,0,0,0,0,0,1,0,0,0,0,0,3.8239348962840563,2.321928094887362,3,0,https://udemy.com/events,0
20,3,5,1,0,0,3,0,0,0,0,0,0,0,1,0,0,0,0,0,3.784183719779189,1.584962500721156,3,0,https://ibm.com/news,0
22,5,5,1,0,0,3,0,0,0,0,0,0,0,1,0,0,0,0,0,3.7544418457133455,2.321928094887362,3,0,https://intel.com/docs,0
28,4,8,2,0,0,3,0,0,0,0,0,0,0,1,1,0,0,0,1,3.9407598325400897,1.5,3,0,https://www.nasa.gov/privacy,0
36,10,10,2,0,0,3,0,0,0,0,0,0,0,1,1,0,0,0,1,4.210777084415067,3.1219280948873624,3,0,https://www.cloudflare.com/community,0
28,6,6,2,0,0,3,0,0,0,0,0,0,0,1,1,0,0,1,1,3.8423709931771084,1.9182958340544896,3,0,https://www.paypal.com/terms,0
23,10,1,1,0,0,3,0,0,0,0,0,0,0,1,0,0,0,0,0,3.9690016298759927,3.1219280948873624,3,0,https://cloudflare.com/,0
36,11,9,2,0,0,3,0,0,0,0,0,0,0,1,1,0,0,0,1,4.009523959475164,3.095795255000934,3,0,https://www.arstechnica.com/download,0
30,6,9,2,0,0,3,0,0,0,0,0,0,0,1,1,0,0,0,1,3.707751647240616,2.2516291673878226,2,0,https://www.twitch.tv/download,0
29,7,10,1,0,0,3,0,0,0,0,0,0,0,1,0,0,0,0,0,3.771437029461126,2.2359263506290326,3,0,https://reuters.com/solutions,0
29,9,8,1,0,0,3,0,0,0,0,0,0,0,1,0,0,0,0,0,3.995237891380887,2.725480556997868,3,0,https://wordpress.com/privacy,0
22,5,5,1,0,0,3,0,0,0,0,0,0,0,1,0,0,0,0,0,3.5383105956150063,1.9219280948873623,3,0,https://cisco.com/team,0
32,11,9,1,0,0,3,0,0,0,0,0,0,0,1,0,0,0,0,0,4.007048827786958,3.095795255000934,3,0,https://arstechnica.com/download,0
27,6,5,2,0,0,3,0,0,0,0,0,0,0,1,1,0,0,1,1,3.782122224145305,1.9182958340544896,3,0,https://www.paypal.com/docs,0
27,4,7,2,0,0,3,0,0,0,0,0,0,0,1,1,0,0,0,1,3.828237501842955,1.5,3,0,https://www.nasa.gov/search,0
27,6,5,2,0,0,3,0,0,0,0,0,0,0,1,1,0,0,0,1,4.106377316818026,2.2516291673878226,3,0,https://www.nvidia.com/blog,0
25,4,5,2,0,0,3,0,0,0,0,0,0,0,1,1,0,0,0,1,3.6732696895151085,2.0,3,0,https://www.espn.com/help,0
22,9,1,1,0,0,3,0,0,0,0,0,0,0,1,0,0,0,1,0,3.5383105956150063,2.94770277922009,3,0,https://microsoft.com/,0
31,6,9,2,0,0,3,0,0,0,0,0,0,0,1,1,0,0,0,1,4.042433003725894,2.2516291673878226,3,0,https://www.nvidia.com/products,0
25,5,8,1,0,0,3,0,0,0,0,0,0,0,1,0,0,0,0,0,3.733660689688186,1.9219280948873623,3,0,https://cisco.com/privacy,0
25,8,5,1,0,0,3,0,0,0,0,0,0,0,1,0,0,0,0,0,3.9434651896016475,2.5,3,0,https://linkedin.com/news,0
20,3,5,1,0,0,3,0,0,0,0,0,0,0,1,0,0,0,0,0,3.4464393446710155,0.9182958340544896,3,0,https://bbc.com/docs,0
33,9,8,2,0,0,3,0,0,0,0,0,0,0,1,1,0,0,1,1,3.9225895736416696,2.94770277922009,3,0,https://www.instagram.com/support,0
26,9,5,1,0,0,3,0,0,0,0,0,0,0,1,0,0,0,0,0,3.690260390968384,2.725480556997868,3,0,https://pinterest.com/news,0
24,7,5,1,0,0,3,0,0,0,0,0,0,0,1,0,0,0,0,0,3.6572682296173893,2.2359263506290326,3,0,https://reuters.com/docs,0
34,11,7,2,0,0,3,0,0,0,0,0,0,0,1,1,0,0,0,1,4.13850217929474,3.277613436819116,3,0,https://www.theguardian.com/events,0
28,7,9,1,0,0,3,0,0,0,0,0,0,0,1,0,0,0,0,0,3.6455933144511468,2.5216406363433186,3,0,https://discord.com/products,0
30,8,10,1,0,0,3,0,0,0,0,0,0,0,1,0,0,0,0,0,4.081727678869736,3.0,3,0,https://stanford.edu/community,0
32,8,8,2,0,0,3,0,0,0,0,0,0,0,1,1,0,0,0,1,4.241729296672175,2.5,3,0,https://www.linkedin.com/privacy,0
25,8,5,1,0,0,3,0,0,0,0,0,0,0,1,0,0,0,0,0,3.813660689688186,3.0,3,0,https://stanford.edu/team,0
21,5,4,1,0,0,3,0,0,0,0,0,0,0,1,0,0,0,1,0,3.748994803525097,1.9219280948873623,3,0,https://apple.com/faq,0
31,6,9,2,0,0,3,0,0,0,0,0,0,0,1,1,0,0,0,1,3.929214455199219,1.9182958340544896,3,0,https://www.google.com/services,0
33,9,8,2,0,0,3,0,0,0,0,0,0,0,1,1,0,0,0,1,3.725916088924304,2.725480556997868,3,0,https://www.wordpress.com/careers,0
32,7,9,2,0,0,3,0,0,0,0,0,0,0,1,1,0,0,0,1,3.7806390622295662,2.128085278891395,3,0,https://www.outlook.com/download,0
28,9,7,1,0,0,3,0,0,0,0,0,0,0,1,0,0,0,0,0,3.7264741182543752,2.725480556997868,3,0,https://pinterest.com/search,0
32,6,10,2,0,0,3,0,0,0,0,0,0,0,1,1,0,0,0,1,3.8667292966721747,2.584962500721156,3,0,https://www.stripe.com/solutions,0
27,6,9,1,0,0,3,0,0,0,0,0,0,0,1,0,0,0,0,0,3.9302703722934536,2.584962500721156,3,0,https://github.com/services,0
26,10,4,1,0,0,3,0,0,0,0,0,0,0,1,0,0,0,0,0,3.95006375643621,2.5219280948873624,3,0,https://duckduckgo.com/faq,0
25,6,7,1,0,0,3,0,0,0,0,0,0,0,1,0,0,0,0,0,3.6732696895151085,2.584962500721156,3,0,https://stripe.com/search,0
21,3,6,1,0,0,3,0,0,0,0,0,0,0,1,0,0,0,0,0,3.6178096843744556,1.584962500721156,3,0,https://ibm.com/terms,0
31,9,10,1,0,0,3,0,0,0,0,0,0,0,1,0,0,0,1,0,3.6955011488173954,2.94770277922009,3,0,https://microsoft.com/resources,0
32,7,9,2,0,0,3,0,0,0,0,0,0,0,1,1,0,0,0,1,3.890319531114783,2.2359263506290326,3,0,https://www.harvard.edu/download,0
29,4,9,2,0,0,3,0,0,0,0,0,0,0,1,1,0,0,0,1,4.159199529386524,2.0,3,0,https://www.bing.com/features,0
29,4,10,2,0,0,3,0,0,0,0,0,0,0,1,1,0,0,0,1,3.745406425938248,1.5,2,0,https://www.zoom.us/resources,0
27,6,5,2,0,0,3,0,0,0,0,0,0,0,1,1,0,0,0,1,3.8561962982193796,2.2516291673878226,3,0,https://www.reddit.com/help,0
29,8,5,2,0,0,3,0,0,0,0,0,0,0,1,1,0,0,0,1,3.9093680639438846,2.75,3,0,https://www.facebook.com/news,0
23,6,6,1,0,0,3,0,0,0,0,0,0,0,1,0,0,0,0,0,3.4314134569803283,2.2516291673878226,2,0,https://twitch.tv/press,0
34,13,9,1,0,0,3,0,0,0,0,0,0,0,1,0,0,0,0,0,4.035273502696889,3.546593564294939,3,0,https://stackoverflow.com/services,0
34,10,8,2,0,0,3,0,0,0,0,0,0,0,1,1,0,0,0,1,4.160704752887783,2.5219280948873624,3,0,https://www.duckduckgo.com/privacy,0
24,6,6,1,0,0,3,0,0,0,0,0,0,0,1,0,0,0,0,0,3.9387218755408675,2.2516291673878226,3,0,https://nvidia.com/about,0
25,7,6,1,0,0,3,0,0,0,0,0,0,0,1,0,0,0,0,0,3.7834651896016473,2.5216406363433186,3,0,https://dropbox.com/about,0
25,3,6,2,0,0,3,0,0,0,0,0,0,0,1,1,0,0,0,1,3.6430741894285696,0.9182958340544896,3,0,https://www.bbc.com/about,0
28,7,9,1,0,0,3,0,0,0,0,0,0,0,1,0,0,0,0,0,3.655045546825804,2.2359263506290326,3,0,https://reuters.com/services,0
29,9,8,1,0,0,3,0,0,0,0,0,0,0,1,0,0,0,0,0,3.9093680639438846,2.725480556997868,3,0,https://pinterest.com/privacy,0
25,7,6,1,0,0,3,0,0,0,0,0,0,0,1,0,0,0,0,0,3.7034651896016473,2.5216406363433186,3,0,https://walmart.com/terms,0
28,6,10,1,0,0,3,0,0,0,0,0,0,0,1,0,0,0,0,0,3.753434386188785,2.584962500721156,3,0,https://stripe.com/solutions,0
31,7,8,2,0,0,3,0,0,0,0,0,0,0,1,1,0,0,1,1,3.6711499390701867,2.2359263506290326,3,0,https://www.reuters.com/support,0
24,3,9,1,0,0,3,0,0,0,0,0,0,0,1,0,0,0,0,0,3.688721875540867,1.584962500721156,3,0,https://mit.edu/features,0
31,11,8,1,0,0,3,0,0,0,0,0,0,0,1,0,0,0,1,0,4.082597923010944,3.027169118440619,3,0,https://khanacademy.org/support,0
27,4,7,2,0,0,3,0,0,0,0,0,0,0,1,1,0,0,1,1,3.902311575917029,2.0,3,0,https://www.ebay.com/events,0
31,6,10,2,0,0,3,0,0,0,0,0,0,0,1,1,0,0,0,1,3.6309850197851374,2.2516291673878226,2,0,https://www.twitch.tv/solutions,0
24,6,6,1,0,0,3,0,0,0,0,0,0,0,1,0,0,0,0,0,3.8239348962840563,2.584962500721156,3,0,https://oracle.com/about,0
30,7,7,2,0,0,3,0,0,0,0,0,0,0,1,1,0,0,0,1,3.964735178725505,2.8073549220576046,3,0,https://www.netflix.com/events,0
25,5,8,1,0,0,3,0,0,0,0,0,0,0,1,0,0,0,0,0,4.053660689688186,2.321928094887362,3,0,https://wired.com/privacy,0
25,7,6,1,0,0,3,0,0,0,0,0,0,0,1,0,0,0,0,0,3.7532696895151085,2.128085278891395,3,0,https://twitter.com/about,0
31,7,8,2,0,0,3,0,0,0,0,0,0,0,1,1,0,0,0,1,4.042433003725894,2.2359263506290326,3,0,https://www.harvard.edu/pricing,0
22,5,5,1,0,0,3,0,0,0,0,0,0,0,1,0,0,0,0,0,3.7887549139935035,2.321928094887362,3,0,https://wired.com/docs,0
28,7,5,2,0,0,3,0,0,0,0,0,0,0,1,1,0,0,0,1,3.753434386188785,2.5216406363433186,3,0,https://www.walmart.com/help,0
24,3,5,2,0,0,3,0,0,0,0,0,0,0,1,1,0,0,0,1,3.573934896284056,0.9182958340544896,3,0,https://www.cnn.com/docs,0
31,6,9,2,0,0,3,0,0,0,0,0,0,0,1,1,0,0,1,1,3.8245334068819115,1.9182958340544896,3,0,https://www.paypal.com/download,0
29,4,9,2,0,0,3,0,0,0,0,0,0,0,1,1,0,0,1,1,4.021268494903765,2.0,3,0,https://www.ebay.com/products,0
30,8,10,1,0,0,3,0,0,0,0,0,0,0,1,0,0,0,0,0,3.9777471629109447,2.75,3,0,https://facebook.com/solutions,0
21,4,5,1,0,0,3,0,0,0,0,0,0,0,1,0,0,0,0,0,3.6178096843744556,1.5,3,0,https://nasa.gov/team,0
26,5,9,1,0,0,3,0,0,0,0,0,0,0,1,0,0,0,0,0,3.7192945256669794,1.9219280948873623,3,0,https://yahoo.com/products,0
28,8,8,1,0,0,3,0,0,0,0,0,0,0,1,0,0,0,0,0,4.110577243331642,3.0,3,0,https://stanford.edu/privacy,0
30,6,8,2,0,0,3,0,0,0,0,0,0,0,1,1,0,0,1,1,3.831401845392172,2.584962500721156,3,0,https://www.github.com/support,0
28,7,5,2,0,0,3,0,0,0,0,0,0,0,1,1,0,0,0,1,3.770942421748537,2.2359263506290326,3,0,https://www.reuters.com/docs,0
28,7,5,2,0,0,3,0,0,0,0,0,0,0,1,1,0,0,0,1,3.9677201004744993,2.8073549220576046,3,0,https://www.netflix.com/team,0
32,7,9,2,0,0,3,0,0,0,0,0,0,0,1,1,0,0,0,1,3.8820488277869583,2.8073549220576046,3,0,https://www.spotify.com/products,0
28,4,8,2,0,0,3,0,0,0,0,0,0,0,1,1,0,0,1,1,3.869331261111518,2.0,3,0,https://www.ebay.com/careers,0
24,7,5,1,0,0,3,0,0,0,0,0,0,0,1,0,0,0,0,0,3.5110276044371003,2.5216406363433186,3,0,https://discord.com/docs,0
24,7,5,1,0,0,3,0,0,0,0,0,0,0,1,0,0,0,0,0,3.9387218755408675,2.5216406363433186,3,0,https://booking.com/news,0
27,6,9,1,0,0,3,0,0,0,0,0,0,0,1,0,0,0,1,0,3.8561962982193796,2.2516291673878226,3,0,https://amazon.com/products,0
25,7,6,1,0,0,3,0,0,0,0,0,0,0,1,0,0,0,0,0,3.7532696895151085,2.2359263506290326,3,0,https://harvard.edu/about,0
28,7,5,2,0,0,3,0,0,0,0,0,0,0,1,1,0,0,0,1,3.797902689682947,2.8073549220576046,3,0,https://www.spotify.com/news,0
27,8,7,1,0,0,3,0,0,0,0,0,0,0,1,0,0,0,0,0,3.630275354881977,2.4056390622295662,3,0,https://theverge.com/events,0
27,5,6,2,0,0,3,0,0,0,0,0,0,0,1,1,0,0,0,1,3.828237501842955,2.321928094887362,3,0,https://www.quora.com/about,0
20,7,1,1,0,0,3,0,0,0,0,0,0,0,1,0,0,0,0,0,3.584183719779189,2.8073549220576046,3,0,https://shopify.com/,0
28,11,5,1,0,0,3,0,0,0,0,0,0,0,1,0,0,0,0,0,4.182005814760213,3.277613436819116,3,0,https://theguardian.com/blog,0
35,10,9,2,0,0,3,0,0,0,0,0,0,0,1,1,0,0,0,1,3.932874360347046,2.9219280948873623,3,0,https://www.salesforce.com/services,0
31,8,7,2,0,0,3,0,0,0,0,0,0,0,1,1,0,0,0,1,3.8245334068819115,2.4056390622295662,3,0,https://www.theverge.com/search,0
23,4,7,1,0,0,3,0,0,0,0,0,0,0,1,0,0,0,0,0,3.9690016298759927,2.0,3,0,https://bing.com/search,0
29,9,4,2,0,0,3,0,0,0,0,0,0,0,1,1,0,0,0,1,3.8573068568981284,2.94770277922009,3,0,https://www.instagram.com/api,0
26,6,4,2,0,0,3,0,0,0,0,0,0,0,1,1,0,0,0,1,3.8441065448145384,2.2516291673878226,3,0,https://www.reddit.com/api,0
28,7,5,2,0,0,3,0,0,0,0,0,0,0,1,1,0,0,0,1,3.8962915290459277,2.5216406363433186,3,0,https://www.dropbox.com/news,0
31,5,10,2,0,0,3,0,0,0,0,0,0,0,1,1,0,0,0,1,3.8245334068819115,2.321928094887362,3,0,https://www.intel.com/solutions,0
35,9,10,2,0,0,3,0,0,0,0,0,0,0,1,1,0,0,0,1,4.014438730983427,2.6416041678685938,3,0,https://www.wikipedia.org/solutions,0
32,6,10,2,0,0,3,0,0,0,0,0,0,0,1,1,0,0,0,1,3.8667292966721747,2.584962500721156,3,0,https://www.apnews.com/solutions,0
33,10,7,2,0,0,3,0,0,0,0,0,0,0,1,1,0,0,0,1,4.165013816065912,3.1219280948873624,3,0,https://www.cloudflare.com/events,0
35,12,7,2,0,0,3,0,0,0,0,0,0,0,1,1,0,0,0,1,4.107156230921614,3.2516291673878226,3,0,https://www.digitalocean.com/search,0
30,10,8,1,0,0,3,0,0,0,0,0,0,0,1,0,0,0,0,0,3.9483943455364034,2.5219280948873624,3,0,https://duckduckgo.com/careers,0
27,5,6,2,0,0,3,0,0,0,0,0,0,0,1,1,0,0,0,1,3.7080481500712312,1.9219280948873623,3,0,https://www.yahoo.com/about,0
33,8,9,2,0,0,3,0,0,0,0,0,0,0,1,1,0,0,0,1,4.020926316000352,2.75,3,0,https://www.facebook.com/features,0
28,7,5,2,0,0,3,0,0,0,0,0,0,0,1,1,0,0,0,1,3.753434386188785,2.128085278891395,3,0,https://www.outlook.com/team,0
28,7,5,2,0,0,3,0,0,0,0,0,0,0,1,1,0,0,0,1,3.8248629576173565,2.5216406363433186,3,0,https://www.walmart.com/blog,0
33,9,8,2,0,0,3,0,0,0,0,0,0,0,1,1,0,0,0,1,3.77850207357611,2.725480556997868,3,0,https://www.pinterest.com/contact,0
28,7,5,2,0,0,3,0,0,0,0,0,0,0,1,1,0,0,0,1,3.869331261111518,2.8073549220576046,3,0,https://www.shopify.com/team,0
27,7,8,1,0,0,3,0,0,0,0,0,0,0,1,0,0,0,0,0,4.032303242743953,2.5216406363433186,3,0,https://youtube.com/pricing,0
30,7,7,2,0,0,3,0,0,0,0,0,0,0,1,1,0,0,0,1,3.939572261986723,2.8073549220576046,3,0,https://www.spotify.com/search,0
23,7,4,1,0,0,3,0,0,0,0,0,0,0,1,0,0,0,0,0,3.6753108689123635,2.128085278891395,3,0,https://outlook.com/api,0
27,7,8,1,0,0,3,0,0,0,0,0,0,0,1,0,0,0,0,0,3.8245387807277744,2.8073549220576046,3,0,https://netflix.com/contact,0
35,10,9,2,0,0,3,0,0,0,0,0,0,0,1,1,0,0,0,1,3.857016588002658,2.5219280948873624,3,0,https://www.duckduckgo.com/products,0
25,7,6,1,0,0,3,0,0,0,0,0,0,0,1,0,0,0,0,0,3.9132696895151087,2.5216406363433186,3,0,https://booking.com/terms,0
28,6,6,2,0,0,3,0,0,0,0,0,0,0,1,1,0,0,0,1,3.797902689682947,2.584962500721156,3,0,https://www.oracle.com/terms,0
23,5,6,1,0,0,3,0,0,0,0,0,0,0,1,0,0,0,0,0,3.7622673906514943,2.321928094887362,3,0,https://slack.com/about,0
36,12,8,2,0,0,3,0,0,0,0,0,0,0,1,1,0,0,0,1,4.210777084415067,3.2516291673878226,3,0,https://www.digitalocean.com/privacy,0
31,10,9,1,0,0,3,0,0,0,0,0,0,0,1,0,0,0,0,0,3.784368487596862,2.6464393446710157,3,0,https://techcrunch.com/features,0
30,13,5,1,0,0,3,0,0,0,0,0,0,0,1,0,0,0,0,0,3.9898980954642878,3.546593564294939,3,0,https://stackoverflow.com/team,0
29,4,9,2,0,0,3,0,0,0,0,0,0,0,1,1,0,0,0,1,3.8143719431796272,2.0,3,0,https://www.cnet.com/products,0
27,11,4,1,0,0,3,0,0,0,0,0,0,0,1,0,0,0,0,0,4.060262039120377,3.027169118440619,3,0,https://khanacademy.org/api,0
27,7,8,1,0,0,3,0,0,0,0,0,0,0,1,0,0,0,0,0,3.5599000019230833,2.2359263506290326,3,0,https://reuters.com/careers,0
30,9,9,1,0,0,3,0,0,0,0,0,0,0,1,0,0,0,0,0,3.923231428797621,2.94770277922009,3,0,https://instagram.com/services,0
30,6,8,2,0,0,3,0,0,0,0,0,0,0,1,1,0,0,1,1,3.777747162910945,2.2516291673878226,3,0,https://www.target.com/support,0
28,8,8,1,0,0,3,0,0,0,0,0,0,0,1,0,0,0,0,0,3.9232517969803373,2.75,3,0,https://coursera.org/privacy,0
24,4,8,1,0,0,3,0,0,0,0,0,0,0,1,0,0,0,0,0,3.9387218755408675,2.0,3,0,https://espn.com/privacy,0
37,11,10,2,0,0,3,0,0,0,0,0,0,0,1,1,0,0,0,1,4.2425766761474,3.027169118440619,3,0,https://www.khanacademy.org/community,0
27,6,5,2,0,0,3,0,0,0,0,0,0,0,1,1,0,0,0,1,3.7821222241453056,2.2516291673878226,3,0,https://www.medium.com/team,0
27,6,5,2,0,0,3,0,0,0,0,0,0,0,1,1,0,0,0,1,3.838039816898155,2.584962500721156,3,0,https://www.oracle.com/news,0
26,5,9,1,0,0,3,0,0,0,0,0,0,0,1,0,0,0,0,0,3.763342488271851,1.9219280948873623,3,0,https://yahoo.com/download,0
35,9,10,2,0,0,3,0,0,0,0,0,0,0,1,1,0,0,1,1,3.821441945207328,2.94770277922009,3,0,https://www.microsoft.com/resources,0
19,4,4,1,0,0,3,0,0,0,0,0,0,0,1,0,0,0,0,0,3.6818808028034034,1.5,2,0,https://zoom.us/faq,0
28,4,8,2,0,0,3,0,0,0,0,0,0,0,1,1,0,0,0,1,3.655045546825804,2.0,3,0,https://www.espn.com/contact,0
24,7,5,1,0,0,3,0,0,0,0,0,0,0,1,0,0,0,0,0,3.8239348962840563,2.8073549220576046,3,0,https://spotify.com/news,0
32,7,9,2,0,0,3,0,0,0,0,0,0,0,1,1,0,0,0,1,4.007048827786958,2.5216406363433186,3,0,https://www.youtube.com/services,0
31,11,8,1,0,0,3,0,0,0,0,0,0,0,1,0,0,0,0,0,3.6403557957675026,3.095795255000934,3,0,https://arstechnica.com/contact,0
33,7,10,2,0,0,3,0,0,0,0,0,0,0,1,1,0,0,0,1,3.861983513035609,2.5216406363433186,3,0,https://www.bestbuy.com/resources,0
23,6,5,1,0,0,3,0,0,0,0,0,0,0,1,0,0,0,0,0,3.8820451081368623,2.584962500721156,3,0,https://oracle.com/news,0
26,5,5,2,0,0,3,0,0,0,0,0,0,0,1,1,0,0,0,1,3.763342488271851,2.321928094887362,3,0,https://www.wired.com/news,0
28,7,5,2,0,0,3,0,0,0,0,0,0,0,1,1,0,0,0,1,3.797902689682947,2.5216406363433186,3,0,https://www.bestbuy.com/news,0
31,6,9,2,0,0,3,0,0,0,0,0,0,0,1,1,0,0,0,1,3.993730584231477,1.9182958340544896,3,0,https://www.google.com/features,0
27,7,8,1,0,0,3,0,0,0,0,0,0,0,1,0,0,0,0,0,3.661932872373582,2.5216406363433186,3,0,https://discord.com/contact,0
27,7,8,1,0,0,3,0,0,0,0,0,0,0,1,0,0,0,0,0,4.032303242743953,2.5216406363433186,3,0,https://bestbuy.com/privacy,0
25,3,10,1,0,0,3,0,0,0,0,0,0,0,1,0,0,0,0,0,3.7034651896016473,1.584962500721156,3,0,https://mit.edu/solutions,0
27,5,6,2,0,0,3,0,0,0,0,0,0,0,1,1,0,0,1,1,3.828237501842955,1.9219280948873623,3,0,https://www.apple.com/about,0
29,7,10,1,0,0,3,0,0,0,0,0,0,0,1,0,0,0,0,0,3.8404025467025056,2.8073549220576046,3,0,https://shopify.com/resources,0
28,8,8,1,0,0,3,0,0,0,0,0,0,0,1,0,0,0,0,0,3.815410725242699,3.0,3,0,https://stanford.edu/careers,0
35,11,8,2,0,0,3,0,0,0,0,0,0,0,1,1,0,0,0,1,4.207435516759526,3.027169118440619,3,0,https://www.khanacademy.org/pricing,0
30,6,8,2,0,0,3,0,0,0,0,0,0,0,1,1,0,0,0,1,4.056564762130955,2.2516291673878226,3,0,https://www.nvidia.com/careers,0
27,6,6,2,0,0,3,0,0,0,0,0,0,0,1,1,0,0,0,1,3.4541684103574037,2.2516291673878226,2,0,https://www.twitch.tv/press,0
30,4,10,2,0,0,3,0,0,0,0,0,0,0,1,1,0,0,0,1,4.031401845392172,1.5,3,0,https://www.nasa.gov/community,0
25,4,9,1,0,0,3,0,0,0,0,0,0,0,1,0,0,0,1,0,3.9132696895151087,2.0,3,0,https://ebay.com/features,0
28,6,10,1,0,0,3,0,0,0,0,0,0,0,1,0,0,0,0,0,3.9407598325400897,2.2516291673878226,3,0,https://airbnb.com/community,0
26,6,4,2,0,0,3,0,0,0,0,0,0,0,1,1,0,0,0,1,3.8441065448145384,1.9182958340544896,3,0,https://www.google.com/api,0
31,11,8,1,0,0,3,0,0,0,0,0,0,0,1,0,0,0,1,0,3.8245334068819115,3.095795255000934,3,0,https://arstechnica.com/support,0
31,8,7,2,0,0,3,0,0,0,0,0,0,0,1,1,0,0,0,1,3.953565664946428,3.0,3,0,https://www.stanford.edu/search,0
23,7,4,1,0,0,3,0,0,0,0,0,0,0,1,0,0,0,0,0,3.936180434129755,2.5216406363433186,3,0,https://bestbuy.com/faq,0
24,7,5,1,0,0,3,0,0,0,0,0,0,0,1,0,0,0,0,0,3.605388542207534,2.2359263506290326,3,0,https://reuters.com/team,0
31,10,9,1,0,0,3,0,0,0,0,0,0,0,1,0,0,0,0,0,3.7356660681024447,2.5219280948873624,3,0,https://duckduckgo.com/products,0
25,4,9,1,0,0,3,0,0,0,0,0,0,0,1,0,0,0,0,0,3.692878689342031,2.0,3,0,https://cnet.com/services,0
23,5,6,1,0,0,3,0,0,0,0,0,0,0,1,0,0,0,0,0,3.588354347173233,1.9219280948873623,3,0,https://yahoo.com/about,0
32,10,6,2,0,0,3,0,0,0,0,0,0,0,1,1,0,0,0,1,3.7570488277869583,2.6464393446710157,3,0,https://www.techcrunch.com/press,0
37,12,9,2,0,0,3,0,0,0,0,0,0,0,1,1,0,0,0,1,4.154870932962629,3.2516291673878226,3,0,https://www.digitalocean.com/products,0
28,7,5,2,0,0,3,0,0,0,0,0,0,0,1,1,0,0,0,1,3.9407598325400897,2.8073549220576046,3,0,https://www.shopify.com/blog,0
30,6,8,2,0,0,3,0,0,0,0,0,0,0,1,1,0,0,0,1,3.7647351787255054,1.9182958340544896,3,0,https://www.google.com/contact,0
30,9,5,2,0,0,3,0,0,0,0,0,0,0,1,1,0,0,0,1,3.831401845392172,2.725480556997868,3,0,https://www.pinterest.com/docs,0
23,7,4,1,0,0,3,0,0,0,0,0,0,0,1,0,0,0,0,0,3.8492239123906247,2.2359263506290326,3,0,https://reuters.com/faq,0
29,8,5,2,0,0,3,0,0,0,0,0,0,0,1,1,0,0,0,1,3.9093680639438846,3.0,3,0,https://www.stanford.edu/team,0
25,4,9,1,0,0,3,0,0,0,0,0,0,0,1,0,0,0,0,0,3.7230741894285697,2.0,3,0,https://espn.com/products,0
34,8,10,2,0,0,3,0,0,0,0,0,0,0,1,1,0,0,0,1,3.939829017466402,2.75,3,0,https://www.coursera.org/solutions,0
31,6,9,2,0,0,3,0,0,0,0,0,0,0,1,1,0,0,0,1,4.042433003725894,2.2516291673878226,3,0,https://www.airbnb.com/products,0
31,12,7,1,0,0,3,0,0,0,0,0,0,0,1,0,0,0,0,0,4.002268084440845,3.2516291673878226,3,0,https://digitalocean.com/events,0
24,7,5,1,0,0,3,0,0,0,0,0,0,0,1,0,0,0,0,0,3.8239348962840563,2.8073549220576046,3,0,https://spotify.com/blog,0
28,4,8,2,0,0,3,0,0,0,0,0,0,0,1,1,0,0,0,1,4.039148671903071,2.0,3,0,https://www.bing.com/careers,0
17,4,1,1,0,0,3,0,0,0,0,0,0,0,1,0,0,0,0,0,3.6901165175936654,2.0,3,0,https://bing.com/,0
29,7,6,2,0,0,3,0,0,0,0,0,0,0,1,1,0,0,0,1,3.8573068568981284,2.5216406363433186,3,0,https://www.dropbox.com/terms,0
33,8,9,2,0,0,3,0,0,0,0,0,0,0,1,1,0,0,0,1,4.225619876671973,2.5,3,0,https://www.linkedin.com/features,0
29,7,6,2,0,0,3,0,0,0,0,0,0,0,1,1,0,0,0,1,3.995237891380887,2.5216406363433186,3,0,https://www.booking.com/terms,0
27,7,8,1,0,0,3,0,0,0,0,0,0,0,1,0,0,0,0,0,3.8561962982193796,2.2359263506290326,3,0,https://harvard.edu/privacy,0
26,7,7,1,0,0,3,0,0,0,0,0,0,0,1,0,0,0,0,0,3.6612262562697895,2.128085278891395,3,0,https://twitter.com/events,0
24,3,9,1,0,0,3,0,0,0,0,0,0,0,1,0,0,0,0,0,3.9072682296173893,1.584962500721156,3,0,https://mit.edu/download,0
28,4,8,2,0,0,3,0,0,0,0,0,0,0,1,1,0,0,0,1,3.655045546825804,1.5,3,0,https://www.nasa.gov/contact,0
28,5,7,2,0,0,3,0,0,0,0,0,0,0,1,1,0,0,0,1,3.851823225551766,2.321928094887362,3,0,https://www.wired.com/search,0
30,8,6,2,0,0,3,0,0,0,0,0,0,0,1,1,0,0,0,1,4.031401845392172,2.5,3,0,https://www.linkedin.com/press,0
24,6,6,1,0,0,3,0,0,0,0,0,0,0,1,0,0,0,0,0,3.7406015629507228,2.2516291673878226,3,0,https://medium.com/press,0
22,3,7,1,0,0,3,0,0,0,0,0,0,0,1,0,0,0,0,0,3.7544418457133455,1.584962500721156,3,0,https://mit.edu/search,0
20,4,5,1,0,0,3,0,0,0,0,0,0,0,1,0,0,0,0,0,3.508694969562842,1.5,2,0,https://zoom.us/docs,0
26,5,9,1,0,0,3,0,0,0,0,0,0,0,1,0,0,0,0,0,3.8150724101159432,2.321928094887362,3,0,https://slack.com/products,0
28,7,9,1,0,0,3,0,0,0,0,0,0,0,1,0,0,0,0,0,3.9852281360342516,2.8073549220576046,3,0,https://netflix.com/services,0
28,5,7,2,0,0,3,0,0,0,0,0,0,0,1,1,0,0,0,1,3.8423709931771084,1.9219280948873623,3,0,https://www.yahoo.com/events,0
23,3,8,1,0,0,3,0,0,0,0,0,0,0,1,0,0,0,0,0,3.675310868912364,0.9182958340544896,3,0,https://bbc.com/careers,0
24,3,5,2,0,0,3,0,0,0,0,0,0,0,1,1,0,0,0,1,3.6572682296173893,0.9182958340544896,3,0,https://www.bbc.com/team,0
32,9,7,2,0,0,3,0,0,0,0,0,0,0,1,1,0,0,1,1,3.9056390622295662,2.94770277922009,3,0,https://www.microsoft.com/events,0
21,5,4,1,0,0,3,0,0,0,0,0,0,0,1,0,0,0,0,0,3.6537567082870015,1.9219280948873623,3,0,https://yahoo.com/faq,0
25,5,8,1,0,0,3,0,0,0,0,0,0,0,1,0,0,0,0,0,3.6732696895151085,2.321928094887362,3,0,https://adobe.com/contact,0
30,7,7,2,0,0,3,0,0,0,0,0,0,0,1,1,0,0,0,1,3.755913095175825,2.2359263506290326,3,0,https://www.reuters.com/search,0
33,11,6,2,0,0,3,0,0,0,0,0,0,0,1,1,0,0,0,1,4.0895524525606675,3.277613436819116,3,0,https://www.theguardian.com/terms,0
27,7,4,2,0,0,3,0,0,0,0,0,0,0,1,1,0,0,0,1,3.9582291686698783,2.5216406363433186,3,0,https://www.discord.com/faq,0
29,8,9,1,0,0,3,0,0,0,0,0,0,0,1,0,0,0,0,0,3.8404025467025056,2.4056390622295662,3,0,https://theverge.com/products,0
26,4,10,1,0,0,3,0,0,0,0,0,0,0,1,0,0,0,0,0,3.825251737288651,1.5,3,0,https://nasa.gov/resources,0
24,7,5,1,0,0,3,0,0,0,0,0,0,0,1,0,0,0,0,0,3.7406015629507228,2.8073549220576046,3,0,https://shopify.com/help,0
16,4,1,1,0,0,3,0,0,0,0,0,0,0,1,0,0,0,0,0,3.327819531114783,1.5,2,0,https://zoom.us/,0
20,7,1,1,0,0,3,0,0,0,0,0,0,0,1,0,0,0,0,0,3.5464393446710156,2.2359263506290326,3,0,https://reuters.com/,0
30,8,6,2,0,0,3,0,0,0,0,0,0,0,1,1,0,0,0,1,3.7232314287976207,2.75,3,0,https://www.coursera.org/press,0
25,4,5,2,0,0,3,0,0,0,0,0,0,0,1,1,0,0,0,1,3.6732696895151085,2.0,3,0,https://www.cnet.com/help,0
32,11,9,1,0,0,3,0,0,0,0,0,0,0,1,0,0,0,0,0,4.116729296672175,3.027169118440619,3,0,https://khanacademy.org/products,0
31,7,8,2,0,0,3,0,0,0,0,0,0,0,1,1,0,0,0,1,4.042433003725894,2.128085278891395,3,0,https://www.outlook.com/privacy,0
25,7,6,1,0,0,3,0,0,0,0,0,0,0,1,0,0,0,0,0,3.7532696895151085,2.5216406363433186,3,0,https://dropbox.com/terms,0
31,6,9,2,0,0,3,0,0,0,0,0,0,0,1,1,0,0,0,1,3.873235826376329,2.584962500721156,3,0,https://www.apnews.com/services,0
27,7,8,1,0,0,3,0,0,0,0,0,0,0,1,0,0,0,0,0,3.676390632579626,2.8073549220576046,3,0,https://nytimes.com/contact,0
27,7,8,1,0,0,3,0,0,0,0,0,0,0,1,0,0,0,0,0,3.8561962982193796,2.5216406363433186,3,0,https://youtube.com/careers,0
26,6,4,2,0,0,3,0,0,0,0,0,0,0,1,1,0,0,1,1,3.7671834678914613,2.2516291673878226,3,0,https://www.amazon.com/api,0
23,6,5,1,0,0,3,0,0,0,0,0,0,0,1,0,0,0,0,0,3.729446194905256,2.584962500721156,3,0,https://stripe.com/news,0
29,5,8,2,0,0,3,0,0,0,0,0,0,0,1,1,0,0,1,1,3.9002417706166295,2.321928094887362,3,0,https://www.adobe.com/support,0
24,7,5,1,0,0,3,0,0,0,0,0,0,0,1,0,0,0,0,0,3.7720552088742005,2.2359263506290326,3,0,https://harvard.edu/docs,0
28,4,8,2,0,0,3,0,0,0,0,0,0,0,1,1,0,0,2,1,3.91379956460568,2.0,3,0,https://www.ebay.com/support,0
22,5,1,2,0,0,3,0,0,0,0,0,0,0,1,1,0,0,0,1,3.4474015047059154,1.9219280948873623,3,0,https://www.cisco.com/,0
24,7,1,2,0,0,3,0,0,0,0,0,0,0,1,1,0,0,0,1,3.4864405016961446,2.128085278891395,3,0,https://www.twitter.com/,0
30,12,6,1,0,0,3,0,0,0,0,0,0,0,1,0,0,0,0,0,4.031401845392172,3.2516291673878226,3,0,https://digitalocean.com/press,0
20,3,5,1,0,0,3,0,0,0,0,0,0,0,1,0,0,0,0,0,3.584183719779189,0.9182958340544896,3,0,https://bbc.com/help,0
24,7,1,2,0,0,3,0,0,0,0,0,0,0,1,1,0,0,0,1,3.7406015629507228,2.8073549220576046,3,0,https://www.nytimes.com/,0
25,8,5,1,0,0,3,0,0,0,0,0,0,0,1,0,0,0,0,0,4.053660689688186,2.5,3,0,https://linkedin.com/blog,0
32,8,8,2,0,0,3,0,0,0,0,0,0,0,1,1,0,0,0,1,3.8195488277869583,2.75,3,0,https://www.coursera.org/contact,0
26,7,7,1,0,0,3,0,0,0,0,0,0,0,1,0,0,0,0,0,3.8441065448145384,2.5216406363433186,3,0,https://bestbuy.com/search,0
30,6,8,2,0,0,3,0,0,0,0,0,0,0,1,1,0,0,0,1,4.031401845392172,2.2516291673878226,3,0,https://www.nvidia.com/privacy,0
19,3,4,1,0,0,3,0,0,0,0,0,0,0,1,0,0,0,0,0,3.747413039531642,1.584962500721156,3,0,https://mit.edu/faq,0
30,9,5,2,0,0,3,0,0,0,0,0,0,0,1,1,0,0,1,1,3.8062389286533898,2.94770277922009,3,0,https://www.microsoft.com/team,0
25,6,7,1,0,0,3,0,0,0,0,0,0,0,1,0,0,0,0,0,3.9434651896016475,2.2516291673878226,3,0,https://airbnb.com/events,0
29,11,6,1,0,0,3,0,0,0,0,0,0,0,1,0,0,0,0,0,4.021268494903765,3.027169118440619,3,0,https://khanacademy.org/terms,0
29,11,6,1,0,0,3,0,0,0,0,0,0,0,1,0,0,0,0,0,4.004364184708142,3.277613436819116,3,0,https://theguardian.com/terms,0
28,7,9,1,0,0,3,0,0,0,0,0,0,0,1,0,0,0,0,0,3.9677201004744993,2.5216406363433186,3,0,https://booking.com/products,0
27,6,9,1,0,0,3,0,0,0,0,0,0,0,1,0,0,0,0,0,3.8841550945958043,2.584962500721156,3,0,https://apnews.com/services,0
22,6,4,1,0,0,3,0,0,0,0,0,0,0,1,0,0,0,0,0,3.629219686524097,2.584962500721156,3,0,https://stripe.com/api,0
30,6,8,2,0,0,3,0,0,0,0,0,0,0,1,1,0,0,0,1,4.031401845392172,2.584962500721156,3,0,https://www.github.com/careers,0
25,7,6,1,0,0,3,0,0,0,0,0,0,0,1,0,0,0,0,0,3.7034651896016473,2.5216406363433186,3,0,https://bestbuy.com/about,0
28,11,5,1,0,0,3,0,0,0,0,0,0,0,1,0,0,0,0,0,3.9677201004744993,3.277613436819116,3,0,https://theguardian.com/team,0
31,9,10,1,0,0,3,0,0,0,0,0,0,0,1,0,0,0,0,0,3.8858280691364318,2.725480556997868,3,0,https://wordpress.com/solutions,0
31,9,6,2,0,0,3,0,0,0,0,0,0,0,1,1,0,0,0,1,3.977916874693636,2.94770277922009,3,0,https://www.instagram.com/about,0
33,7,10,2,0,0,3,0,0,0,0,0,0,0,1,1,0,0,0,1,3.7178960129700496,2.128085278891395,3,0,https://www.outlook.com/solutions,0
30,6,8,2,0,0,3,0,0,0,0,0,0,0,1,1,0,0,2,1,3.777747162910945,1.9182958340544896,3,0,https://www.paypal.com/support,0
23,6,5,1,0,0,3,0,0,0,0,0,0,0,1,0,0,0,0,0,3.9690016298759927,2.2516291673878226,3,0,https://airbnb.com/news,0
25,6,8,1,0,0,3,0,0,0,0,0,0,0,1,0,0,0,0,0,3.5590795706241747,2.2516291673878226,2,0,https://twitch.tv/pricing,0
33,8,9,2,0,0,3,0,0,0,0,0,0,0,1,1,0,0,0,1,3.9225895736416696,3.0,3,0,https://www.stanford.edu/products,0
25,4,9,1,0,0,3,0,0,0,0,0,0,0,1,0,0,0,0,0,3.9434651896016475,2.0,3,0,https://bing.com/products,0
29,7,6,2,0,0,3,0,0,0,0,0,0,0,1,1,0,0,0,1,3.9262723741395074,2.5216406363433186,3,0,https://www.discord.com/about,0
22,6,4,1,0,0,3,0,0,0,0,0,0,0,1,0,0,0,0,0,3.7887549139935035,2.584962500721156,3,0,https://oracle.com/api,0
20,3,5,1,0,0,3,0,0,0,0,0,0,0,1,0,0,0,0,0,3.6086949695628423,1.584962500721156,3,0,https://ibm.com/team,0
21,5,4,1,0,0,3,0,0,0,0,0,0,0,1,0,0,0,0,0,4.070656113151928,2.321928094887362,3,0,https://wired.com/faq,0
30,10,4,2,0,0,3,0,0,0,0,0,0,0,1,1,0,0,0,1,3.939572261986723,2.6464393446710157,3,0,https://www.techcrunch.com/faq,0
27,3,8,2,0,0,3,0,0,0,0,0,0,0,1,1,0,0,1,1,3.7541634277688805,1.584962500721156,3,0,https://www.ibm.com/support,0
26,6,4,2,0,0,3,0,0,0,0,0,0,0,1,1,0,0,0,1,3.7192945256669794,2.584962500721156,3,0,https://www.apnews.com/api,0
26,9,5,1,0,0,3,0,0,0,0,0,0,0,1,0,0,0,0,0,3.7483286603655745,2.725480556997868,3,0,https://wordpress.com/news,0
23,3,4,2,0,0,3,0,0,0,0,0,0,0,1,1,0,0,0,1,3.7622673906514943,0.9182958340544896,3,0,https://www.bbc.com/faq,0
29,3,10,2,0,0,3,0,0,0,0,0,0,0,1,1,0,0,0,1,3.83127625337525,1.584962500721156,3,0,https://www.ibm.com/solutions,0
31,7,8,2,0,0,3,0,0,0,0,0,0,0,1,1,0,0,0,1,4.082597923010944,2.8073549220576046,3,0,https://www.netflix.com/careers,0
31,6,9,2,0,0,3,0,0,0,0,0,0,0,1,1,0,0,0,1,4.106949132758152,2.2516291673878226,3,0,https://www.airbnb.com/features,0
29,7,6,2,0,0,3,0,0,0,0,0,0,0,1,1,0,0,0,1,3.8143719431796272,2.8073549220576046,3,0,https://www.shopify.com/press,0
23,6,5,1,0,0,3,0,0,0,0,0,0,0,1,0,0,0,0,0,3.8164027166443866,2.584962500721156,3,0,https://github.com/help,0
27,7,8,1,0,0,3,0,0,0,0,0,0,0,1,0,0,0,0,0,3.852497577104199,2.128085278891395,3,0,https://twitter.com/privacy,0
35,11,8,2,0,0,3,0,0,0,0,0,0,0,1,1,0,0,0,1,4.025591860285233,3.277613436819116,3,0,https://www.theguardian.com/contact,0
21,8,1,1,0,0,3,0,0,0,0,0,0,0,1,0,0,0,0,0,3.748994803525097,3.0,3,0,https://stanford.edu/,0
26,5,5,2,0,0,3,0,0,0,0,0,0,0,1,1,0,0,1,1,3.8441065448145384,1.9219280948873623,3,0,https://www.apple.com/blog,0
27,9,6,1,0,0,3,0,0,0,0,0,0,0,1,0,0,0,1,0,3.6339740759971573,2.94770277922009,3,0,https://microsoft.com/press,0
31,7,8,2,0,0,3,0,0,0,0,0,0,0,1,1,0,0,0,1,3.929214455199219,2.5216406363433186,3,0,https://www.bestbuy.com/careers,0
25,6,7,1,0,0,3,0,0,0,0,0,0,0,1,0,0,0,0,0,3.8936606896881862,2.584962500721156,3,0,https://github.com/events,0
26,6,4,2,0,0,3,0,0,0,0,0,0,0,1,1,0,0,0,1,3.8441065448145384,2.2516291673878226,3,0,https://www.medium.com/api,0
31,11,8,1,0,0,3,0,0,0,0,0,0,0,1,0,0,0,0,0,4.042433003725894,3.277613436819116,3,0,https://theguardian.com/pricing,0
26,6,8,1,0,0,3,0,0,0,0,0,0,0,1,0,0,0,1,0,3.738149333192866,2.2516291673878226,3,0,https://medium.com/support,0
23,6,5,1,0,0,3,0,0,0,0,0,0,0,1,0,0,0,0,0,3.9690016298759927,2.2516291673878226,3,0,https://nvidia.com/help,0
24,7,5,1,0,0,3,0,0,0,0,0,0,0,1,0,0,0,0,0,3.7406015629507228,2.5216406363433186,3,0,https://bestbuy.com/docs,0
25,3,10,1,0,0,3,0,0,0,0,0,0,0,1,0,0,0,0,0,3.7834651896016473,1.584962500721156,3,0,https://ibm.com/resources,0
28,7,9,1,0,0,3,0,0,0,0,0,0,0,1,0,0,0,0,0,3.770942421748537,2.2359263506290326,3,0,https://harvard.edu/services,0
26,8,6,1,0,0,3,0,0,0,0,0,0,0,1,0,0,0,0,0,3.690260390968384,2.75,3,0,https://coursera.org/terms,0
28,8,4,2,0,0,3,0,0,0,0,0,0,0,1,1,0,0,0,1,3.9407598325400897,3.0,3,0,https://www.stanford.edu/api,0
29,4,9,2,0,0,3,0,0,0,0,0,0,0,1,1,0,0,0,1,3.8404025467025056,2.0,3,0,https://www.espn.com/download,0
30,10,8,1,0,0,3,0,0,0,0,0,0,0,1,0,0,0,0,0,3.6607546627667134,2.6464393446710157,3,0,https://techcrunch.com/careers,0
28,7,5,2,0,0,3,0,0,0,0,0,0,0,1,1,0,0,0,1,4.012188403968661,2.8073549220576046,3,0,https://www.netflix.com/docs,0
32,6,10,2,0,0,3,0,0,0,0,0,0,0,1,1,0,0,0,1,3.8195488277869583,2.2516291673878226,3,0,https://www.target.com/resources,0
24,5,7,1,0,0,3,0,0,0,0,0,0,0,1,0,0,0,0,0,3.6258145836939115,1.9219280948873623,3,0,https://cisco.com/events,0
24,7,5,1,0,0,3,0,0,0,0,0,0,0,1,0,0,0,0,0,3.720175521464345,2.5216406363433186,3,0,https://bestbuy.com/team,0
24,7,5,1,0,0,3,0,0,0,0,0,0,0,1,0,0,0,0,0,3.9072682296173893,2.5216406363433186,3,0,https://booking.com/team,0
24,8,4,1,0,0,3,0,0,0,0,0,0,0,1,0,0,0,0,0,3.9072682296173893,2.4056390622295662,3,0,https://theverge.com/faq,0
23,6,5,1,0,0,3,0,0,0,0,0,0,0,1,0,0,0,1,0,3.7622673906514943,1.9182958340544896,3,0,https://paypal.com/blog,0
34,10,8,2,0,0,3,0,0,0,0,0,0,0,1,1,0,0,0,1,4.1162996057016965,2.9219280948873623,3,0,https://www.salesforce.com/pricing,0
27,7,4,2,0,0,3,0,0,0,0,0,0,0,1,1,0,0,0,1,4.0043444463675275,2.8073549220576046,3,0,https://www.netflix.com/api,0
28,7,5,2,0,0,3,0,0,0,0,0,0,0,1,1,0,0,0,1,3.91379956460568,2.5216406363433186,3,0,https://www.youtube.com/blog,0
29,6,7,2,0,0,3,0,0,0,0,0,0,0,1,1,0,0,1,1,3.8573068568981284,1.9182958340544896,3,0,https://www.paypal.com/search,0
28,9,7,1,0,0,3,0,0,0,0,0,0,0,1,0,0,0,0,0,3.9852281360342516,2.6416041678685938,3,0,https://wikipedia.org/events,0
30,8,10,1,0,0,3,0,0,0,0,0,0,0,1,0,0,0,0,0,3.831401845392172,2.75,3,0,https://coursera.org/solutions,0
34,8,10,2,0,0,3,0,0,0,0,0,0,0,1,1,0,0,0,1,4.094097032108653,2.75,3,0,https://www.facebook.com/community,0
32,10,6,2,0,0,3,0,0,0,0,0,0,0,1,1,0,0,0,1,3.8164280318460246,2.9219280948873623,3,0,https://www.salesforce.com/press,0
27,6,6,2,0,0,3,0,0,0,0,0,0,0,1,1,0,0,0,1,3.5599000019230833,2.2516291673878226,2,0,https://www.twitch.tv/about,0
35,10,9,2,0,0,3,0,0,0,0,0,0,0,1,1,0,0,0,1,4.071581588126285,3.1219280948873624,3,0,https://www.cloudflare.com/features,0
25,3,6,2,0,0,3,0,0,0,0,0,0,0,1,1,0,0,0,1,3.6430741894285696,1.584962500721156,3,0,https://www.mit.edu/press,0
31,7,8,2,0,0,3,0,0,0,0,0,0,0,1,1,0,0,1,1,3.8001821971347027,2.5216406363433186,3,0,https://www.youtube.com/support,0
29,9,8,1,0,0,3,0,0,0,0,0,0,0,1,0,0,0,1,0,3.7623107361338706,2.94770277922009,3,0,https://microsoft.com/pricing,0
24,4,8,1,0,0,3,0,0,0,0,0,0,0,1,0,0,0,1,0,4.053508854797679,2.0,3,0,https://ebay.com/pricing,0
31,6,9,2,0,0,3,0,0,0,0,0,0,0,1,1,0,0,0,1,3.8213119401041737,2.584962500721156,3,0,https://www.apnews.com/download,0
22,5,5,1,0,0,3,0,0,0,0,0,0,0,1,0,0,0,0,0,3.970573095811685,2.321928094887362,3,0,https://udemy.com/blog,0
24,6,6,1,0,0,3,0,0,0,0,0,0,0,1,0,0,0,1,0,3.7406015629507228,2.2516291673878226,3,0,https://amazon.com/terms,0
28,7,5,2,0,0,3,0,0,0,0,0,0,0,1,1,0,0,0,1,3.753434386188785,2.5216406363433186,3,0,https://www.walmart.com/docs,0
23,6,5,1,0,0,3,0,0,0,0,0,0,0,1,0,0,0,1,0,3.8492239123906247,1.9182958340544896,3,0,https://paypal.com/news,0
29,12,5,1,0,0,3,0,0,0,0,0,0,0,1,0,0,0,0,0,3.9093680639438846,3.2516291673878226,3,0,https://digitalocean.com/team,0
23,4,8,1,0,0,3,0,0,0,0,0,0,0,1,0,0,0,1,0,3.4029342381953898,1.5,2,0,https://zoom.us/support,0
34,12,10,1,0,0,3,0,0,0,0,0,0,0,1,0,0,0,0,0,4.07189445851561,3.2516291673878226,3,0,https://digitalocean.com/resources,0
29,6,8,2,0,0,3,0,0,0,0,0,0,0,1,1,0,0,0,1,3.5780011510322707,2.2516291673878226,2,0,https://www.twitch.tv/pricing,0
26,6,8,1,0,0,3,0,0,0,0,0,0,0,1,0,0,0,1,0,3.738149333192866,2.584962500721156,3,0,https://oracle.com/support,0
24,4,8,1,0,0,3,0,0,0,0,0,0,0,1,0,0,0,0,0,3.688721875540867,2.0,3,0,https://bing.com/contact,0
33,9,8,2,0,0,3,0,0,0,0,0,0,0,1,1,0,0,0,1,3.861983513035609,2.725480556997868,3,0,https://www.pinterest.com/pricing,0
31,9,10,1,0,0,3,0,0,0,0,0,0,0,1,0,0,0,1,0,3.716630891786866,2.94770277922009,3,0,https://microsoft.com/solutions,0
18,6,1,1,0,0,3,0,0,0,0,0,0,0,1,0,0,0,0,0,3.1496734471867414,2.2516291673878226,2,0,https://twitch.tv/,0
23,5,6,1,0,0,3,0,0,0,0,0,0,0,1,0,0,0,0,0,3.8492239123906247,2.321928094887362,3,0,https://udemy.com/about,0
28,6,6,2,0,0,3,0,0,0,0,0,0,0,1,1,0,0,0,1,3.9407598325400897,2.2516291673878226,3,0,https://www.airbnb.com/press,0
20,4,4,1,0,0,3,0,0,0,0,0,0,0,1,0,0,0,1,0,3.8841837197791893,2.0,3,0,https://ebay.com/faq,0
26,6,8,1,0,0,3,0,0,0,0,0,0,0,1,0,0,0,0,0,3.873140679513133,2.2516291673878226,3,0,https://airbnb.com/careers,0
29,12,5,1,0,0,3,0,0,0,0,0,0,0,1,0,0,0,0,0,3.9262723741395074,3.2516291673878226,3,0,https://digitalocean.com/docs,0
36,11,9,2,0,0,3,0,0,0,0,0,0,0,1,1,0,0,0,1,3.9959065984842455,3.095795255000934,3,0,https://www.arstechnica.com/products,0
28,6,10,1,0,0,3,0,0,0,0,0,0,0,1,0,0,0,0,0,3.7673757978160416,2.2516291673878226,3,0,https://medium.com/community,0
28,11,5,1,0,0,3,0,0,0,0,0,0,0,1,0,0,0,0,0,4.0836169753972325,3.027169118440619,3,0,https://khanacademy.org/help,0
28,8,8,1,0,0,3,0,0,0,0,0,0,0,1,0,0,0,0,0,3.597558387024489,2.75,3,0,https://coursera.org/careers,0
27,6,5,2,0,0,3,0,0,0,0,0,0,0,1,1,0,0,0,1,3.8561962982193796,2.584962500721156,3,0,https://www.github.com/blog,0
33,7,10,2,0,0,3,0,0,0,0,0,0,0,1,1,0,0,0,1,4.043801694853791,2.5216406363433186,3,0,https://www.dropbox.com/community,0
26,9,1,2,0,0,3,0,0,0,0,0,0,0,1,1,0,0,0,1,3.6423714487439023,2.725480556997868,3,0,https://www.wordpress.com/,0
25,4,5,2,0,0,3,0,0,0,0,0,0,0,1,1,0,0,0,1,3.5434651896016476,2.0,3,0,https://www.cnet.com/news,0
30,6,8,2,0,0,3,0,0,0,0,0,0,0,1,1,0,0,0,1,4.0980685120588385,2.2516291673878226,3,0,https://www.medium.com/privacy,0
36,13,7,2,0,0,3,0,0,0,0,0,0,0,1,1,0,0,0,1,4.030493056757482,3.546593564294939,3,0,https://www.stackoverflow.com/events,0
27,5,10,1,0,0,3,0,0,0,0,0,0,0,1,0,0,0,0,0,3.976385649991103,2.321928094887362,3,0,https://wired.com/solutions,0
32,8,8,2,0,0,3,0,0,0,0,0,0,0,1,1,0,0,1,1,3.73345859334435,2.75,3,0,https://www.coursera.org/support,0
30,6,9,2,0,0,3,0,0,0,0,0,0,0,1,1,0,0,0,1,3.5362434129830604,2.2516291673878226,2,0,https://www.twitch.tv/services,0
32,6,10,2,0,0,3,0,0,0,0,0,0,0,1,1,0,0,0,1,3.9056390622295662,2.584962500721156,3,0,https://www.github.com/solutions,0
24,7,5,1,0,0,3,0,0,0,0,0,0,0,1,0,0,0,0,0,3.886842188131012,2.8073549220576046,3,0,https://netflix.com/team,0
34,10,8,2,0,0,3,0,0,0,0,0,0,0,1,1,0,0,0,1,3.8558656947524805,2.5219280948873624,3,0,https://www.duckduckgo.com/contact,0
28,4,8,2,0,0,3,0,0,0,0,0,0,0,1,1,0,0,0,1,3.869331261111518,2.0,3,0,https://www.espn.com/pricing,0
34,9,9,2,0,0,3,0,0,0,0,0,0,0,1,1,0,0,0,1,3.8924866505712017,2.725480556997868,3,0,https://www.pinterest.com/products,0
27,6,5,2,0,0,3,0,0,0,0,0,0,0,1,1,0,0,0,1,3.736006946447656,1.9182958340544896,3,0,https://www.google.com/news,0
24,3,9,1,0,0,3,0,0,0,0,0,0,0,1,0,0,0,0,0,3.7406015629507228,0.9182958340544896,3,0,https://cnn.com/services,0
21,5,4,1,0,0,3,0,0,0,0,0,0,0,1,0,0,0,0,0,3.9394709940012875,2.321928094887362,3,0,https://intel.com/faq,0
20,7,1,1,0,0,3,0,0,0,0,0,0,0,1,0,0,0,0,0,3.584183719779189,2.5216406363433186,3,0,https://discord.com/,0
27,6,5,2,0,0,3,0,0,0,0,0,0,0,1,1,0,0,0,1,3.8841550945958043,2.584962500721156,3,0,https://www.github.com/news,0
28,7,5,2,0,0,3,0,0,0,0,0,0,0,1,1,0,0,0,1,3.6455933144511468,2.5216406363433186,3,0,https://www.discord.com/docs,0
32,11,5,2,0,0,3,0,0,0,0,0,0,0,1,1,0,0,0,1,4.116729296672175,3.277613436819116,3,0,https://www.theguardian.com/docs,0
24,7,5,1,0,0,3,0,0,0,0,0,0,0,1,0,0,0,0,0,3.7720552088742005,2.128085278891395,3,0,https://outlook.com/news,0
23,6,5,1,0,0,3,0,0,0,0,0,0,0,1,0,0,0,0,0,3.8492239123906247,2.2516291673878226,3,0,https://medium.com/news,0
37,11,10,2,0,0,3,0,0,0,0,0,0,0,1,1,0,0,0,1,3.992708770800467,3.095795255000934,3,0,https://www.arstechnica.com/solutions,0
27,6,5,2,0,0,3,0,0,0,0,0,0,0,1,1,0,0,1,1,3.8561962982193796,1.9182958340544896,3,0,https://www.paypal.com/blog,0
25,7,6,1,0,0,3,0,0,0,0,0,0,0,1,0,0,0,0,0,3.7532696895151085,2.8073549220576046,3,0,https://shopify.com/terms,0
26,8,6,1,0,0,3,0,0,0,0,0,0,0,1,0,0,0,0,0,3.6133373140453076,2.4056390622295662,3,0,https://theverge.com/press,0
27,7,8,1,0,0,3,0,0,0,0,0,0,0,1,0,0,0,0,0,3.782122224145305,2.5216406363433186,3,0,https://discord.com/pricing,0
23,7,4,1,0,0,3,0,0,0,0,0,0,0,1,0,0,0,0,0,3.936180434129755,2.5216406363433186,3,0,https://dropbox.com/faq,0
30,6,8,2,0,0,3,0,0,0,0,0,0,0,1,1,0,0,0,1,3.9898980954642878,2.2516291673878226,3,0,https://www.nvidia.com/pricing,0
31,7,8,2,0,0,3,0,0,0,0,0,0,0,1,1,0,0,0,1,3.84888461662912,2.5216406363433186,3,0,https://www.booking.com/contact,0
30,5,9,2,0,0,3,0,0,0,0,0,0,0,1,1,0,0,0,1,3.8565647621309544,2.321928094887362,3,0,https://www.slack.com/download,0
30,13,1,2,0,0,3,0,0,0,0,0,0,0,1,1,0,0,0,1,3.964735178725505,3.546593564294939,3,0,https://www.stackoverflow.com/,0
26,7,7,1,0,0,3,0,0,0,0,0,0,0,1,0,0,0,0,0,3.873140679513133,2.5216406363433186,3,0,https://youtube.com/search,0
34,11,7,2,0,0,3,0,0,0,0,0,0,0,1,1,0,0,0,1,4.0796786498829745,3.027169118440619,3,0,https://www.khanacademy.org/search,0
26,6,8,1,0,0,3,0,0,0,0,0,0,0,1,0,0,0,1,0,3.7192945256669794,2.2516291673878226,3,0,https://reddit.com/support,0
25,5,8,1,0,0,3,0,0,0,0,0,0,0,1,0,0,0,0,0,3.9434651896016475,2.321928094887362,3,0,https://slack.com/privacy,0
28,7,5,2,0,0,3,0,0,0,0,0,0,0,1,1,0,0,0,1,3.91379956460568,2.5216406363433186,3,0,https://www.dropbox.com/help,0
31,10,9,1,0,0,3,0,0,0,0,0,0,0,1,0,0,0,0,0,3.953565664946428,2.6464393446710157,3,0,https://techcrunch.com/download,0
22,4,6,1,0,0,3,0,0,0,0,0,0,0,1,0,0,0,0,0,3.629219686524097,1.5,3,0,https://nasa.gov/about,0
26,5,9,1,0,0,3,0,0,0,0,0,0,0,1,0,0,0,0,0,3.921029621737615,2.321928094887362,3,0,https://adobe.com/features,0
22,4,6,1,0,0,3,0,0,0,0,0,0,0,1,0,0,0,1,0,3.7544418457133455,2.0,3,0,https://ebay.com/about,0
29,7,10,1,0,0,3,0,0,0,0,0,0,0,1,0,0,0,0,0,3.8833374604210062,2.8073549220576046,3,0,https://netflix.com/solutions,0
24,7,1,2,0,0,3,0,0,0,0,0,0,0,1,1,0,0,0,1,3.5739348962840563,2.128085278891395,3,0,https://www.outlook.com/,0
32,6,10,2,0,0,3,0,0,0,0,0,0,0,1,1,0,0,1,1,3.9681390622295662,1.9182958340544896,3,0,https://www.paypal.com/resources,0
30,9,9,1,0,0,3,0,0,0,0,0,0,0,1,0,0,0,0,0,3.964735178725505,2.94770277922009,3,0,https://instagram.com/features,0
33,9,8,2,0,0,3,0,0,0,0,0,0,0,1,1,0,0,0,1,3.9225895736416696,2.6416041678685938,3,0,https://www.wikipedia.org/careers,0
29,5,8,2,0,0,3,0,0,0,0,0,0,0,1,1,0,0,0,1,4.1162646156680225,2.321928094887362,3,0,https://www.udemy.com/privacy,0
33,8,9,2,0,0,3,0,0,0,0,0,0,0,1,1,0,0,0,1,3.8132065289617665,2.4056390622295662,3,0,https://www.theverge.com/services,0
23,6,5,1,0,0,3,0,0,0,0,0,0,0,1,0,0,0,0,0,3.8492239123906247,2.584962500721156,3,0,https://stripe.com/blog,0
30,13,5,1,0,0,3,0,0,0,0,0,0,0,1,0,0,0,0,0,4.072905595320056,3.546593564294939,3,0,https://stackoverflow.com/news,0
36,12,8,2,0,0,3,0,0,0,0,0,0,0,1,1,0,0,0,1,3.930225265800904,3.2516291673878226,3,0,https://www.digitalocean.com/contact,0
26,5,5,2,0,0,3,0,0,0,0,0,0,0,1,1,0,0,1,1,3.7192945256669794,1.9219280948873623,3,0,https://www.apple.com/news,0
31,7,8,2,0,0,3,0,0,0,0,0,0,0,1,1,0,0,0,1,3.953565664946428,2.2359263506290326,3,0,https://www.reuters.com/pricing,0
26,5,5,2,0,0,3,0,0,0,0,0,0,0,1,1,0,0,0,1,3.7671834678914613,2.321928094887362,3,0,https://www.slack.com/team,0
31,7,8,2,0,0,3,0,0,0,0,0,0,0,1,1,0,0,1,1,3.953565664946428,2.5216406363433186,3,0,https://www.booking.com/support,0
31,10,9,1,0,0,3,0,0,0,0,0,0,0,1,0,0,0,0,0,4.002268084440845,2.5219280948873624,3,0,https://duckduckgo.com/services,0
29,11,6,1,0,0,3,0,0,0,0,0,0,0,1,0,0,0,0,0,3.745406425938248,3.095795255000934,3,0,https://arstechnica.com/terms,0
23,6,5,1,0,0,3,0,0,0,0,0,0,0,1,0,0,0,0,0,3.621175542919471,1.9182958340544896,3,0,https://google.com/docs,0
22,5,5,1,0,0,3,0,0,0,0,0,0,0,1,0,0,0,0,0,3.6978458230844122,2.321928094887362,3,0,https://intel.com/team,0
28,3,9,2,0,0,3,0,0,0,0,0,0,0,1,1,0,0,0,1,3.7264741182543752,0.9182958340544896,3,0,https://www.cnn.com/download,0
31,7,8,2,0,0,3,0,0,0,0,0,0,0,1,1,0,0,0,1,4.042433003725894,2.8073549220576046,3,0,https://www.nytimes.com/privacy,0
29,9,8,1,0,0,3,0,0,0,0,0,0,0,1,0,0,0,0,0,3.9523029776623857,2.94770277922009,3,0,https://instagram.com/privacy,0
26,5,5,2,0,0,3,0,0,0,0,0,0,0,1,1,0,0,0,1,3.7671834678914613,2.321928094887362,3,0,https://www.adobe.com/docs,0
26,7,7,1,0,0,3,0,0,0,0,0,0,0,1,0,0,0,0,0,3.8441065448145384,2.8073549220576046,3,0,https://shopify.com/events,0
30,6,8,2,0,0,3,0,0,0,0,0,0,0,1,1,0,0,0,1,3.7144093452479408,2.2516291673878226,3,0,https://www.target.com/contact,0
31,10,5,2,0,0,3,0,0,0,0,0,0,0,1,1,0,0,0,1,4.147114052043202,3.1219280948873624,3,0,https://www.cloudflare.com/blog,0
36,11,9,2,0,0,3,0,0,0,0,0,0,0,1,1,0,0,0,1,3.9193819456463714,3.095795255000934,3,0,https://www.arstechnica.com/services,0
30,10,8,1,0,0,3,0,0,0,0,0,0,0,1,0,0,0,1,0,3.939572261986723,3.1219280948873624,3,0,https://cloudflare.com/support,0
26,4,7,2,0,0,3,0,0,0,0,0,0,0,1,1,0,0,0,1,3.8441065448145384,1.5,2,0,https://www.zoom.us/search,0
24,5,7,1,0,0,3,0,0,0,0,0,0,0,1,0,0,0,0,0,3.886842188131012,2.321928094887362,3,0,https://wired.com/search,0
30,10,4,2,0,0,3,0,0,0,0,0,0,0,1,1,0,0,0,1,3.964735178725505,2.9219280948873623,3,0,https://www.salesforce.com/faq,0
22,6,5,1,0,0,3,0,0,0,0,0,0,0,1,0,0,0,0,0,3.408549096875309,2.2516291673878226,2,0,https://twitch.tv/help,0
27,7,8,1,0,0,3,0,0,0,0,0,0,0,1,0,0,0,0,0,4.180451390892101,2.8073549220576046,3,0,https://netflix.com/privacy,0
27,4,8,2,0,0,3,0,0,0,0,0,0,0,1,1,0,0,0,1,3.8561962982193796,1.5,2,0,https://www.zoom.us/careers,0
28,9,7,1,0,0,3,0,0,0,0,0,0,0,1,0,0,0,0,0,3.8962915290459277,2.94770277922009,3,0,https://instagram.com/events,0
23,6,5,1,0,0,3,0,0,0,0,0,0,0,1,0,0,0,0,0,3.675310868912364,2.2516291673878226,3,0,https://medium.com/docs,0
28,7,9,1,0,0,3,0,0,0,0,0,0,0,1,0,0,0,0,0,3.770942421748537,2.8073549220576046,3,0,https://spotify.com/products,0
27,4,7,2,0,0,3,0,0,0,0,0,0,0,1,1,0,0,0,1,3.9302703722934536,2.0,3,0,https://www.bing.com/events,0
28,6,6,2,0,0,3,0,0,0,0,0,0,0,1,1,0,0,1,1,3.815410725242699,2.2516291673878226,3,0,https://www.amazon.com/about,0
26,6,9,1,0,0,3,0,0,0,0,0,0,0,1,0,0,0,0,0,3.6133373140453076,2.2516291673878226,2,0,https://twitch.tv/products,0
22,5,1,2,0,0,3,0,0,0,0,0,0,0,1,1,0,0,0,1,3.6978458230844122,2.321928094887362,3,0,https://www.wired.com/,0
25,5,8,1,0,0,3,0,0,0,0,0,0,0,1,0,0,0,0,0,3.8634651896016474,2.321928094887362,3,0,https://udemy.com/careers,0
25,8,1,2,0,0,3,0,0,0,0,0,0,0,1,1,0,0,0,1,3.7532696895151085,2.75,3,0,https://www.coursera.org/,0
23,6,5,1,0,0,3,0,0,0,0,0,0,0,1,0,0,0,0,0,3.7081320646586016,2.2516291673878226,3,0,https://reddit.com/team,0
33,9,8,2,0,0,3,0,0,0,0,0,0,0,1,1,0,0,2,1,3.740771391823488,2.94770277922009,3,0,https://www.microsoft.com/support,0
36,11,9,2,0,0,3,0,0,0,0,0,0,0,1,1,0,0,0,1,4.176190626141831,3.277613436819116,3,0,https://www.theguardian.com/services,0
30,9,9,1,0,0,3,0,0,0,0,0,0,0,1,0,0,0,0,0,3.6817276788697364,2.725480556997868,3,0,https://pinterest.com/services,0
19,6,1,1,0,0,3,0,0,0,0,0,0,0,1,0,0,0,0,0,3.6818808028034034,2.584962500721156,3,0,https://apnews.com/,0
20,3,5,1,0,0,3,0,0,0,0,0,0,0,1,0,0,0,0,0,3.584183719779189,1.584962500721156,3,0,https://ibm.com/docs,0
31,6,9,2,0,0,3,0,0,0,0,0,0,0,1,1,0,0,0,1,4.042433003725894,2.584962500721156,3,0,https://www.github.com/download,0
25,8,5,1,0,0,3,0,0,0,0,0,0,0,1,0,0,0,0,0,3.8332696895151086,2.4056390622295662,3,0,https://theverge.com/blog,0
27,6,9,1,0,0,3,0,0,0,0,0,0,0,1,0,0,0,0,0,3.9582291686698783,2.2516291673878226,3,0,https://nvidia.com/products,0
31,9,10,1,0,0,3,0,0,0,0,0,0,0,1,0,0,0,0,0,3.667928472292449,2.725480556997868,3,0,https://wordpress.com/resources,0
34,8,10,2,0,0,3,0,0,0,0,0,0,0,1,1,0,0,0,1,3.9764499732851237,2.75,3,0,https://www.facebook.com/resources,0
23,5,6,1,0,0,3,0,0,0,0,0,0,0,1,0,0,0,0,0,3.7622673906514943,2.321928094887362,3,0,https://wired.com/press,0
24,4,8,1,0,0,3,0,0,0,0,0,0,0,1,0,0,0,2,0,3.8239348962840563,2.0,3,0,https://ebay.com/support,0
31,10,5,2,0,0,3,0,0,0,0,0,0,0,1,1,0,0,0,1,3.953565664946428,2.5219280948873624,3,0,https://www.duckduckgo.com/blog,0
24,11,1,1,0,0,3,0,0,0,0,0,0,0,1,0,0,0,0,0,4.0220552088742005,3.277613436819116,3,0,https://theguardian.com/,0
26,5,5,2,0,0,3,0,0,0,0,0,0,0,1,1,0,0,0,1,3.738149333192866,2.321928094887362,3,0,https://www.slack.com/docs,0
26,9,5,1,0,0,3,0,0,0,0,0,0,0,1,0,0,0,0,0,3.6423714487439023,2.725480556997868,3,0,https://wordpress.com/docs,0
24,7,5,1,0,0,3,0,0,0,0,0,0,0,1,0,0,0,0,0,3.6572682296173893,2.8073549220576046,3,0,https://shopify.com/docs,0
24,4,4,2,0,0,3,0,0,0,0,0,0,0,1,1,0,0,1,1,3.855388542207534,2.0,3,0,https://www.ebay.com/api,0
31,9,10,1,0,0,3,0,0,0,0,0,0,0,1,0,0,0,1,0,3.7442035683118124,2.94770277922009,3,0,https://microsoft.com/community,0
24,7,1,2,0,0,3,0,0,0,0,0,0,0,1,1,0,0,0,1,3.8239348962840563,2.5216406363433186,3,0,https://www.booking.com/,0
22,5,5,1,0,0,3,0,0,0,0,0,0,0,1,0,0,0,0,0,3.8796640049025943,2.321928094887362,3,0,https://wired.com/news,0
26,5,9,1,0,0,3,0,0,0,0,0,0,0,1,0,0,0,0,0,3.873140679513133,2.321928094887362,3,0,https://slack.com/services,0
36,10,10,2,0,0,3,0,0,0,0,0,0,0,1,1,0,0,0,1,4.120635070586275,3.1219280948873624,3,0,https://www.cloudflare.com/solutions,0
28,8,8,1,0,0,3,0,0,0,0,0,0,0,1,0,0,0,1,0,3.869331261111518,2.75,3,0,https://facebook.com/support,0
34,11,7,2,0,0,3,0,0,0,0,0,0,0,1,1,0,0,0,1,4.152920561520418,3.027169118440619,3,0,https://www.khanacademy.org/events,0
29,6,7,2,0,0,3,0,0,0,0,0,0,0,1,1,0,0,0,1,3.788341339656749,2.584962500721156,3,0,https://www.stripe.com/search,0
26,5,5,2,0,0,3,0,0,0,0,0,0,0,1,1,0,0,0,1,3.8441065448145384,2.321928094887362,3,0,https://www.intel.com/docs,0
30,9,9,1,0,0,3,0,0,0,0,0,0,0,1,0,0,0,0,0,4.0062389286533895,2.6416041678685938,3,0,https://wikipedia.org/download,0
23,5,6,1,0,0,3,0,0,0,0,0,0,0,1,0,0,0,0,0,3.7622673906514943,2.321928094887362,3,0,https://adobe.com/terms,0
26,6,8,1,0,0,3,0,0,0,0,0,0,0,1,0,0,0,0,0,3.6423714487439023,2.584962500721156,3,0,https://oracle.com/contact,0
31,7,8,2,0,0,3,0,0,0,0,0,0,0,1,1,0,0,0,1,3.953565664946428,2.8073549220576046,3,0,https://www.spotify.com/careers,0
22,5,5,1,0,0,3,0,0,0,0,0,0,0,1,0,0,0,0,0,3.5160276412662306,1.9219280948873623,3,0,https://yahoo.com/docs,0
29,8,5,2,0,0,3,0,0,0,0,0,0,0,1,1,0,0,0,1,3.9523029776623857,3.0,3,0,https://www.stanford.edu/help,0
33,12,9,1,0,0,3,0,0,0,0,0,0,0,1,0,0,0,0,0,4.066677073707229,3.2516291673878226,3,0,https://digitalocean.com/products,0
28,6,7,2,0,0,3,0,0,0,0,0,0,0,1,1,0,0,0,1,3.5530900835303276,2.2516291673878226,2,0,https://www.twitch.tv/search,0
35,10,9,2,0,0,3,0,0,0,0,0,0,0,1,1,0,0,0,1,4.093149802473812,2.5219280948873624,3,0,https://www.duckduckgo.com/services,0
30,4,10,2,0,0,3,0,0,0,0,0,0,0,1,1,0,0,0,1,3.7647351787255054,2.0,3,0,https://www.espn.com/resources,0
23,6,5,1,0,0,3,0,0,0,0,0,0,0,1,0,0,0,1,0,3.609668477419888,2.2516291673878226,3,0,https://amazon.com/team,0
32,6,10,2,0,0,3,0,0,0,0,0,0,0,1,1,0,0,0,1,3.92095859334435,2.2516291673878226,3,0,https://www.medium.com/solutions,0
32,9,7,2,0,0,3,0,0,0,0,0,0,0,1,1,0,0,0,1,3.8431390622295662,2.725480556997868,3,0,https://www.pinterest.com/search,0
23,4,7,1,0,0,3,0,0,0,0,0,0,0,1,0,0,0,0,0,3.5013978254341027,2.0,3,0,https://cnet.com/events,0
21,4,5,1,0,0,3,0,0,0,0,0,0,0,1,0,0,0,0,0,3.6897037321995474,1.5,3,0,https://nasa.gov/blog,0
29,8,5,2,0,0,3,0,0,0,0,0,0,0,1,1,0,0,0,1,3.9523029776623857,2.75,3,0,https://www.facebook.com/help,0
29,7,6,2,0,0,3,0,0,0,0,0,0,0,1,1,0,0,0,1,3.8833374604210062,2.5216406363433186,3,0,https://www.dropbox.com/about,0
23,3,8,1,0,0,3,0,0,0,0,0,0,0,1,0,0,0,0,0,3.8492239123906247,0.9182958340544896,3,0,https://bbc.com/privacy,0
23,3,8,1,0,0,3,0,0,0,0,0,0,0,1,0,0,0,0,0,3.675310868912364,0.9182958340544896,3,0,https://cnn.com/careers,0
22,6,4,1,0,0,3,0,0,0,0,0,0,0,1,0,0,0,1,0,3.572623663895164,1.9182958340544896,3,0,https://paypal.com/api,0
25,6,8,1,0,0,3,0,0,0,0,0,0,0,1,0,0,0,1,0,3.48307418942857,2.2516291673878226,2,0,https://twitch.tv/support,0
27,7,8,1,0,0,3,0,0,0,0,0,0,0,1,0,0,0,0,0,3.7225059102772757,2.5216406363433186,3,0,https://youtube.com/contact,0
28,7,5,2,0,0,3,0,0,0,0,0,0,0,1,1,0,0,0,1,3.655045546825804,2.5216406363433186,3,0,https://www.walmart.com/team,0
28,4,9,2,0,0,3,0,0,0,0,0,0,0,1,1,0,0,0,1,3.8962915290459277,1.5,2,0,https://www.zoom.us/services,0
28,8,8,1,0,0,3,0,0,0,0,0,0,0,1,0,0,0,0,0,4.039148671903071,3.0,3,0,https://stanford.edu/pricing,0
30,7,7,2,0,0,3,0,0,0,0,0,0,0,1,1,0,0,0,1,3.8980685120588388,2.128085278891395,3,0,https://www.outlook.com/search,0
25,3,6,2,0,0,3,0,0,0,0,0,0,0,1,1,0,0,0,1,3.7834651896016473,1.584962500721156,3,0,https://www.mit.edu/about,0
22,5,1,2,0,0,3,0,0,0,0,0,0,0,1,1,0,0,0,1,3.7544418457133455,2.321928094887362,3,0,https://www.adobe.com/,0
25,6,7,1,0,0,3,0,0,0,0,0,0,0,1,0,0,0,0,0,3.8936606896881862,2.2516291673878226,3,0,https://airbnb.com/search,0
33,8,9,2,0,0,3,0,0,0,0,0,0,0,1,1,0,0,0,1,3.861983513035609,3.0,3,0,https://www.stanford.edu/features,0
27,7,8,1,0,0,3,0,0,0,0,0,0,0,1,0,0,0,0,0,3.736006946447656,2.5216406363433186,3,0,https://dropbox.com/contact,0
33,11,10,1,0,0,3,0,0,0,0,0,0,0,1,0,0,0,0,0,4.202744497818535,3.027169118440619,3,0,https://khanacademy.org/solutions,0
28,6,10,1,0,0,3,0,0,0,0,0,0,0,1,0,0,0,0,0,3.8868392966712704,2.2516291673878226,3,0,https://nvidia.com/solutions,0
32,7,9,2,0,0,3,0,0,0,0,0,0,0,1,1,0,0,0,1,3.9917292966721747,2.8073549220576046,3,0,https://www.spotify.com/features,0
22,5,1,2,0,0,3,0,0,0,0,0,0,0,1,1,0,0,0,1,3.720128777433188,2.321928094887362,3,0,https://www.intel.com/,0
21,4,1,2,0,0,3,0,0,0,0,0,0,0,1,1,0,0,0,1,3.558518613048906,2.0,3,0,https://www.espn.com/,0
36,10,10,2,0,0,3,0,0,0,0,0,0,0,1,1,0,0,0,1,3.7562068628428373,2.6464393446710157,3,0,https://www.techcrunch.com/resources,0
18,5,1,1,0,0,3,0,0,0,0,0,0,0,1,0,0,0,0,0,3.683542362433231,2.321928094887362,3,0,https://quora.com/,0
27,6,9,1,0,0,3,0,0,0,0,0,0,0,1,0,0,0,1,0,3.9302703722934536,2.2516291673878226,3,0,https://amazon.com/features,0
23,7,4,1,0,0,3,0,0,0,0,0,0,0,1,0,0,0,0,0,3.8492239123906247,2.5216406363433186,3,0,https://booking.com/api,0
31,5,10,2,0,0,3,0,0,0,0,0,0,0,1,1,0,0,0,1,3.864698326166961,2.321928094887362,3,0,https://www.quora.com/resources,0
26,7,7,1,0,0,3,0,0,0,0,0,0,0,1,0,0,0,0,0,4.026986833359287,2.8073549220576046,3,0,https://netflix.com/search,0
31,6,9,2,0,0,3,0,0,0,0,0,0,0,1,1,0,0,0,1,3.861476859389223,2.2516291673878226,3,0,https://www.target.com/features,0
28,6,6,2,0,0,3,0,0,0,0,0,0,0,1,1,0,0,0,1,3.753434386188785,2.2516291673878226,3,0,https://www.reddit.com/terms,0
23,6,5,1,0,0,3,0,0,0,0,0,0,0,1,0,0,0,0,0,3.8492239123906247,2.2516291673878226,3,0,https://reddit.com/news,0
31,11,8,1,0,0,3,0,0,0,0,0,0,0,1,0,0,0,0,0,4.17146526179041,3.277613436819116,3,0,https://theguardian.com/privacy,0
30,6,8,2,0,0,3,0,0,0,0,0,0,0,1,1,0,0,0,1,4.031401845392172,2.2516291673878226,3,0,https://www.reddit.com/privacy,0
21,4,5,1,0,0,3,0,0,0,0,0,0,0,1,0,0,0,0,0,3.7849418274376427,2.0,3,0,https://espn.com/blog,0
29,8,5,2,0,0,3,0,0,0,0,0,0,0,1,1,0,0,0,1,3.9002417706166295,3.0,3,0,https://www.stanford.edu/docs,0
30,5,9,2,0,0,3,0,0,0,0,0,0,0,1,1,0,0,0,1,3.964735178725505,2.321928094887362,3,0,https://www.slack.com/services,0
31,5,10,2,0,0,3,0,0,0,0,0,0,0,1,1,0,0,1,1,3.9048632454520105,1.9219280948873623,3,0,https://www.apple.com/solutions,0
28,7,9,1,0,0,3,0,0,0,0,0,0,0,1,0,0,0,0,0,4.0836169753972325,2.8073549220576046,3,0,https://netflix.com/download,0
28,6,7,2,0,0,3,0,0,0,0,0,0,0,1,1,0,0,0,1,3.4407598325400897,2.2516291673878226,2,0,https://www.twitch.tv/events,0
27,7,8,1,0,0,3,0,0,0,0,0,0,0,1,0,0,0,1,0,3.8561962982193796,2.5216406363433186,3,0,https://booking.com/support,0
30,5,9,2,0,0,3,0,0,0,0,0,0,0,1,1,0,0,0,1,3.9110804962442782,2.321928094887362,3,0,https://www.wired.com/download,0
35,9,10,2,0,0,3,0,0,0,0,0,0,0,1,1,0,0,0,1,3.875731503204189,2.725480556997868,3,0,https://www.pinterest.com/solutions,0
24,4,8,1,0,0,3,0,0,0,0,0,0,0,1,0,0,0,0,0,4.053508854797679,2.0,3,0,https://bing.com/privacy,0
33,7,10,2,0,0,3,0,0,0,0,0,0,0,1,1,0,0,0,1,3.8013774524295485,2.128085278891395,3,0,https://www.twitter.com/community,0
25,5,8,1,0,0,3,0,0,0,0,0,0,0,1,0,0,0,0,0,3.9434651896016475,2.321928094887362,3,0,https://wired.com/pricing,0
23,6,5,1,0,0,3,0,0,0,0,0,0,0,1,0,0,0,0,0,3.588354347173233,1.9182958340544896,3,0,https://google.com/help,0
29,4,9,2,0,0,3,0,0,0,0,0,0,0,1,1,0,0,0,1,3.8833374604210062,2.0,3,0,https://www.cnet.com/features,0
28,6,10,1,0,0,3,0,0,0,0,0,0,0,1,0,0,0,0,0,3.8248629576173565,2.584962500721156,3,0,https://github.com/community,0
25,5,8,1,0,0,3,0,0,0,0,0,0,0,1,0,0,0,0,0,3.7532696895151085,2.321928094887362,3,0,https://slack.com/careers,0
28,7,9,1,0,0,3,0,0,0,0,0,0,0,1,0,0,0,0,0,3.851823225551766,2.8073549220576046,3,0,https://shopify.com/services,0
25,7,6,1,0,0,3,0,0,0,0,0,0,0,1,0,0,0,0,0,3.7230741894285697,2.5216406363433186,3,0,https://dropbox.com/press,0
27,7,8,1,0,0,3,0,0,0,0,0,0,0,1,0,0,0,0,0,3.8561962982193796,2.8073549220576046,3,0,https://nytimes.com/pricing,0
26,6,8,1,0,0,3,0,0,0,0,0,0,0,1,0,0,0,0,0,3.734308353573256,2.2516291673878226,3,0,https://reddit.com/contact,0
29,5,8,2,0,0,3,0,0,0,0,0,0,0,1,1,0,0,0,1,4.0472990984266435,2.321928094887362,3,0,https://www.quora.com/pricing,0
30,9,9,1,0,0,3,0,0,0,0,0,0,0,1,0,0,0,1,0,3.831401845392172,2.94770277922009,3,0,https://microsoft.com/features,0
23,3,8,1,0,0,3,0,0,0,0,0,0,0,1,0,0,0,0,0,3.8164027166443866,1.584962500721156,3,0,https://mit.edu/pricing,0
30,6,8,2,0,0,3,0,0,0,0,0,0,0,1,1,0,0,2,1,3.847742678581274,2.2516291673878226,3,0,https://www.amazon.com/support,0
35,11,8,2,0,0,3,0,0,0,0,0,0,0,1,1,0,0,0,1,3.9572958738405704,3.095795255000934,3,0,https://www.arstechnica.com/pricing,0
30,5,9,2,0,0,3,0,0,0,0,0,0,0,1,1,0,0,0,1,3.7144093452479408,1.9219280948873623,3,0,https://www.cisco.com/products,0
18,5,1,1,0,0,3,0,0,0,0,0,0,0,1,0,0,0,0,0,3.683542362433231,2.321928094887362,3,0,https://adobe.com/,0
26,5,5,2,0,0,3,0,0,0,0,0,0,0,1,1,0,0,0,1,3.7962176025900565,2.321928094887362,3,0,https://www.wired.com/team,0
31,7,8,2,0,0,3,0,0,0,0,0,0,0,1,1,0,0,0,1,3.953565664946428,2.5216406363433186,3,0,https://www.youtube.com/careers,0
32,7,9,2,0,0,3,0,0,0,0,0,0,0,1,1,0,0,0,1,3.777518266288633,2.128085278891395,3,0,https://www.outlook.com/products,0
31,7,8,2,0,0,3,0,0,0,0,0,0,0,1,1,0,0,1,1,3.8245334068819115,2.5216406363433186,3,0,https://www.bestbuy.com/support,0
28,7,9,1,0,0,3,0,0,0,0,0,0,0,1,0,0,0,0,0,3.869331261111518,2.5216406363433186,3,0,https://youtube.com/features,0
25,5,8,1,0,0,3,0,0,0,0,0,0,0,1,0,0,0,1,0,3.8936606896881862,1.9219280948873623,3,0,https://apple.com/pricing,0
36,12,8,2,0,0,3,0,0,0,0,0,0,0,1,1,0,0,0,1,4.099665973303956,3.2516291673878226,3,0,https://www.digitalocean.com/careers,0
30,5,9,2,0,0,3,0,0,0,0,0,0,0,1,1,0,0,0,1,3.831401845392172,1.9219280948873623,3,0,https://www.yahoo.com/products,0
23,6,5,1,0,0,3,0,0,0,0,0,0,0,1,0,0,0,0,0,3.7081320646586016,2.2516291673878226,3,0,https://target.com/docs,0
26,8,6,1,0,0,3,0,0,0,0,0,0,0,1,0,0,0,0,0,3.7192945256669794,3.0,3,0,https://stanford.edu/press,0
34,9,9,2,0,0,3,0,0,0,0,0,0,0,1,1,0,0,0,1,3.9513101799829666,2.6416041678685938,3,0,https://www.wikipedia.org/download,0
28,7,9,1,0,0,3,0,0,0,0,0,0,0,1,0,0,0,0,0,3.9407598325400897,2.5216406363433186,3,0,https://discord.com/features,0
26,5,5,2,0,0,3,0,0,0,0,0,0,0,1,1,0,0,0,1,3.7192945256669794,1.9219280948873623,3,0,https://www.yahoo.com/news,0
27,6,5,2,0,0,3,0,0,0,0,0,0,0,1,1,0,0,0,1,3.7541634277688805,2.2516291673878226,3,0,https://www.reddit.com/docs,0
29,9,8,1,0,0,3,0,0,0,0,0,0,0,1,0,0,0,0,0,3.978333581185264,2.6416041678685938,3,0,https://wikipedia.org/contact,0
22,4,6,1,0,0,3,0,0,0,0,0,0,0,1,0,0,0,0,0,3.720128777433188,1.5,3,0,https://nasa.gov/terms,0
23,6,5,1,0,0,3,0,0,0,0,0,0,0,1,0,0,0,0,0,3.936180434129755,2.2516291673878226,3,0,https://airbnb.com/blog,0
25,7,6,1,0,0,3,0,0,0,0,0,0,0,1,0,0,0,0,0,3.7034651896016473,2.5216406363433186,3,0,https://bestbuy.com/terms,0
23,7,4,1,0,0,3,0,0,0,0,0,0,0,1,0,0,0,0,0,3.936180434129755,2.8073549220576046,3,0,https://nytimes.com/faq,0
32,10,6,2,0,0,3,0,0,0,0,0,0,0,1,1,0,0,0,1,4.007048827786958,2.9219280948873623,3,0,https://www.salesforce.com/about,0
29,8,9,1,0,0,3,0,0,0,0,0,0,0,1,0,0,0,0,0,3.995237891380887,2.5,3,0,https://linkedin.com/download,0
33,7,10,2,0,0,3,0,0,0,0,0,0,0,1,1,0,0,0,1,3.861983513035609,2.5216406363433186,3,0,https://www.walmart.com/resources,0
25,5,4,2,0,0,3,0,0,0,0,0,0,0,1,1,0,0,0,1,3.593269689515109,1.9219280948873623,3,0,https://www.cisco.com/api,0
28,10,6,1,0,0,3,0,0,0,0,0,0,0,1,0,0,0,0,0,3.6959472263874704,2.9219280948873623,3,0,https://salesforce.com/press,0
30,8,10,1,0,0,3,0,0,0,0,0,0,0,1,0,0,0,0,0,3.685917579505496,2.4056390622295662,3,0,https://theverge.com/resources,0
28,7,5,2,0,0,3,0,0,0,0,0,0,0,1,1,0,0,0,1,3.869331261111518,2.8073549220576046,3,0,https://www.nytimes.com/help,0
21,8,1,1,0,0,3,0,0,0,0,0,0,0,1,0,0,0,0,0,3.880179922675738,2.5,3,0,https://linkedin.com/,0
29,7,6,2,0,0,3,0,0,0,0,0,0,0,1,1,0,0,0,1,3.788341339656749,2.8073549220576046,3,0,https://www.nytimes.com/terms,0
32,8,8,2,0,0,3,0,0,0,0,0,0,0,1,1,0,0,0,1,4.179229296672175,3.0,3,0,https://www.stanford.edu/privacy,0
30,9,9,1,0,0,3,0,0,0,0,0,0,0,1,0,0,0,0,0,3.964735178725505,2.6416041678685938,3,0,https://wikipedia.org/services,0
26,6,4,2,0,0,3,0,0,0,0,0,0,0,1,1,0,0,0,1,3.738149333192866,2.584962500721156,3,0,https://www.stripe.com/api,0
23,5,6,1,0,0,3,0,0,0,0,0,0,0,1,0,0,0,0,0,3.8820451081368623,2.321928094887362,3,0,https://intel.com/about,0
26,6,9,1,0,0,3,0,0,0,0,0,0,0,1,0,0,0,0,0,3.6902603909683847,2.2516291673878226,2,0,https://twitch.tv/features,0
34,10,8,2,0,0,3,0,0,0,0,0,0,0,1,1,0,0,0,1,4.02085512047121,3.1219280948873624,3,0,https://www.cloudflare.com/contact,0
22,5,5,1,0,0,3,0,0,0,0,0,0,0,1,0,0,0,0,0,3.7544418457133455,2.321928094887362,3,0,https://quora.com/docs,0
28,8,8,1,0,0,3,0,0,0,0,0,0,0,1,0,0,0,1,0,3.7264741182543752,3.0,3,0,https://stanford.edu/support,0
28,7,5,2,0,0,3,0,0,0,0,0,0,0,1,1,0,0,0,1,3.8423709931771084,2.8073549220576046,3,0,https://www.spotify.com/help,0
26,5,5,2,0,0,3,0,0,0,0,0,0,0,1,1,0,0,0,1,3.6133373140453076,1.9219280948873623,3,0,https://www.cisco.com/news,0
27,9,6,1,0,0,3,0,0,0,0,0,0,0,1,0,0,0,1,0,3.763965742824081,2.94770277922009,3,0,https://microsoft.com/about,0
28,5,7,2,0,0,3,0,0,0,0,0,0,0,1,1,0,0,0,1,4.012188403968661,2.321928094887362,3,0,https://www.quora.com/events,0
30,9,9,1,0,0,3,0,0,0,0,0,0,0,1,0,0,0,0,0,3.8980685120588388,2.725480556997868,3,0,https://wordpress.com/download,0
26,5,5,2,0,0,3,0,0,0,0,0,0,0,1,1,0,0,0,1,3.997952698660692,2.321928094887362,3,0,https://www.quora.com/blog,0
27,6,9,1,0,0,3,0,0,0,0,0,0,0,1,0,0,0,0,0,3.7541634277688805,2.2516291673878226,3,0,https://reddit.com/services,0
26,5,5,2,0,0,3,0,0,0,0,0,0,0,1,1,0,0,0,1,3.7962176025900565,2.321928094887362,3,0,https://www.udemy.com/docs,0
28,3,9,2,0,0,3,0,0,0,0,0,0,0,1,1,0,0,0,1,4.012188403968661,1.584962500721156,3,0,https://www.ibm.com/features,0
26,6,8,1,0,0,3,0,0,0,0,0,0,0,1,0,0,0,0,0,3.95006375643621,2.584962500721156,3,0,https://oracle.com/pricing,0
19,6,1,1,0,0,3,0,0,0,0,0,0,0,1,0,0,0,0,0,3.6421498816369047,2.2516291673878226,3,0,https://medium.com/,0
33,10,7,2,0,0,3,0,0,0,0,0,0,0,1,1,0,0,0,1,3.7754758472091443,2.6464393446710157,3,0,https://www.techcrunch.com/search,0
29,7,10,1,0,0,3,0,0,0,0,0,0,0,1,0,0,0,0,0,3.9523029776623857,2.5216406363433186,3,0,https://dropbox.com/community,0
35,11,8,2,0,0,3,0,0,0,0,0,0,0,1,1,0,0,0,1,4.071581588126285,3.027169118440619,3,0,https://www.khanacademy.org/careers,0
29,5,8,2,0,0,3,0,0,0,0,0,0,0,1,1,0,0,0,1,3.9262723741395074,2.321928094887362,3,0,https://www.intel.com/careers,0
25,5,4,2,0,0,3,0,0,0,0,0,0,0,1,1,0,0,0,1,3.8634651896016474,2.321928094887362,3,0,https://www.slack.com/faq,0
27,10,1,2,0,0,3,0,0,0,0,0,0,0,1,1,0,0,0,1,3.6800893536948065,2.6464393446710157,3,0,https://www.techcrunch.com/,0
22,5,5,1,0,0,3,0,0,0,0,0,0,0,1,0,0,0,0,0,3.7544418457133455,1.9219280948873623,3,0,https://yahoo.com/news,0
23,3,4,2,0,0,3,0,0,0,0,0,0,0,1,1,0,0,0,1,3.675310868912364,1.584962500721156,3,0,https://www.ibm.com/api,0
26,4,10,1,0,0,3,0,0,0,0,0,0,0,1,0,0,0,1,0,3.968918563962097,2.0,3,0,https://ebay.com/solutions,0
24,3,5,2,0,0,3,0,0,0,0,0,0,0,1,1,0,0,0,1,3.7720552088742005,0.9182958340544896,3,0,https://www.cnn.com/blog,0
29,7,10,1,0,0,3,0,0,0,0,0,0,0,1,0,0,0,0,0,4.1162646156680225,2.2359263506290326,3,0,https://harvard.edu/community,0
30,5,9,2,0,0,3,0,0,0,0,0,0,0,1,1,0,0,0,1,3.939572261986723,1.9219280948873623,3,0,https://www.yahoo.com/features,0
24,4,8,1,0,0,3,0,0,0,0,0,0,0,1,0,0,0,0,0,3.9072682296173893,2.0,3,0,https://cnet.com/privacy,0
26,5,5,2,0,0,3,0,0,0,0,0,0,0,1,1,0,0,0,1,3.738149333192866,1.9219280948873623,3,0,https://www.yahoo.com/help,0
26,5,9,1,0,0,3,0,0,0,0,0,0,0,1,0,0,0,0,0,3.95006375643621,2.321928094887362,3,0,https://intel.com/features,0
24,3,5,2,0,0,3,0,0,0,0,0,0,0,1,1,0,0,0,1,3.688721875540867,1.584962500721156,3,0,https://www.ibm.com/docs,0
29,5,8,2,0,0,3,0,0,0,0,0,0,0,1,1,0,0,0,1,4.0472990984266435,2.321928094887362,3,0,https://www.quora.com/privacy,0
21,4,5,1,0,0,3,0,0,0,0,0,0,0,1,0,0,0,0,0,3.748994803525097,2.0,3,0,https://cnet.com/blog,0
28,12,4,1,0,0,3,0,0,0,0,0,0,0,1,0,0,0,0,0,4.0836169753972325,3.2516291673878226,3,0,https://digitalocean.com/faq,0
29,9,4,2,0,0,3,0,0,0,0,0,0,0,1,1,0,0,0,1,3.995237891380887,2.94770277922009,3,0,https://www.instagram.com/faq,0
36,11,9,2,0,0,3,0,0,0,0,0,0,0,1,1,0,0,0,1,4.231746181697386,3.027169118440619,3,0,https://www.khanacademy.org/services,0
33,13,8,1,0,0,3,0,0,0,0,0,0,0,1,0,0,0,0,0,4.165013816065912,3.546593564294939,3,0,https://stackoverflow.com/privacy,0
32,13,7,1,0,0,3,0,0,0,0,0,0,0,1,0,0,0,0,0,4.007048827786958,3.546593564294939,3,0,https://stackoverflow.com/search,0
28,7,5,2,0,0,3,0,0,0,0,0,0,0,1,1,0,0,0,1,3.8423709931771084,2.5216406363433186,3,0,https://www.bestbuy.com/docs,0
26,10,4,1,0,0,3,0,0,0,0,0,0,0,1,0,0,0,0,0,3.873140679513133,2.5219280948873624,3,0,https://duckduckgo.com/api,0
25,7,6,1,0,0,3,0,0,0,0,0,0,0,1,0,0,0,0,0,3.5892750707107135,2.128085278891395,3,0,https://outlook.com/about,0
27,9,6,1,0,0,3,0,0,0,0,0,0,0,1,0,0,0,0,0,3.8100810205217304,2.94770277922009,3,0,https://instagram.com/press,0
27,6,9,1,0,0,3,0,0,0,0,0,0,0,1,0,0,0,0,0,3.828237501842955,2.584962500721156,3,0,https://oracle.com/services,0
25,7,6,1,0,0,3,0,0,0,0,0,0,0,1,0,0,0,0,0,3.8332696895151086,2.5216406363433186,3,0,https://discord.com/about,0
33,8,9,2,0,0,3,0,0,0,0,0,0,0,1,1,0,0,0,1,4.043801694853791,2.4056390622295662,3,0,https://www.theverge.com/download,0
25,6,7,1,0,0,3,0,0,0,0,0,0,0,1,0,0,0,0,0,3.7834651896016473,2.2516291673878226,3,0,https://reddit.com/search,0
25,3,10,1,0,0,3,0,0,0,0,0,0,0,1,0,0,0,0,0,3.7230741894285697,0.9182958340544896,3,0,https://bbc.com/community,0
29,9,8,1,0,0,3,0,0,0,0,0,0,0,1,0,0,0,1,0,3.8143719431796272,2.94770277922009,3,0,https://instagram.com/support,0
36,11,9,2,0,0,3,0,0,0,0,0,0,0,1,1,0,0,0,1,4.141604167868594,3.277613436819116,3,0,https://www.theguardian.com/features,0
28,6,10,1,0,0,3,0,0,0,0,0,0,0,1,0,0,0,1,0,3.869331261111518,1.9182958340544896,3,0,https://paypal.com/resources,0
29,7,10,1,0,0,3,0,0,0,0,0,0,0,1,0,0,0,0,0,3.728502115742625,2.8073549220576046,3,0,https://spotify.com/solutions,0
30,6,8,2,0,0,3,0,0,0,0,0,0,0,1,1,0,0,0,1,3.781076011914607,2.584962500721156,3,0,https://www.oracle.com/careers,0
23,5,6,1,0,0,3,0,0,0,0,0,0,0,1,0,0,0,0,0,3.5013978254341027,1.9219280948873623,3,0,https://cisco.com/press,0
32,7,9,2,0,0,3,0,0,0,0,0,0,0,1,1,0,0,0,1,3.9056390622295662,2.5216406363433186,3,0,https://www.youtube.com/products,0
27,5,6,2,0,0,3,0,0,0,0,0,0,0,1,1,0,0,0,1,3.8561962982193796,2.321928094887362,3,0,https://www.quora.com/press,0
34,8,10,2,0,0,3,0,0,0,0,0,0,0,1,1,0,0,0,1,3.990868355510802,2.5,3,0,https://www.linkedin.com/solutions,0
20,7,1,1,0,0,3,0,0,0,0,0,0,0,1,0,0,0,0,0,3.5037016960573486,2.128085278891395,3,0,https://twitter.com/,0
28,6,10,1,0,0,3,0,0,0,0,0,0,0,1,0,0,0,0,0,3.8832726727387747,2.2516291673878226,3,0,https://target.com/solutions,0
26,4,6,2,0,0,3,0,0,0,0,0,0,0,1,1,0,0,1,1,3.8441065448145384,2.0,3,0,https://www.ebay.com/about,0
30,6,8,2,0,0,3,0,0,0,0,0,0,0,1,1,0,0,1,1,3.847742678581274,2.584962500721156,3,0,https://www.oracle.com/support,0
32,8,8,2,0,0,3,0,0,0,0,0,0,0,1,1,0,0,0,1,3.855337797403416,2.4056390622295662,3,0,https://www.theverge.com/contact,0
27,3,8,2,0,0,3,0,0,0,0,0,0,0,1,1,0,0,0,1,3.485825927849009,0.9182958340544896,3,0,https://www.cnn.com/contact,0
24,7,5,1,0,0,3,0,0,0,0,0,0,0,1,0,0,0,0,0,3.855388542207534,2.8073549220576046,3,0,https://shopify.com/blog,0
30,5,9,2,0,0,3,0,0,0,0,0,0,0,1,1,0,0,0,1,3.7898980954642876,1.9219280948873623,3,0,https://www.cisco.com/download,0
25,5,8,1,0,0,3,0,0,0,0,0,0,0,1,0,0,0,1,0,3.7230741894285697,2.321928094887362,3,0,https://slack.com/support,0
25,5,8,1,0,0,3,0,0,0,0,0,0,0,1,0,0,0,1,0,3.5026831892554924,1.9219280948873623,3,0,https://cisco.com/support,0
32,10,6,2,0,0,3,0,0,0,0,0,0,0,1,1,0,0,0,1,4.054229296672175,3.1219280948873624,3,0,https://www.cloudflare.com/press,0
37,11,10,2,0,0,3,0,0,0,0,0,0,0,1,1,0,0,0,1,4.168120257170009,3.027169118440619,3,0,https://www.khanacademy.org/resources,0
27,7,4,2,0,0,3,0,0,0,0,0,0,0,1,1,0,0,0,1,3.778423503030125,2.128085278891395,3,0,https://www.twitter.com/faq,0
35,11,8,2,0,0,3,0,0,0,0,0,0,0,1,1,0,0,0,1,4.2290037311070545,3.027169118440619,3,0,https://www.khanacademy.org/privacy,0
26,4,6,2,0,0,3,0,0,0,0,0,0,0,1,1,0,0,0,1,3.738149333192866,1.5,3,0,https://www.nasa.gov/about,0
32,11,5,2,0,0,3,0,0,0,0,0,0,0,1,1,0,0,0,1,4.241729296672175,3.027169118440619,3,0,https://www.khanacademy.org/blog,0
29,6,7,2,0,0,3,0,0,0,0,0,0,0,1,1,0,0,0,1,3.771437029461126,2.584962500721156,3,0,https://www.apnews.com/search,0
25,5,8,1,0,0,3,0,0,0,0,0,0,0,1,0,0,0,0,0,3.7834651896016473,2.321928094887362,3,0,https://adobe.com/careers,0
22,5,5,1,0,0,3,0,0,0,0,0,0,0,1,0,0,0,0,0,4.061482186720776,2.321928094887362,3,0,https://wired.com/blog,0
28,7,5,2,0,0,3,0,0,0,0,0,0,0,1,1,0,0,0,1,4.0836169753972325,2.8073549220576046,3,0,https://www.netflix.com/blog,0
26,5,9,1,0,0,3,0,0,0,0,0,0,0,1,0,0,0,0,0,3.8441065448145384,1.9219280948873623,3,0,https://yahoo.com/features,0
30,7,7,2,0,0,3,0,0,0,0,0,0,0,1,1,0,0,0,1,3.872905595320056,2.5216406363433186,3,0,https://www.discord.com/search,0
30,7,7,2,0,0,3,0,0,0,0,0,0,0,1,1,0,0,0,1,3.7647351787255054,2.5216406363433186,3,0,https://www.walmart.com/search,0
27,5,6,2,0,0,3,0,0,0,0,0,0,0,1,1,0,0,0,1,3.8561962982193796,2.321928094887362,3,0,https://www.udemy.com/press,0
21,3,6,1,0,0,3,0,0,0,0,0,0,0,1,0,0,0,0,0,3.6537567082870015,0.9182958340544896,3,0,https://cnn.com/about,0
23,6,5,1,0,0,3,0,0,0,0,0,0,0,1,0,0,0,1,0,3.675310868912364,2.2516291673878226,3,0,https://amazon.com/docs,0
34,10,8,2,0,0,3,0,0,0,0,0,0,0,1,1,0,0,1,1,3.917626443873359,2.9219280948873623,3,0,https://www.salesforce.com/support,0
26,7,7,1,0,0,3,0,0,0,0,0,0,0,1,0,0,0,0,0,3.873140679513133,2.8073549220576046,3,0,https://netflix.com/events,0
24,7,5,1,0,0,3,0,0,0,0,0,0,0,1,0,0,0,0,0,4.0220552088742005,2.8073549220576046,3,0,https://netflix.com/blog,0
25,5,8,1,0,0,3,0,0,0,0,0,0,0,1,0,0,0,0,0,3.8332696895151086,2.321928094887362,3,0,https://wired.com/careers,0
22,5,1,2,0,0,3,0,0,0,0,0,0,0,1,1,0,0,0,1,3.7544418457133455,2.321928094887362,3,0,https://www.udemy.com/,0
33,10,7,2,0,0,3,0,0,0,0,0,0,0,1,1,0,0,0,1,3.945464952495108,2.9219280948873623,3,0,https://www.salesforce.com/events,0
24,4,9,1,0,0,3,0,0,0,0,0,0,0,1,0,0,0,0,0,3.6258145836939115,1.5,2,0,https://zoom.us/products,0
34,8,10,2,0,0,3,0,0,0,0,0,0,0,1,1,0,0,0,1,3.811460547566394,2.4056390622295662,3,0,https://www.theverge.com/resources,0
20,3,1,2,0,0,3,0,0,0,0,0,0,0,1,1,0,0,0,1,3.4464393446710155,0.9182958340544896,3,0,https://www.bbc.com/,0
23,3,8,1,0,0,3,0,0,0,0,0,0,0,1,0,0,0,0,0,3.7251042179439575,1.584962500721156,3,0,https://mit.edu/contact,0
24,3,5,2,0,0,3,0,0,0,0,0,0,0,1,1,0,0,0,1,3.605388542207534,1.584962500721156,3,0,https://www.mit.edu/team,0
30,6,9,2,0,0,3,0,0,0,0,0,0,0,1,1,0,0,0,1,3.6980685120588386,2.2516291673878226,2,0,https://www.twitch.tv/features,0
25,6,4,2,0,0,3,0,0,0,0,0,0,0,1,1,0,0,0,1,3.3492750707107137,2.2516291673878226,2,0,https://www.twitch.tv/api,0
30,10,8,1,0,0,3,0,0,0,0,0,0,0,1,0,0,0,0,0,3.6980685120588386,2.9219280948873623,3,0,https://salesforce.com/careers,0
29,8,5,2,0,0,3,0,0,0,0,0,0,0,1,1,0,0,0,1,3.9093680639438846,2.5,3,0,https://www.linkedin.com/news,0
26,8,6,1,0,0,3,0,0,0,0,0,0,0,1,0,0,0,0,0,3.8441065448145384,2.75,3,0,https://facebook.com/terms,0
24,7,5,1,0,0,3,0,0,0,0,0,0,0,1,0,0,0,0,0,3.688721875540867,2.8073549220576046,3,0,https://nytimes.com/team,0
28,6,10,1,0,0,3,0,0,0,0,0,0,0,1,0,0,0,1,0,3.797902689682947,2.2516291673878226,3,0,https://amazon.com/solutions,0
28,7,9,1,0,0,3,0,0,0,0,0,0,0,1,0,0,0,0,0,3.851823225551766,2.5216406363433186,3,0,https://discord.com/download,0
21,4,5,1,0,0,3,0,0,0,0,0,0,0,1,0,0,0,1,0,3.7849418274376427,2.0,3,0,https://ebay.com/docs,0
27,7,4,2,0,0,3,0,0,0,0,0,0,0,1,1,0,0,0,1,3.9302703722934536,2.5216406363433186,3,0,https://www.booking.com/api,0
35,9,10,2,0,0,3,0,0,0,0,0,0,0,1,1,0,0,0,1,3.9928705166358998,2.725480556997868,3,0,https://www.wordpress.com/community,0
32,9,7,2,0,0,3,0,0,0,0,0,0,0,1,1,0,0,0,1,3.952819531114783,2.6416041678685938,3,0,https://www.wikipedia.org/search,0
32,11,9,1,0,0,3,0,0,0,0,0,0,0,1,0,0,0,0,0,4.038909765557392,3.277613436819116,3,0,https://theguardian.com/products,0
23,7,4,1,0,0,3,0,0,0,0,0,0,0,1,0,0,0,0,0,3.8492239123906247,2.5216406363433186,3,0,https://bestbuy.com/api,0
29,9,8,1,0,0,3,0,0,0,0,0,0,0,1,0,0,0,1,0,3.6504103051739905,2.725480556997868,3,0,https://wordpress.com/support,0
29,7,10,1,0,0,3,0,0,0,0,0,0,0,1,0,0,0,0,0,3.8833374604210062,2.5216406363433186,3,0,https://walmart.com/solutions,0
23,4,7,1,0,0,3,0,0,0,0,0,0,0,1,0,0,0,1,0,3.795088586397732,2.0,3,0,https://ebay.com/search,0
29,7,10,1,0,0,3,0,0,0,0,0,0,0,1,0,0,0,0,0,3.788341339656749,2.128085278891395,3,0,https://twitter.com/community,0
31,10,5,2,0,0,3,0,0,0,0,0,0,0,1,1,0,0,0,1,3.88904953591417,2.9219280948873623,3,0,https://www.salesforce.com/help,0
27,6,5,2,0,0,3,0,0,0,0,0,0,0,1,1,0,0,0,1,3.736006946447656,1.9182958340544896,3,0,https://www.google.com/docs,0
28,7,5,2,0,0,3,0,0,0,0,0,0,0,1,1,0,0,0,1,3.753434386188785,2.128085278891395,3,0,https://www.outlook.com/news,0
30,9,9,1,0,0,3,0,0,0,0,0,0,0,1,0,0,0,0,0,3.872905595320056,2.725480556997868,3,0,https://wordpress.com/features,0
27,11,4,1,0,0,3,0,0,0,0,0,0,0,1,0,0,0,0,0,3.902311575917029,3.095795255000934,3,0,https://arstechnica.com/faq,0
29,6,7,2,0,0,3,0,0,0,0,0,0,0,1,1,0,0,1,1,3.9262723741395074,1.9182958340544896,3,0,https://www.paypal.com/events,0
31,7,8,2,0,0,3,0,0,0,0,0,0,0,1,1,0,0,0,1,4.018081793978686,2.5216406363433186,3,0,https://www.dropbox.com/pricing,0
34,8,10,2,0,0,3,0,0,0,0,0,0,0,1,1,0,0,0,1,4.07189445851561,2.5,3,0,https://www.linkedin.com/community,0
23,7,4,1,0,0,3,0,0,0,0,0,0,0,1,0,0,0,0,0,3.8492239123906247,2.5216406363433186,3,0,https://youtube.com/api,0
31,7,8,2,0,0,3,0,0,0,0,0,0,0,1,1,0,0,0,1,3.84888461662912,2.5216406363433186,3,0,https://www.dropbox.com/contact,0
25,8,5,1,0,0,3,0,0,0,0,0,0,0,1,0,0,0,0,0,3.7532696895151085,2.4056390622295662,3,0,https://theverge.com/docs,0
20,3,1,2,0,0,3,0,0,0,0,0,0,0,1,1,0,0,0,1,3.508694969562842,1.584962500721156,3,0,https://www.mit.edu/,0
26,6,8,1,0,0,3,0,0,0,0,0,0,0,1,0,0,0,0,0,3.8441065448145384,2.584962500721156,3,0,https://stripe.com/privacy,0
33,8,9,2,0,0,3,0,0,0,0,0,0,0,1,1,0,0,0,1,4.003044786734202,2.75,3,0,https://www.facebook.com/download,0
25,6,7,1,0,0,3,0,0,0,0,0,0,0,1,0,0,0,0,0,3.8332696895151086,2.584962500721156,3,0,https://oracle.com/events,0
28,7,9,1,0,0,3,0,0,0,0,0,0,0,1,0,0,0,0,0,3.9102329406731844,2.5216406363433186,3,0,https://dropbox.com/download,0
30,7,7,2,0,0,3,0,0,0,0,0,0,0,1,1,0,0,0,1,3.8062389286533898,2.8073549220576046,3,0,https://www.nytimes.com/events,0
25,5,8,1,0,0,3,0,0,0,0,0,0,0,1,0,0,0,0,0,3.7834651896016473,2.321928094887362,3,0,https://udemy.com/contact,0
34,10,8,2,0,0,3,0,0,0,0,0,0,0,1,1,0,0,0,1,4.256149238118269,3.1219280948873624,3,0,https://www.cloudflare.com/privacy,0
25,8,5,1,0,0,3,0,0,0,0,0,0,0,1,0,0,0,0,0,4.023465189601647,3.0,3,0,https://stanford.edu/blog,0
30,8,10,1,0,0,3,0,0,0,0,0,0,0,1,0,0,0,0,0,3.8062389286533898,3.0,3,0,https://stanford.edu/resources,0
23,7,4,1,0,0,3,0,0,0,0,0,0,0,1,0,0,0,0,0,3.675310868912364,2.8073549220576046,3,0,https://shopify.com/api,0
31,9,6,2,0,0,3,0,0,0,0,0,0,0,1,1,0,0,0,1,3.977916874693636,2.6416041678685938,3,0,https://www.wikipedia.org/about,0
24,4,8,1,0,0,3,0,0,0,0,0,0,0,1,0,0,0,1,0,3.605388542207534,2.0,3,0,https://cnet.com/support,0
27,6,5,2,0,0,3,0,0,0,0,0,0,0,1,1,0,0,1,1,3.7262046313924557,2.2516291673878226,3,0,https://www.amazon.com/team,0
29,7,10,1,0,0,3,0,0,0,0,0,0,0,1,0,0,0,0,0,3.728502115742625,2.8073549220576046,3,0,https://nytimes.com/community,0
30,8,6,2,0,0,3,0,0,0,0,0,0,0,1,1,0,0,0,1,4.031401845392172,2.5,3,0,https://www.linkedin.com/terms,0
28,7,5,2,0,0,3,0,0,0,0,0,0,0,1,1,0,0,0,1,3.7264741182543752,2.128085278891395,3,0,https://www.outlook.com/help,0
30,10,8,1,0,0,3,0,0,0,0,0,0,0,1,0,0,0,1,0,3.631401845392172,2.6464393446710157,3,0,https://techcrunch.com/support,0
26,8,6,1,0,0,3,0,0,0,0,0,0,0,1,0,0,0,0,0,3.7962176025900565,3.0,3,0,https://stanford.edu/terms,0
29,4,9,2,0,0,3,0,0,0,0,0,0,0,1,1,0,0,0,1,3.9002417706166295,1.5,3,0,https://www.nasa.gov/features,0
27,5,10,1,0,0,3,0,0,0,0,0,0,0,1,0,0,0,0,0,3.8100810205217304,2.321928094887362,3,0,https://slack.com/resources,0
22,5,1,2,0,0,3,0,0,0,0,0,0,0,1,1,0,0,0,1,3.5383105956150063,1.9219280948873623,3,0,https://www.yahoo.com/,0
31,5,10,2,0,0,3,0,0,0,0,0,0,0,1,1,0,0,0,1,3.913400745661378,2.321928094887362,3,0,https://www.slack.com/resources,0
24,3,9,1,0,0,3,0,0,0,0,0,0,0,1,0,0,0,0,0,3.7406015629507228,0.9182958340544896,3,0,https://cnn.com/download,0
38,12,10,2,0,0,3,0,0,0,0,0,0,0,1,1,0,0,0,1,4.1287347499440905,3.2516291673878226,3,0,https://www.digitalocean.com/community,0
27,7,8,1,0,0,3,0,0,0,0,0,0,0,1,0,0,0,0,0,3.7504647066537,2.128085278891395,3,0,https://twitter.com/pricing,0
27,6,5,2,0,0,3,0,0,0,0,0,0,0,1,1,0,0,0,1,3.9302703722934536,2.2516291673878226,3,0,https://www.airbnb.com/team,0
28,7,9,1,0,0,3,0,0,0,0,0,0,0,1,0,0,0,0,0,3.8962915290459277,2.8073549220576046,3,0,https://spotify.com/features,0
30,6,8,2,0,0,3,0,0,0,0,0,0,0,1,1,0,0,0,1,3.8444138295776114,2.2516291673878226,3,0,https://www.reddit.com/contact,0
22,5,5,1,0,0,3,0,0,0,0,0,0,0,1,0,0,0,0,0,3.8453509366224363,2.321928094887362,3,0,https://intel.com/blog,0
31,7,8,2,0,0,3,0,0,0,0,0,0,0,1,1,0,0,1,1,3.8890495359141695,2.8073549220576046,3,0,https://www.nytimes.com/support,0
31,5,10,2,0,0,3,0,0,0,0,0,0,0,1,1,0,0,0,1,3.953565664946428,2.321928094887362,3,0,https://www.wired.com/solutions,0
25,4,5,2,0,0,3,0,0,0,0,0,0,0,1,1,0,0,0,1,3.623465189601647,1.5,3,0,https://www.nasa.gov/news,0
24,5,7,1,0,0,3,0,0,0,0,0,0,0,1,0,0,0,0,0,3.7406015629507228,2.321928094887362,3,0,https://slack.com/search,0
23,4,8,1,0,0,3,0,0,0,0,0,0,0,1,0,0,0,0,0,3.7622673906514943,1.5,2,0,https://zoom.us/careers,0
24,6,6,1,0,0,3,0,0,0,0,0,0,0,1,0,0,0,0,0,3.7720552088742005,1.9182958340544896,3,0,https://google.com/about,0
32,11,9,1,0,0,3,0,0,0,0,0,0,0,1,0,0,0,0,0,3.890319531114783,3.095795255000934,3,0,https://arstechnica.com/products,0
32,7,9,2,0,0,3,0,0,0,0,0,0,0,1,1,0,0,0,1,3.952819531114783,2.128085278891395,3,0,https://www.outlook.com/features,0
29,7,6,2,0,0,3,0,0,0,0,0,0,0,1,1,0,0,0,1,3.771437029461126,2.128085278891395,3,0,https://www.outlook.com/terms,0
28,7,9,1,0,0,3,0,0,0,0,0,0,0,1,0,0,0,0,0,3.770942421748537,2.128085278891395,3,0,https://outlook.com/download,0
27,7,8,1,0,0,3,0,0,0,0,0,0,0,1,0,0,0,0,0,3.7504647066537,2.5216406363433186,3,0,https://bestbuy.com/contact,0
29,7,6,2,0,0,3,0,0,0,0,0,0,0,1,1,0,0,0,1,4.1162646156680225,2.8073549220576046,3,0,https://www.netflix.com/about,0
27,6,5,2,0,0,3,0,0,0,0,0,0,0,1,1,0,0,0,1,3.9302703722934536,2.2516291673878226,3,0,https://www.nvidia.com/team,0
30,10,8,1,0,0,3,0,0,0,0,0,0,0,1,0,0,0,0,0,3.939572261986723,3.1219280948873624,3,0,https://cloudflare.com/careers,0
26,4,6,2,0,0,3,0,0,0,0,0,0,0,1,1,0,0,0,1,3.7962176025900565,2.0,3,0,https://www.cnet.com/about,0
34,9,9,2,0,0,3,0,0,0,0,0,0,0,1,1,0,0,0,1,3.998652546878167,2.6416041678685938,3,0,https://www.wikipedia.org/features,0
31,7,8,2,0,0,3,0,0,0,0,0,0,0,1,1,0,0,0,1,3.977916874693636,2.5216406363433186,3,0,https://www.discord.com/privacy,0
24,4,8,1,0,0,3,0,0,0,0,0,0,0,1,0,0,0,0,0,3.855388542207534,1.5,3,0,https://nasa.gov/privacy,0
25,4,5,2,0,0,3,0,0,0,0,0,0,0,1,1,0,0,0,1,3.7834651896016473,1.5,3,0,https://www.nasa.gov/blog,0
26,5,9,1,0,0,3,0,0,0,0,0,0,0,1,0,0,0,0,0,3.7671834678914613,2.321928094887362,3,0,https://quora.com/products,0
29,8,5,2,0,0,3,0,0,0,0,0,0,0,1,1,0,0,0,1,3.83127625337525,2.75,3,0,https://www.coursera.org/docs,0
29,4,9,2,0,0,3,0,0,0,0,0,0,0,1,1,0,0,1,1,3.995237891380887,2.0,3,0,https://www.ebay.com/services,0
25,5,4,2,0,0,3,0,0,0,0,0,0,0,1,1,0,0,0,1,3.8634651896016474,2.321928094887362,3,0,https://www.adobe.com/api,0
28,8,8,1,0,0,3,0,0,0,0,0,0,0,1,0,0,0,1,0,3.7264741182543752,2.4056390622295662,3,0,https://theverge.com/support,0
32,6,10,2,0,0,3,0,0,0,0,0,0,0,1,1,0,0,0,1,3.980337797403416,2.2516291673878226,3,0,https://www.target.com/solutions,0
26,4,10,1,0,0,3,0,0,0,0,0,0,0,1,0,0,0,0,0,3.7671834678914613,2.0,3,0,https://espn.com/community,0
30,10,8,1,0,0,3,0,0,0,0,0,0,0,1,0,0,0,0,0,4.1898980954642875,3.1219280948873624,3,0,https://cloudflare.com/pricing,0
25,7,6,1,0,0,3,0,0,0,0,0,0,0,1,0,0,0,0,0,3.8634651896016474,2.5216406363433186,3,0,https://booking.com/about,0
21,5,4,1,0,0,3,0,0,0,0,0,0,0,1,0,0,0,0,0,3.880179922675738,2.321928094887362,3,0,https://adobe.com/faq,0
33,11,6,2,0,0,3,0,0,0,0,0,0,0,1,1,0,0,0,1,3.861983513035609,3.095795255000934,3,0,https://www.arstechnica.com/terms,0
27,7,8,1,0,0,3,0,0,0,0,0,0,0,1,0,0,0,0,0,3.676390632579626,2.2359263506290326,3,0,https://reuters.com/contact,0
27,3,8,2,0,0,3,0,0,0,0,0,0,0,1,1,0,0,1,1,3.6800893536948065,0.9182958340544896,3,0,https://www.cnn.com/support,0
24,4,4,2,0,0,3,0,0,0,0,0,0,0,1,1,0,0,0,1,3.7406015629507228,2.0,3,0,https://www.espn.com/api,0
25,6,7,1,0,0,3,0,0,0,0,0,0,0,1,0,0,0,0,0,3.7230741894285697,2.584962500721156,3,0,https://apnews.com/events,0
28,4,9,2,0,0,3,0,0,0,0,0,0,0,1,1,0,0,0,1,3.7803946541231945,1.5,2,0,https://www.zoom.us/download,0
24,6,6,1,0,0,3,0,0,0,0,0,0,0,1,0,0,0,0,0,3.7406015629507228,2.584962500721156,3,0,https://apnews.com/terms,0
28,7,5,2,0,0,3,0,0,0,0,0,0,0,1,1,0,0,0,1,3.91379956460568,2.8073549220576046,3,0,https://www.spotify.com/blog,0
32,10,10,1,0,0,3,0,0,0,0,0,0,0,1,0,0,0,0,0,3.8820488277869583,2.5219280948873624,3,0,https://duckduckgo.com/solutions,0
22,6,4,1,0,0,3,0,0,0,0,0,0,0,1,0,0,0,0,0,3.7544418457133455,1.9182958340544896,3,0,https://google.com/api,0
27,6,5,2,0,0,3,0,0,0,0,0,0,0,1,1,0,0,0,1,4.0043444463675275,2.2516291673878226,3,0,https://www.medium.com/blog,0
24,4,8,1,0,0,3,0,0,0,0,0,0,0,1,0,0,0,1,0,3.6258145836939115,1.5,3,0,https://nasa.gov/support,0
26,6,8,1,0,0,3,0,0,0,0,0,0,0,1,0,0,0,0,0,3.6321921215711943,2.584962500721156,3,0,https://stripe.com/careers,0
24,4,5,2,0,0,3,0,0,0,0,0,0,0,1,1,0,0,0,1,3.605388542207534,1.5,2,0,https://www.zoom.us/news,0
26,5,5,2,0,0,3,0,0,0,0,0,0,0,1,1,0,0,0,1,3.921029621737615,2.321928094887362,3,0,https://www.intel.com/blog,0
28,6,6,2,0,0,3,0,0,0,0,0,0,0,1,1,0,0,0,1,3.91379956460568,2.2516291673878226,3,0,https://www.airbnb.com/about,0
29,9,8,1,0,0,3,0,0,0,0,0,0,0,1,0,0,0,0,0,4.0472990984266435,2.6416041678685938,3,0,https://wikipedia.org/privacy,0
28,3,9,2,0,0,3,0,0,0,0,0,0,0,1,1,0,0,0,1,3.797902689682947,1.584962500721156,3,0,https://www.mit.edu/features,0
27,3,8,2,0,0,3,0,0,0,0,0,0,0,1,1,0,0,0,1,3.587858798299508,0.9182958340544896,3,0,https://www.bbc.com/contact,0
26,6,8,1,0,0,3,0,0,0,0,0,0,0,1,0,0,0,0,0,3.7192945256669794,2.2516291673878226,3,0,https://nvidia.com/contact,0
29,7,6,2,0,0,3,0,0,0,0,0,0,0,1,1,0,0,0,1,3.978333581185264,2.8073549220576046,3,0,https://www.nytimes.com/about,0
24,6,6,1,0,0,3,0,0,0,0,0,0,0,1,0,0,0,0,0,3.8035088547976783,2.584962500721156,3,0,https://github.com/terms,0
31,6,9,2,0,0,3,0,0,0,0,0,0,0,1,1,0,0,0,1,4.042433003725894,2.2516291673878226,3,0,https://www.airbnb.com/services,0
26,5,9,1,0,0,3,0,0,0,0,0,0,0,1,0,0,0,0,0,3.997952698660692,2.321928094887362,3,0,https://wired.com/features,0
31,5,10,2,0,0,3,0,0,0,0,0,0,0,1,1,0,0,0,1,3.8245334068819115,1.9219280948873623,3,0,https://www.yahoo.com/community,0
33,8,9,2,0,0,3,0,0,0,0,0,0,0,1,1,0,0,0,1,4.043801694853791,2.75,3,0,https://www.facebook.com/products,0
39,13,10,2,0,0,3,0,0,0,0,0,0,0,1,1,0,0,0,1,4.201692923824033,3.546593564294939,3,0,https://www.stackoverflow.com/community,0
27,7,8,1,0,0,3,0,0,0,0,0,0,0,1,0,0,0,1,0,3.7080481500712312,2.5216406363433186,3,0,https://bestbuy.com/support,0
24,5,7,1,0,0,3,0,0,0,0,0,0,0,1,0,0,0,0,0,3.8035088547976783,2.321928094887362,3,0,https://quora.com/search,0
27,7,8,1,0,0,3,0,0,0,0,0,0,0,1,0,0,0,0,0,3.7541634277688805,2.5216406363433186,3,0,https://discord.com/careers,0
24,3,9,1,0,0,3,0,0,0,0,0,0,0,1,0,0,0,0,0,3.720175521464345,1.584962500721156,3,0,https://mit.edu/products,0
24,7,5,1,0,0,3,0,0,0,0,0,0,0,1,0,0,0,0,0,3.6572682296173893,2.2359263506290326,3,0,https://reuters.com/help,0
23,3,4,2,0,0,3,0,0,0,0,0,0,0,1,1,0,0,0,1,3.642489673166126,1.584962500721156,3,0,https://www.mit.edu/api,0
28,5,7,2,0,0,3,0,0,0,0,0,0,0,1,1,0,0,0,1,3.869331261111518,2.321928094887362,3,0,https://www.wired.com/events,0
29,7,6,2,0,0,3,0,0,0,0,0,0,0,1,1,0,0,0,1,3.9523029776623857,2.5216406363433186,3,0,https://www.booking.com/about,0
21,3,6,1,0,0,3,0,0,0,0,0,0,0,1,0,0,0,0,0,3.689703732199548,1.584962500721156,3,0,https://mit.edu/about,0
20,3,5,1,0,0,3,0,0,0,0,0,0,0,1,0,0,0,0,0,3.6464393446710157,1.584962500721156,3,0,https://mit.edu/docs,0
33,7,10,2,0,0,3,0,0,0,0,0,0,0,1,1,0,0,0,1,3.98319563424773,2.5216406363433186,3,0,https://www.booking.com/community,0
33,8,9,2,0,0,3,0,0,0,0,0,0,0,1,1,0,0,0,1,3.919563347274704,2.4056390622295662,3,0,https://www.theverge.com/features,0
35,12,7,2,0,0,3,0,0,0,0,0,0,0,1,1,0,0,0,1,4.093149802473812,3.2516291673878226,3,0,https://www.digitalocean.com/events,0
28,3,9,2,0,0,3,0,0,0,0,0,0,0,1,1,0,0,0,1,3.9407598325400897,0.9182958340544896,3,0,https://www.bbc.com/features,0
24,5,7,1,0,0,3,0,0,0,0,0,0,0,1,0,0,0,0,0,3.688721875540867,2.321928094887362,3,0,https://intel.com/events,0
30,5,9,2,0,0,3,0,0,0,0,0,0,0,1,1,0,0,0,1,3.9898980954642878,2.321928094887362,3,0,https://www.intel.com/products,0
26,5,5,2,0,0,3,0,0,0,0,0,0,0,1,1,0,0,0,1,3.873140679513133,2.321928094887362,3,0,https://www.adobe.com/help,0
24,4,8,1,0,0,3,0,0,0,0,0,0,0,1,0,0,0,1,0,3.688721875540867,2.0,3,0,https://ebay.com/contact,0
34,9,9,2,0,0,3,0,0,0,0,0,0,0,1,1,0,0,0,1,4.02085512047121,2.94770277922009,3,0,https://www.instagram.com/products,0
26,6,4,2,0,0,3,0,0,0,0,0,0,0,1,1,0,0,0,1,3.997952698660692,2.584962500721156,3,0,https://www.github.com/faq,0
34,10,8,2,0,0,3,0,0,0,0,0,0,0,1,1,0,0,0,1,4.043057694064253,2.5219280948873624,3,0,https://www.duckduckgo.com/pricing,0
27,6,5,2,0,0,3,0,0,0,0,0,0,0,1,1,0,0,0,1,3.8100810205217304,2.2516291673878226,3,0,https://www.reddit.com/team,0
25,3,6,2,0,0,3,0,0,0,0,0,0,0,1,1,0,0,0,1,3.7532696895151085,1.584962500721156,3,0,https://www.ibm.com/about,0
29,9,8,1,0,0,3,0,0,0,0,0,0,0,1,0,0,0,1,0,3.7362801326109922,2.94770277922009,3,0,https://microsoft.com/careers,0
29,7,6,2,0,0,3,0,0,0,0,0,0,0,1,1,0,0,0,1,3.995237891380887,2.8073549220576046,3,0,https://www.netflix.com/press,0
20,4,4,1,0,0,3,0,0,0,0,0,0,0,1,0,0,0,0,0,3.784183719779189,2.0,3,0,https://espn.com/faq,0
31,5,10,2,0,0,3,0,0,0,0,0,0,0,1,1,0,0,0,1,3.993730584231477,2.321928094887362,3,0,https://www.slack.com/community,0
26,6,8,1,0,0,3,0,0,0,0,0,0,0,1,0,0,0,0,0,3.8441065448145384,2.584962500721156,3,0,https://github.com/pricing,0
38,13,9,2,0,0,3,0,0,0,0,0,0,0,1,1,0,0,0,1,4.043337052632603,3.546593564294939,3,0,https://www.stackoverflow.com/services,0
28,12,4,1,0,0,3,0,0,0,0,0,0,0,1,0,0,0,0,0,3.91379956460568,3.2516291673878226,3,0,https://digitalocean.com/api,0
29,5,8,2,0,0,3,0,0,0,0,0,0,0,1,1,0,0,1,1,3.7623107361338706,2.321928094887362,3,0,https://www.quora.com/support,0
27,6,10,1,0,0,3,0,0,0,0,0,0,0,1,0,0,0,0,0,3.7080481500712317,2.2516291673878226,2,0,https://twitch.tv/community,0
21,3,6,1,0,0,3,0,0,0,0,0,0,0,1,0,0,0,0,0,3.6537567082870015,1.584962500721156,3,0,https://ibm.com/press,0
22,5,5,1,0,0,3,0,0,0,0,0,0,0,1,0,0,0,0,0,3.8453509366224363,2.321928094887362,3,0,https://wired.com/team,0
28,4,8,2,0,0,3,0,0,0,0,0,0,0,1,1,0,0,1,1,3.7439821538141276,1.5,3,0,https://www.nasa.gov/support,0
34,13,5,2,0,0,3,0,0,0,0,0,0,0,1,1,0,0,0,1,3.998652546878167,3.546593564294939,3,0,https://www.stackoverflow.com/docs,0
25,7,6,1,0,0,3,0,0,0,0,0,0,0,1,0,0,0,0,0,3.7834651896016473,2.5216406363433186,3,0,https://walmart.com/about,0
28,6,10,1,0,0,3,0,0,0,0,0,0,0,1,0,0,0,0,0,3.91379956460568,2.2516291673878226,3,0,https://airbnb.com/solutions,0
24,6,7,1,0,0,3,0,0,0,0,0,0,0,1,0,0,0,0,0,3.4072682296173893,2.2516291673878226,2,0,https://twitch.tv/events,0
26,6,4,2,0,0,3,0,0,0,0,0,0,0,1,1,0,0,0,1,3.7962176025900565,2.2516291673878226,3,0,https://www.target.com/api,0
30,10,8,1,0,0,3,0,0,0,0,0,0,0,1,0,0,0,0,0,3.7647351787255054,2.9219280948873623,3,0,https://salesforce.com/contact,0
27,6,9,1,0,0,3,0,0,0,0,0,0,0,1,0,0,0,0,0,3.9302703722934536,2.2516291673878226,3,0,https://nvidia.com/download,0
27,7,8,1,0,0,3,0,0,0,0,0,0,0,1,0,0,0,0,0,3.736006946447656,2.5216406363433186,3,0,https://booking.com/contact,0
24,7,5,1,0,0,3,0,0,0,0,0,0,0,1,0,0,0,0,0,3.720175521464345,2.5216406363433186,3,0,https://youtube.com/team,0
30,7,7,2,0,0,3,0,0,0,0,0,0,0,1,1,0,0,0,1,3.6729055953200564,2.128085278891395,3,0,https://www.twitter.com/events,0
25,5,4,2,0,0,3,0,0,0,0,0,0,0,1,1,0,0,0,1,3.7532696895151085,1.9219280948873623,3,0,https://www.yahoo.com/faq,0
30,6,8,2,0,0,3,0,0,0,0,0,0,0,1,1,0,0,0,1,3.7647351787255054,2.584962500721156,3,0,https://www.oracle.com/contact,0
29,5,8,2,0,0,3,0,0,0,0,0,0,0,1,1,0,0,1,1,3.788341339656749,1.9219280948873623,3,0,https://www.apple.com/careers,0
30,13,5,1,0,0,3,0,0,0,0,0,0,0,1,0,0,0,0,0,4.031401845392172,3.546593564294939,3,0,https://stackoverflow.com/help,0
33,7,10,2,0,0,3,0,0,0,0,0,0,0,1,1,0,0,0,1,4.18788919491935,2.2359263506290326,3,0,https://www.harvard.edu/community,0
29,6,7,2,0,0,3,0,0,0,0,0,0,0,1,1,0,0,0,1,3.83127625337525,1.9182958340544896,3,0,https://www.google.com/events,0
32,12,8,1,0,0,3,0,0,0,0,0,0,0,1,0,0,0,0,0,3.9917292966721747,3.2516291673878226,3,0,https://digitalocean.com/pricing,0
30,7,7,2,0,0,3,0,0,0,0,0,0,0,1,1,0,0,0,1,3.964735178725505,2.5216406363433186,3,0,https://www.youtube.com/search,0
33,9,8,2,0,0,3,0,0,0,0,0,0,0,1,1,0,0,0,1,3.9225895736416696,2.94770277922009,3,0,https://www.instagram.com/pricing,0
28,5,7,2,0,0,3,0,0,0,0,0,0,0,1,1,0,0,0,1,3.91379956460568,2.321928094887362,3,0,https://www.slack.com/events,0
23,6,5,1,0,0,3,0,0,0,0,0,0,0,1,0,0,0,0,0,3.9690016298759927,2.2516291673878226,3,0,https://airbnb.com/help,0
22,6,4,1,0,0,3,0,0,0,0,0,0,0,1,0,0,0,0,0,3.6978458230844122,2.2516291673878226,3,0,https://target.com/api,0
31,6,9,2,0,0,3,0,0,0,0,0,0,0,1,1,0,0,0,1,3.8890495359141695,2.2516291673878226,3,0,https://www.target.com/services,0
21,4,5,1,0,0,3,0,0,0,0,0,0,0,1,0,0,0,0,0,3.6897037321995474,1.5,3,0,https://nasa.gov/help,0
29,3,10,2,0,0,3,0,0,0,0,0,0,0,1,1,0,0,0,1,3.788341339656749,0.9182958340544896,3,0,https://www.cnn.com/resources,0
29,7,6,2,0,0,3,0,0,0,0,0,0,0,1,1,0,0,0,1,3.745406425938248,2.128085278891395,3,0,https://www.twitter.com/about,0
21,5,4,1,0,0,3,0,0,0,0,0,0,0,1,0,0,0,0,0,3.6537567082870015,1.9219280948873623,3,0,https://cisco.com/faq,0
31,9,6,2,0,0,3,0,0,0,0,0,0,0,1,1,0,0,0,1,3.913400745661378,2.94770277922009,3,0,https://www.instagram.com/press,0
29,5,8,2,0,0,3,0,0,0,0,0,0,0,1,1,0,0,0,1,3.8833374604210062,2.321928094887362,3,0,https://www.udemy.com/contact,0
30,7,7,2,0,0,3,0,0,0,0,0,0,0,1,1,0,0,0,1,3.8980685120588388,2.8073549220576046,3,0,https://www.spotify.com/events,0
33,13,8,1,0,0,3,0,0,0,0,0,0,0,1,0,0,0,0,0,3.975175558293476,3.546593564294939,3,0,https://stackoverflow.com/careers,0
27,7,4,2,0,0,3,0,0,0,0,0,0,0,1,1,0,0,0,1,4.0043444463675275,2.8073549220576046,3,0,https://www.nytimes.com/faq,0
26,5,5,2,0,0,3,0,0,0,0,0,0,0,1,1,0,0,0,1,3.9790978911348054,2.321928094887362,3,0,https://www.wired.com/blog,0
27,5,6,2,0,0,3,0,0,0,0,0,0,0,1,1,0,0,0,1,3.736006946447656,2.321928094887362,3,0,https://www.wired.com/press,0
35,10,9,2,0,0,3,0,0,0,0,0,0,0,1,1,0,0,0,1,4.164299088064471,3.1219280948873624,3,0,https://www.cloudflare.com/services,0
23,7,4,1,0,0,3,0,0,0,0,0,0,0,1,0,0,0,0,0,3.8820451081368623,2.5216406363433186,3,0,https://discord.com/faq,0
26,5,9,1,0,0,3,0,0,0,0,0,0,0,1,0,0,0,1,0,3.8150724101159432,1.9219280948873623,3,0,https://apple.com/features,0
24,4,8,1,0,0,3,0,0,0,0,0,0,0,1,0,0,0,0,0,3.7720552088742005,2.0,3,0,https://bing.com/pricing,0
29,8,9,1,0,0,3,0,0,0,0,0,0,0,1,0,0,0,0,0,4.0472990984266435,2.5,3,0,https://linkedin.com/products,0
31,6,9,2,0,0,3,0,0,0,0,0,0,0,1,1,0,0,0,1,4.17146526179041,2.2516291673878226,3,0,https://www.nvidia.com/features,0
27,10,1,2,0,0,3,0,0,0,0,0,0,0,1,1,0,0,0,1,3.782122224145305,2.5219280948873624,3,0,https://www.duckduckgo.com/,0
27,7,8,1,0,0,3,0,0,0,0,0,0,0,1,0,0,0,0,0,4.0043444463675275,2.8073549220576046,3,0,https://netflix.com/pricing,0
31,10,5,2,0,0,3,0,0,0,0,0,0,0,1,1,0,0,0,1,4.091135423220312,3.1219280948873624,3,0,https://www.cloudflare.com/news,0
20,4,5,1,0,0,3,0,0,0,0,0,0,0,1,0,0,0,0,0,3.5464393446710156,1.5,2,0,https://zoom.us/team,0
24,3,5,2,0,0,3,0,0,0,0,0,0,0,1,1,0,0,0,1,3.605388542207534,1.584962500721156,3,0,https://www.mit.edu/news,0
32,6,10,2,0,0,3,0,0,0,0,0,0,0,1,1,0,0,0,1,4.007048827786958,2.2516291673878226,3,0,https://www.airbnb.com/solutions,0
28,7,9,1,0,0,3,0,0,0,0,0,0,0,1,0,0,0,0,0,3.6689869584530608,2.128085278891395,3,0,https://twitter.com/services,0
35,10,9,2,0,0,3,0,0,0,0,0,0,0,1,1,0,0,0,1,4.036006945330955,3.1219280948873624,3,0,https://www.cloudflare.com/download,0
29,8,9,1,0,0,3,0,0,0,0,0,0,0,1,0,0,0,0,0,4.017824858003425,2.75,3,0,https://facebook.com/download,0
23,6,6,1,0,0,3,0,0,0,0,0,0,0,1,0,0,0,0,0,3.5555331514269954,2.2516291673878226,2,0,https://twitch.tv/about,0
30,7,7,2,0,0,3,0,0,0,0,0,0,0,1,1,0,0,0,1,3.939572261986723,2.8073549220576046,3,0,https://www.shopify.com/events,0
32,11,9,1,0,0,3,0,0,0,0,0,0,0,1,0,0,0,0,0,4.116729296672175,3.027169118440619,3,0,https://khanacademy.org/download,0
26,5,5,2,0,0,3,0,0,0,0,0,0,0,1,1,0,0,0,1,3.6612262562697895,1.9219280948873623,3,0,https://www.yahoo.com/team,0
27,6,5,2,0,0,3,0,0,0,0,0,0,0,1,1,0,0,0,1,3.602316558505552,2.584962500721156,3,0,https://www.apnews.com/news,0
26,6,4,2,0,0,3,0,0,0,0,0,0,0,1,1,0,0,0,1,3.95006375643621,2.584962500721156,3,0,https://www.oracle.com/faq,0
26,13,1,1,0,0,3,0,0,0,0,0,0,0,1,0,0,0,0,0,3.997952698660692,3.546593564294939,3,0,https://stackoverflow.com/,0
24,7,5,1,0,0,3,0,0,0,0,0,0,0,1,0,0,0,0,0,3.9701755214643453,2.2359263506290326,3,0,https://harvard.edu/blog,0
26,7,7,1,0,0,3,0,0,0,0,0,0,0,1,0,0,0,0,0,3.921029621737615,2.5216406363433186,3,0,https://booking.com/events,0
24,4,9,1,0,0,3,0,0,0,0,0,0,0,1,0,0,0,0,0,3.8035088547976783,1.5,2,0,https://zoom.us/download,0
22,5,5,1,0,0,3,0,0,0,0,0,0,0,1,0,0,0,0,0,3.5383105956150063,1.9219280948873623,3,0,https://yahoo.com/team,0
30,5,9,2,0,0,3,0,0,0,0,0,0,0,1,1,0,0,1,1,3.9144093452479405,1.9219280948873623,3,0,https://www.apple.com/features,0
27,7,8,1,0,0,3,0,0,0,0,0,0,0,1,0,0,0,1,0,3.6060152796207325,2.128085278891395,3,0,https://twitter.com/support,0
28,5,7,2,0,0,3,0,0,0,0,0,0,0,1,1,0,0,0,1,3.91379956460568,2.321928094887362,3,0,https://www.udemy.com/events,0
29,7,6,2,0,0,3,0,0,0,0,0,0,0,1,1,0,0,0,1,3.788341339656749,2.5216406363433186,3,0,https://www.youtube.com/about,0
29,6,7,2,0,0,3,0,0,0,0,0,0,0,1,1,0,0,0,1,3.8833374604210062,2.2516291673878226,3,0,https://www.reddit.com/search,0
21,4,5,1,0,0,3,0,0,0,0,0,0,0,1,0,0,0,0,0,3.880179922675738,2.0,3,0,https://bing.com/news,0
32,7,9,2,0,0,3,0,0,0,0,0,0,0,1,1,0,0,0,1,3.9764097655573916,2.8073549220576046,3,0,https://www.shopify.com/download,0
25,8,5,1,0,0,3,0,0,0,0,0,0,0,1,0,0,0,0,0,3.7532696895151085,2.75,3,0,https://facebook.com/team,0
26,5,9,1,0,0,3,0,0,0,0,0,0,0,1,0,0,0,0,0,3.921029621737615,2.321928094887362,3,0,https://intel.com/download,0
30,9,9,1,0,0,3,0,0,0,0,0,0,0,1,0,0,0,0,0,4.0062389286533895,2.94770277922009,3,0,https://instagram.com/download,0
25,5,4,2,0,0,3,0,0,0,0,0,0,0,1,1,0,0,1,1,3.7034651896016473,1.9219280948873623,3,0,https://www.apple.com/api,0
27,6,5,2,0,0,3,0,0,0,0,0,0,0,1,1,0,0,0,1,3.828237501842955,2.584962500721156,3,0,https://www.oracle.com/docs,0
24,6,6,1,0,0,3,0,0,0,0,0,0,0,1,0,0,0,0,0,3.688721875540867,2.584962500721156,3,0,https://apnews.com/press,0
23,3,4,2,0,0,3,0,0,0,0,0,0,0,1,1,0,0,0,1,3.8492239123906247,1.584962500721156,3,0,https://www.ibm.com/faq,0
30,5,9,2,0,0,3,0,0,0,0,0,0,0,1,1,0,0,0,1,3.9144093452479405,2.321928094887362,3,0,https://www.slack.com/products,0
28,7,9,1,0,0,3,0,0,0,0,0,0,0,1,0,0,0,0,0,3.6514789228933084,2.128085278891395,3,0,https://outlook.com/products,0
29,8,9,1,0,0,3,0,0,0,0,0,0,0,1,0,0,0,0,0,3.7193758224153695,2.75,3,0,https://coursera.org/products,0
26,9,5,1,0,0,3,0,0,0,0,0,0,0,1,0,0,0,0,0,3.95006375643621,2.94770277922009,3,0,https://instagram.com/help,0
31,7,8,2,0,0,3,0,0,0,0,0,0,0,1,1,0,0,0,1,3.667928472292449,2.5216406363433186,3,0,https://www.walmart.com/contact,0
30,9,5,2,0,0,3,0,0,0,0,0,0,0,1,1,0,0,0,1,3.8062389286533898,2.725480556997868,3,0,https://www.pinterest.com/help,0
25,5,8,1,0,0,3,0,0,0,0,0,0,0,1,0,0,0,0,0,3.8634651896016474,1.9219280948873623,3,0,https://yahoo.com/pricing,0
19,6,1,1,0,0,3,0,0,0,0,0,0,0,1,0,0,0,0,0,3.78714396069814,2.2516291673878226,3,0,https://airbnb.com/,0
35,11,8,2,0,0,3,0,0,0,0,0,0,0,1,1,0,0,0,1,4.014438730983428,3.095795255000934,3,0,https://www.arstechnica.com/privacy,0
32,11,5,2,0,0,3,0,0,0,0,0,0,0,1,1,0,0,0,1,3.9056390622295662,3.095795255000934,3,0,https://www.arstechnica.com/docs,0
31,10,9,1,0,0,3,0,0,0,0,0,0,0,1,0,0,0,0,0,3.977916874693636,3.1219280948873624,3,0,https://cloudflare.com/features,0
27,4,8,2,0,0,3,0,0,0,0,0,0,0,1,1,0,0,0,1,4.032303242743953,1.5,2,0,https://www.zoom.us/privacy,0
25,5,8,1,0,0,3,0,0,0,0,0,0,0,1,0,0,0,1,0,3.6430741894285696,2.321928094887362,3,0,https://quora.com/support,0
31,7,8,2,0,0,3,0,0,0,0,0,0,0,1,1,0,0,1,1,3.8001821971347027,2.2359263506290326,3,0,https://www.harvard.edu/support,0
31,7,8,2,0,0,3,0,0,0,0,0,0,0,1,1,0,0,1,1,3.667928472292449,2.128085278891395,3,0,https://www.outlook.com/support,0
28,7,5,2,0,0,3,0,0,0,0,0,0,0,1,1,0,0,0,1,3.8423709931771084,2.5216406363433186,3,0,https://www.youtube.com/docs,0
25,7,6,1,0,0,3,0,0,0,0,0,0,0,1,0,0,0,0,0,3.8936606896881862,2.8073549220576046,3,0,https://nytimes.com/about,0
23,4,7,1,0,0,3,0,0,0,0,0,0,0,1,0,0,0,1,0,3.8164027166443866,2.0,3,0,https://ebay.com/events,0
27,7,4,2,0,0,3,0,0,0,0,0,0,0,1,1,0,0,0,1,4.078418520441602,2.8073549220576046,3,0,https://www.netflix.com/faq,0
33,12,9,1,0,0,3,0,0,0,0,0,0,0,1,0,0,0,0,0,3.98319563424773,3.2516291673878226,3,0,https://digitalocean.com/download,0
27,5,6,2,0,0,3,0,0,0,0,0,0,0,1,1,0,0,0,1,3.7541634277688805,1.9219280948873623,3,0,https://www.yahoo.com/press,0
31,10,5,2,0,0,3,0,0,0,0,0,0,0,1,1,0,0,0,1,3.864698326166961,2.9219280948873623,3,0,https://www.salesforce.com/team,0
28,10,6,1,0,0,3,0,0,0,0,0,0,0,1,0,0,0,0,0,3.815410725242699,2.5219280948873624,3,0,https://duckduckgo.com/about,0
35,10,9,2,0,0,3,0,0,0,0,0,0,0,1,1,0,0,0,1,3.900153016697713,2.6464393446710157,3,0,https://www.techcrunch.com/features,0
24,3,9,1,0,0,3,0,0,0,0,0,0,0,1,0,0,0,0,0,3.9387218755408675,1.584962500721156,3,0,https://ibm.com/features,0
29,5,8,2,0,0,3,0,0,0,0,0,0,0,1,1,0,0,0,1,3.745406425938248,1.9219280948873623,3,0,https://www.cisco.com/careers,0
25,6,7,1,0,0,3,0,0,0,0,0,0,0,1,0,0,0,0,0,3.9132696895151087,2.584962500721156,3,0,https://github.com/search,0
23,7,4,1,0,0,3,0,0,0,0,0,0,0,1,0,0,0,0,0,4.023136955868885,2.8073549220576046,3,0,https://netflix.com/faq,0
32,7,9,2,0,0,3,0,0,0,0,0,0,0,1,1,0,0,0,1,3.9681390622295662,2.5216406363433186,3,0,https://www.bestbuy.com/features,0
28,7,5,2,0,0,3,0,0,0,0,0,0,0,1,1,0,0,0,1,3.9407598325400897,2.2359263506290326,3,0,https://www.reuters.com/blog,0
27,6,9,1,0,0,3,0,0,0,0,0,0,0,1,0,0,0,0,0,3.778423503030125,2.2516291673878226,3,0,https://target.com/products,0
24,3,9,1,0,0,3,0,0,0,0,0,0,0,1,0,0,0,0,0,3.855388542207534,0.9182958340544896,3,0,https://bbc.com/features,0
24,5,7,1,0,0,3,0,0,0,0,0,0,0,1,0,0,0,0,0,3.605388542207534,1.9219280948873623,3,0,https://cisco.com/search,0
30,8,10,1,0,0,3,0,0,0,0,0,0,0,1,0,0,0,0,0,4.031401845392172,2.5,3,0,https://linkedin.com/resources,0
29,10,7,1,0,0,3,0,0,0,0,0,0,0,1,0,0,0,0,0,3.9523029776623857,2.5219280948873624,3,0,https://duckduckgo.com/events,0
24,7,5,1,0,0,3,0,0,0,0,0,0,0,1,0,0,0,0,0,3.8239348962840563,2.5216406363433186,3,0,https://youtube.com/blog,0
27,7,8,1,0,0,3,0,0,0,0,0,0,0,1,0,0,0,0,0,3.8841550945958043,2.128085278891395,3,0,https://outlook.com/pricing,0
28,6,6,2,0,0,3,0,0,0,0,0,0,0,1,1,0,0,0,1,4.012188403968661,2.2516291673878226,3,0,https://www.nvidia.com/press,0
28,6,6,2,0,0,3,0,0,0,0,0,0,0,1,1,0,0,0,1,3.9407598325400897,2.2516291673878226,3,0,https://www.airbnb.com/terms,0
32,8,8,2,0,0,3,0,0,0,0,0,0,0,1,1,0,0,1,1,3.8431390622295662,2.4056390622295662,3,0,https://www.theverge.com/support,0
30,9,5,2,0,0,3,0,0,0,0,0,0,0,1,1,0,0,1,1,3.8980685120588388,2.94770277922009,3,0,https://www.microsoft.com/blog,0
27,3,8,2,0,0,3,0,0,0,0,0,0,0,1,1,0,0,0,1,3.828237501842955,1.584962500721156,3,0,https://www.mit.edu/careers,0
28,6,10,1,0,0,3,0,0,0,0,0,0,0,1,0,0,0,0,0,3.869331261111518,2.584962500721156,3,0,https://github.com/resources,0
25,4,5,2,0,0,3,0,0,0,0,0,0,0,1,1,0,0,0,1,3.8634651896016474,2.0,3,0,https://www.espn.com/blog,0
33,7,10,2,0,0,3,0,0,0,0,0,0,0,1,1,0,0,0,1,3.8132065289617665,2.128085278891395,3,0,https://www.outlook.com/resources,0
26,8,6,1,0,0,3,0,0,0,0,0,0,0,1,0,0,0,0,0,3.95006375643621,2.5,3,0,https://linkedin.com/terms,0
25,4,5,2,0,0,3,0,0,0,0,0,0,0,1,1,0,0,1,1,3.8634651896016474,2.0,3,0,https://www.ebay.com/help,0
28,6,6,2,0,0,3,0,0,0,0,0,0,0,1,1,0,0,0,1,4.012188403968661,2.2516291673878226,3,0,https://www.nvidia.com/about,0
31,7,8,2,0,0,3,0,0,0,0,0,0,0,1,1,0,0,0,1,3.680520715052552,2.128085278891395,3,0,https://www.outlook.com/contact,0
34,9,9,2,0,0,3,0,0,0,0,0,0,0,1,1,0,0,0,1,3.741155855638065,2.725480556997868,3,0,https://www.wordpress.com/products,0
33,7,10,2,0,0,3,0,0,0,0,0,0,0,1,1,0,0,0,1,3.9225895736416696,2.5216406363433186,3,0,https://www.dropbox.com/resources,0
28,8,4,2,0,0,3,0,0,0,0,0,0,0,1,1,0,0,0,1,3.9407598325400897,2.75,3,0,https://www.facebook.com/faq,0
28,5,7,2,0,0,3,0,0,0,0,0,0,0,1,1,0,0,0,1,3.9407598325400897,2.321928094887362,3,0,https://www.intel.com/search,0
30,11,7,1,0,0,3,0,0,0,0,0,0,0,1,0,0,0,0,0,3.7144093452479408,3.095795255000934,3,0,https://arstechnica.com/search,0
31,10,5,2,0,0,3,0,0,0,0,0,0,0,1,1,0,0,0,1,4.042433003725894,3.1219280948873624,3,0,https://www.cloudflare.com/team,0
24,11,1,1,0,0,3,0,0,0,0,0,0,0,1,0,0,0,0,0,3.7406015629507228,3.095795255000934,3,0,https://arstechnica.com/,0
27,6,5,2,0,0,3,0,0,0,0,0,0,0,1,1,0,0,0,1,3.8100810205217304,2.2516291673878226,3,0,https://www.target.com/help,0
27,7,8,1,0,0,3,0,0,0,0,0,0,0,1,0,0,0,0,0,3.8841550945958043,2.5216406363433186,3,0,https://discord.com/privacy,0
20,4,5,1,0,0,3,0,0,0,0,0,0,0,1,0,0,0,0,0,3.6464393446710157,1.5,2,0,https://zoom.us/news,0
31,7,8,2,0,0,3,0,0,0,0,0,0,0,1,1,0,0,0,1,3.784368487596862,2.5216406363433186,3,0,https://www.discord.com/contact,0
26,5,5,2,0,0,3,0,0,0,0,0,0,0,1,1,0,0,0,1,3.825251737288651,2.321928094887362,3,0,https://www.udemy.com/news,0
28,6,10,1,0,0,3,0,0,0,0,0,0,0,1,0,0,0,0,0,3.9407598325400897,2.2516291673878226,3,0,https://airbnb.com/resources,0
32,7,9,2,0,0,3,0,0,0,0,0,0,0,1,1,0,0,0,1,3.7723683589017414,2.5216406363433186,3,0,https://www.discord.com/products,0
27,10,1,2,0,0,3,0,0,0,0,0,0,0,1,1,0,0,0,1,3.8561962982193796,2.9219280948873623,3,0,https://www.salesforce.com/,0
22,4,6,1,0,0,3,0,0,0,0,0,0,0,1,0,0,0,0,0,3.5383105956150063,2.0,3,0,https://espn.com/terms,0
26,9,5,1,0,0,3,0,0,0,0,0,0,0,1,0,0,0,0,0,3.7192945256669794,2.725480556997868,3,0,https://pinterest.com/docs,0
29,7,10,1,0,0,3,0,0,0,0,0,0,0,1,0,0,0,0,0,3.788341339656749,2.8073549220576046,3,0,https://shopify.com/community,0
25,5,8,1,0,0,3,0,0,0,0,0,0,0,1,0,0,0,1,0,3.7532696895151085,2.321928094887362,3,0,https://udemy.com/support,0
22,5,5,1,0,0,3,0,0,0,0,0,0,0,1,0,0,0,0,0,3.572623663895164,1.9219280948873623,3,0,https://cisco.com/help,0
20,7,1,1,0,0,3,0,0,0,0,0,0,0,1,0,0,0,0,0,3.4464393446710155,2.128085278891395,3,0,https://outlook.com/,0
28,4,8,2,0,0,3,0,0,0,0,0,0,0,1,1,0,0,0,1,3.8423709931771084,1.5,3,0,https://www.nasa.gov/careers,0
25,7,6,1,0,0,3,0,0,0,0,0,0,0,1,0,0,0,0,0,3.7532696895151085,2.5216406363433186,3,0,https://walmart.com/press,0
22,5,5,1,0,0,3,0,0,0,0,0,0,0,1,0,0,0,0,0,3.970573095811685,2.321928094887362,3,0,https://quora.com/news,0
16,3,1,1,0,0,3,0,0,0,0,0,0,0,1,0,0,0,0,0,3.327819531114783,0.9182958340544896,3,0,https://cnn.com/,0
30,4,10,2,0,0,3,0,0,0,0,0,0,0,1,1,0,0,0,1,3.923231428797621,1.5,3,0,https://www.nasa.gov/resources,0
29,6,7,2,0,0,3,0,0,0,0,0,0,0,1,1,0,0,0,1,3.7193758224153695,2.584962500721156,3,0,https://www.apnews.com/events,0
27,5,10,1,0,0,3,0,0,0,0,0,0,0,1,0,0,0,0,0,3.5599000019230833,1.9219280948873623,3,0,https://cisco.com/solutions,0
31,7,8,2,0,0,3,0,0,0,0,0,0,0,1,1,0,0,0,1,3.937751955408587,2.5216406363433186,3,0,https://www.walmart.com/pricing,0
29,5,8,2,0,0,3,0,0,0,0,0,0,0,1,1,0,0,0,1,3.7024715122197467,2.321928094887362,3,0,https://www.slack.com/contact,0
23,5,6,1,0,0,3,0,0,0,0,0,0,0,1,0,0,0,0,0,3.7622673906514943,2.321928094887362,3,0,https://quora.com/terms,0
29,5,8,2,0,0,3,0,0,0,0,0,0,0,1,1,0,0,1,1,3.641284011846735,1.9219280948873623,3,0,https://www.cisco.com/support,0
25,5,8,1,0,0,3,0,0,0,0,0,0,0,1,0,0,0,0,0,3.8634651896016474,2.321928094887362,3,0,https://wired.com/contact,0
26,6,8,1,0,0,3,0,0,0,0,0,0,0,1,0,0,0,0,0,3.8441065448145384,1.9182958340544896,3,0,https://google.com/pricing,0
34,10,8,2,0,0,3,0,0,0,0,0,0,0,1,1,0,0,0,1,4.010133709394731,2.6464393446710157,3,0,https://www.techcrunch.com/privacy,0
30,6,8,2,0,0,3,0,0,0,0,0,0,0,1,1,0,0,0,1,3.964735178725505,2.2516291673878226,3,0,https://www.airbnb.com/pricing,0
21,8,1,1,0,0,3,0,0,0,0,0,0,0,1,0,0,0,0,0,3.6537567082870015,2.75,3,0,https://coursera.org/,0
24,5,7,1,0,0,3,0,0,0,0,0,0,0,1,0,0,0,1,0,3.688721875540867,1.9219280948873623,3,0,https://apple.com/search,0
28,6,6,2,0,0,3,0,0,0,0,0,0,0,1,1,0,0,1,1,3.869331261111518,2.2516291673878226,3,0,https://www.amazon.com/press,0
29,8,9,1,0,0,3,0,0,0,0,0,0,0,1,0,0,0,0,0,3.9692072878580085,2.75,3,0,https://facebook.com/services,0
30,6,8,2,0,0,3,0,0,0,0,0,0,0,1,1,0,0,1,1,3.647742678581274,2.2516291673878226,3,0,https://www.amazon.com/contact,0
31,10,5,2,0,0,3,0,0,0,0,0,0,0,1,1,0,0,0,1,3.784368487596862,2.6464393446710157,3,0,https://www.techcrunch.com/help,0
27,7,8,1,0,0,3,0,0,0,0,0,0,0,1,0,0,0,0,0,3.8561962982193796,2.5216406363433186,3,0,https://booking.com/pricing,0
28,6,6,2,0,0,3,0,0,0,0,0,0,0,1,1,0,0,0,1,3.655045546825804,2.584962500721156,3,0,https://www.stripe.com/terms,0
30,5,9,2,0,0,3,0,0,0,0,0,0,0,1,1,0,0,0,1,4.0062389286533895,2.321928094887362,3,0,https://www.udemy.com/features,0
24,7,5,1,0,0,3,0,0,0,0,0,0,0,1,0,0,0,0,0,3.8035088547976783,2.5216406363433186,3,0,https://discord.com/help,0
23,5,6,1,0,0,3,0,0,0,0,0,0,0,1,0,0,0,1,0,3.588354347173233,1.9219280948873623,3,0,https://apple.com/press,0
25,9,4,1,0,0,3,0,0,0,0,0,0,0,1,0,0,0,0,0,4.023465189601647,2.6416041678685938,3,0,https://wikipedia.org/faq,0
21,5,4,1,0,0,3,0,0,0,0,0,0,0,1,0,0,0,0,0,3.7849418274376427,2.321928094887362,3,0,https://quora.com/api,0
24,3,9,1,0,0,3,0,0,0,0,0,0,0,1,0,0,0,0,0,3.7720552088742005,1.584962500721156,3,0,https://ibm.com/services,0
30,10,4,2,0,0,3,0,0,0,0,0,0,0,1,1,0,0,0,1,3.872905595320056,2.6464393446710157,3,0,https://www.techcrunch.com/api,0
24,7,5,1,0,0,3,0,0,0,0,0,0,0,1,0,0,0,0,0,3.9387218755408675,2.5216406363433186,3,0,https://dropbox.com/news,0
24,7,5,1,0,0,3,0,0,0,0,0,0,0,1,0,0,0,0,0,3.9387218755408675,2.8073549220576046,3,0,https://netflix.com/docs,0
22,6,5,1,0,0,3,0,0,0,0,0,0,0,1,0,0,0,0,0,3.4428621651554665,2.2516291673878226,2,0,https://twitch.tv/docs,0
27,6,9,1,0,0,3,0,0,0,0,0,0,0,1,0,0,0,0,0,3.902311575917029,2.584962500721156,3,0,https://apnews.com/products,0
28,7,9,1,0,0,3,0,0,0,0,0,0,0,1,0,0,0,0,0,3.655045546825804,2.2359263506290326,3,0,https://reuters.com/products,0
26,5,5,2,0,0,3,0,0,0,0,0,0,0,1,1,0,0,0,1,3.5073801024236353,1.9219280948873623,3,0,https://www.cisco.com/docs,0
22,5,5,1,0,0,3,0,0,0,0,0,0,0,1,0,0,0,0,0,3.8796640049025943,2.321928094887362,3,0,https://adobe.com/news,0
28,7,5,2,0,0,3,0,0,0,0,0,0,0,1,1,0,0,0,1,3.770942421748537,2.2359263506290326,3,0,https://www.harvard.edu/team,0
17,4,1,1,0,0,3,0,0,0,0,0,0,0,1,0,0,0,1,0,3.6901165175936654,2.0,3,0,https://ebay.com/,0
26,5,9,1,0,0,3,0,0,0,0,0,0,0,1,0,0,0,0,0,3.8441065448145384,1.9219280948873623,3,0,https://yahoo.com/services,0
22,3,7,1,0,0,3,0,0,0,0,0,0,0,1,0,0,0,0,0,3.7544418457133455,1.584962500721156,3,0,https://ibm.com/events,0
31,5,10,2,0,0,3,0,0,0,0,0,0,0,1,1,0,0,0,1,3.953565664946428,2.321928094887362,3,0,https://www.quora.com/solutions,0
20,3,5,1,0,0,3,0,0,0,0,0,0,0,1,0,0,0,0,0,3.4464393446710155,0.9182958340544896,3,0,https://cnn.com/docs,0
20,3,5,1,0,0,3,0,0,0,0,0,0,0,1,0,0,0,0,0,3.5464393446710156,0.9182958340544896,3,0,https://bbc.com/blog,0
25,4,9,1,0,0,3,0,0,0,0,0,0,0,1,0,0,0,0,0,3.7034651896016473,2.0,3,0,https://espn.com/services,0
29,7,10,1,0,0,3,0,0,0,0,0,0,0,1,0,0,0,0,0,3.978333581185264,2.5216406363433186,3,0,https://booking.com/resources,0
22,5,5,1,0,0,3,0,0,0,0,0,0,0,1,0,0,0,1,0,3.6635327548042547,1.9219280948873623,3,0,https://apple.com/docs,0
25,5,4,2,0,0,3,0,0,0,0,0,0,0,1,1,0,0,0,1,3.7532696895151085,1.9219280948873623,3,0,https://www.cisco.com/faq,0
32,7,9,2,0,0,3,0,0,0,0,0,0,0,1,1,0,0,0,1,3.8514097655573916,2.5216406363433186,3,0,https://www.walmart.com/products,0
27,4,7,2,0,0,3,0,0,0,0,0,0,0,1,1,0,0,0,1,3.6339740759971573,2.0,3,0,https://www.cnet.com/events,0
27,10,5,1,0,0,3,0,0,0,0,0,0,0,1,0,0,0,0,0,3.9582291686698783,3.1219280948873624,3,0,https://cloudflare.com/help,0
26,9,5,1,0,0,3,0,0,0,0,0,0,0,1,0,0,0,0,0,4.026986833359287,2.6416041678685938,3,0,https://wikipedia.org/blog,0
19,6,1,1,0,0,3,0,0,0,0,0,0,0,1,0,0,0,0,0,3.78714396069814,2.2516291673878226,3,0,https://nvidia.com/,0
33,11,10,1,0,0,3,0,0,0,0,0,0,0,1,0,0,0,0,0,4.020926316000352,3.277613436819116,3,0,https://theguardian.com/resources,0
26,6,8,1,0,0,3,0,0,0,0,0,0,0,1,0,0,0,2,0,3.738149333192866,2.2516291673878226,3,0,https://amazon.com/support,0
20,4,4,1,0,0,3,0,0,0,0,0,0,0,1,0,0,0,1,0,3.784183719779189,2.0,3,0,https://ebay.com/api,0
27,6,9,1,0,0,3,0,0,0,0,0,0,0,1,0,0,0,0,0,3.782122224145305,2.2516291673878226,3,0,https://medium.com/products,0
23,3,8,1,0,0,3,0,0,0,0,0,0,0,1,0,0,0,0,0,3.936180434129755,1.584962500721156,3,0,https://mit.edu/privacy,0
22,5,5,1,0,0,3,0,0,0,0,0,0,0,1,0,0,0,0,0,3.356492413796824,1.9219280948873623,3,0,https://cisco.com/docs,0
26,6,8,1,0,0,3,0,0,0,0,0,0,0,1,0,0,0,1,0,3.7671834678914613,1.9182958340544896,3,0,https://paypal.com/careers,0
33,9,8,2,0,0,3,0,0,0,0,0,0,0,1,1,0,0,1,1,3.876838815934793,2.94770277922009,3,0,https://www.microsoft.com/pricing,0
27,5,10,1,0,0,3,0,0,0,0,0,0,0,1,0,0,0,1,0,3.902311575917029,1.9219280948873623,3,0,https://apple.com/community,0
27,6,5,2,0,0,3,0,0,0,0,0,0,0,1,1,0,0,0,1,3.81008102052173,2.584962500721156,3,0,https://www.oracle.com/help,0
24,3,5,2,0,0,3,0,0,0,0,0,0,0,1,1,0,0,0,1,3.573934896284056,0.9182958340544896,3,0,https://www.bbc.com/docs,0
32,6,10,2,0,0,3,0,0,0,0,0,0,0,1,1,0,0,1,1,3.9681390622295662,2.2516291673878226,3,0,https://www.amazon.com/resources,0
25,6,7,1,0,0,3,0,0,0,0,0,0,0,1,0,0,0,0,0,3.7834651896016473,2.584962500721156,3,0,https://apnews.com/search,0
31,7,8,2,0,0,3,0,0,0,0,0,0,0,1,1,0,0,0,1,3.6955011488173954,2.2359263506290326,3,0,https://www.reuters.com/careers,0
27,8,7,1,0,0,3,0,0,0,0,0,0,0,1,0,0,0,0,0,4.060262039120377,2.5,3,0,https://linkedin.com/search,0
30,6,8,2,0,0,3,0,0,0,0,0,0,0,1,1,0,0,1,1,3.872905595320056,1.9182958340544896,3,0,https://www.paypal.com/careers,0
23,4,7,1,0,0,3,0,0,0,0,0,0,0,1,0,0,0,0,0,3.675310868912364,2.0,3,0,https://espn.com/search,0
26,9,5,1,0,0,3,0,0,0,0,0,0,0,1,0,0,0,0,0,3.7671834678914613,2.725480556997868,3,0,https://wordpress.com/help,0
28,4,8,2,0,0,3,0,0,0,0,0,0,0,1,1,0,0,0,1,3.8962915290459277,1.5,3,0,https://www.nasa.gov/pricing,0
31,6,9,2,0,0,3,0,0,0,0,0,0,0,1,1,0,0,0,1,3.8890495359141695,2.584962500721156,3,0,https://www.stripe.com/features,0
27,6,5,2,0,0,3,0,0,0,0,0,0,0,1,1,0,0,0,1,3.736006946447656,2.584962500721156,3,0,https://www.apnews.com/docs,0
32,12,8,1,0,0,3,0,0,0,0,0,0,0,1,0,0,0,0,0,4.007048827786958,3.2516291673878226,3,0,https://digitalocean.com/careers,0
27,7,8,1,0,0,3,0,0,0,0,0,0,0,1,0,0,0,0,0,3.9582291686698783,2.8073549220576046,3,0,https://nytimes.com/privacy,0
28,6,10,1,0,0,3,0,0,0,0,0,0,0,1,0,0,0,0,0,3.7264741182543752,1.9182958340544896,3,0,https://google.com/resources,0
29,6,7,2,0,0,3,0,0,0,0,0,0,0,1,1,0,0,0,1,3.8833374604210062,2.2516291673878226,3,0,https://www.reddit.com/events,0
31,7,8,2,0,0,3,0,0,0,0,0,0,0,1,1,0,0,0,1,3.913400745661378,2.5216406363433186,3,0,https://www.walmart.com/privacy,0
30,4,10,2,0,0,3,0,0,0,0,0,0,0,1,1,0,0,0,1,4.031401845392172,2.0,3,0,https://www.bing.com/resources,0
25,3,6,2,0,0,3,0,0,0,0,0,0,0,1,1,0,0,0,1,3.7532696895151085,1.584962500721156,3,0,https://www.ibm.com/press,0
30,9,5,2,0,0,3,0,0,0,0,0,0,0,1,1,0,0,1,1,3.8062389286533898,2.94770277922009,3,0,https://www.microsoft.com/news,0
23,6,1,2,0,0,3,0,0,0,0,0,0,0,1,1,0,0,0,1,3.8492239123906247,2.2516291673878226,3,0,https://www.nvidia.com/,0
29,5,8,2,0,0,3,0,0,0,0,0,0,0,1,1,0,0,0,1,3.6074753914554893,1.9219280948873623,3,0,https://www.yahoo.com/contact,0
26,9,1,2,0,0,3,0,0,0,0,0,0,0,1,1,0,0,0,1,3.7192945256669794,2.725480556997868,3,0,https://www.pinterest.com/,0
32,11,9,1,0,0,3,0,0,0,0,0,0,0,1,0,0,0,0,0,3.8820488277869583,3.095795255000934,3,0,https://arstechnica.com/features,0
23,6,5,1,0,0,3,0,0,0,0,0,0,0,1,0,0,0,0,0,3.7622673906514943,1.9182958340544896,3,0,https://google.com/news,0
31,6,9,2,0,0,3,0,0,0,0,0,0,0,1,1,0,0,1,1,4.042433003725894,2.2516291673878226,3,0,https://www.amazon.com/services,0
25,9,4,1,0,0,3,0,0,0,0,0,0,0,1,0,0,0,0,0,3.8332696895151086,2.725480556997868,3,0,https://wordpress.com/api,0
26,6,4,2,0,0,3,0,0,0,0,0,0,0,1,1,0,0,0,1,3.873140679513133,2.2516291673878226,3,0,https://www.target.com/faq,0
28,4,8,2,0,0,3,0,0,0,0,0,0,0,1,1,0,0,0,1,3.797902689682947,2.0,3,0,https://www.bing.com/contact,0
26,9,5,1,0,0,3,0,0,0,0,0,0,0,1,0,0,0,0,0,3.690260390968384,2.725480556997868,3,0,https://pinterest.com/help,0
25,6,8,1,0,0,3,0,0,0,0,0,0,0,1,0,0,0,0,0,3.5892750707107135,2.2516291673878226,2,0,https://twitch.tv/privacy,0
32,6,10,2,0,0,3,0,0,0,0,0,0,0,1,1,0,0,1,1,3.92095859334435,1.9182958340544896,3,0,https://www.paypal.com/solutions,0
32,10,10,1,0,0,3,0,0,0,0,0,0,0,1,0,0,0,0,0,3.902518266288633,2.9219280948873623,3,0,https://salesforce.com/solutions,0
30,5,9,2,0,0,3,0,0,0,0,0,0,0,1,1,0,0,0,1,3.939572261986723,2.321928094887362,3,0,https://www.adobe.com/products,0
27,6,5,2,0,0,3,0,0,0,0,0,0,0,1,1,0,0,0,1,4.032303242743953,2.2516291673878226,3,0,https://www.nvidia.com/help,0
29,7,6,2,0,0,3,0,0,0,0,0,0,0,1,1,0,0,0,1,3.995237891380887,2.5216406363433186,3,0,https://www.booking.com/press,0
28,7,9,1,0,0,3,0,0,0,0,0,0,0,1,0,0,0,0,0,3.8423709931771084,2.5216406363433186,3,0,https://walmart.com/download,0
24,6,6,1,0,0,3,0,0,0,0,0,0,0,1,0,0,0,1,0,3.688721875540867,1.9182958340544896,3,0,https://paypal.com/press,0
28,6,6,2,0,0,3,0,0,0,0,0,0,0,1,1,0,0,0,1,4.012188403968661,2.2516291673878226,3,0,https://www.nvidia.com/terms,0
28,8,8,1,0,0,3,0,0,0,0,0,0,0,1,0,0,0,1,0,4.012188403968661,2.5,3,0,https://linkedin.com/support,0
34,9,9,2,0,0,3,0,0,0,0,0,0,0,1,1,0,0,0,1,4.02085512047121,2.94770277922009,3,0,https://www.instagram.com/services,0
27,5,6,2,0,0,3,0,0,0,0,0,0,0,1,1,0,0,0,1,3.7262046313924557,1.9219280948873623,3,0,https://www.cisco.com/about,0
26,5,5,2,0,0,3,0,0,0,0,0,0,0,1,1,0,0,0,1,3.6612262562697895,1.9219280948873623,3,0,https://www.cisco.com/team,0
26,4,10,1,0,0,3,0,0,0,0,0,0,0,1,0,0,0,0,0,3.6321921215711943,2.0,3,0,https://cnet.com/resources,0
31,9,6,2,0,0,3,0,0,0,0,0,0,0,1,1,0,0,0,1,3.9503441981686898,2.725480556997868,3,0,https://www.pinterest.com/about,0
31,9,10,1,0,0,3,0,0,0,0,0,0,0,1,0,0,0,0,0,3.993730584231477,2.725480556997868,3,0,https://wordpress.com/community,0
27,10,5,1,0,0,3,0,0,0,0,0,0,0,1,0,0,0,0,0,3.7821222241453056,2.9219280948873623,3,0,https://salesforce.com/docs,0
23,6,5,1,0,0,3,0,0,0,0,0,0,0,1,0,0,0,1,0,3.795088586397732,2.2516291673878226,3,0,https://amazon.com/help,0
33,11,6,2,0,0,3,0,0,0,0,0,0,0,1,1,0,0,0,1,4.18788919491935,3.027169118440619,3,0,https://www.khanacademy.org/about,0
31,7,8,2,0,0,3,0,0,0,0,0,0,0,1,1,0,0,1,1,3.744203568311813,2.5216406363433186,3,0,https://www.walmart.com/support,0
16,3,1,1,0,0,3,0,0,0,0,0,0,0,1,0,0,0,0,0,3.327819531114783,0.9182958340544896,3,0,https://bbc.com/,0
23,3,8,1,0,0,3,0,0,0,0,0,0,0,1,0,0,0,1,0,3.5555331514269954,0.9182958340544896,3,0,https://cnn.com/support,0
23,6,1,2,0,0,3,0,0,0,0,0,0,0,1,1,0,0,0,1,3.6753108689123635,2.2516291673878226,3,0,https://www.target.com/,0
24,4,8,1,0,0,3,0,0,0,0,0,0,0,1,0,0,0,1,0,3.9701755214643453,2.0,3,0,https://ebay.com/privacy,0
26,6,4,2,0,0,3,0,0,0,0,0,0,0,1,1,0,0,0,1,3.873140679513133,2.584962500721156,3,0,https://www.oracle.com/api,0
29,4,9,2,0,0,3,0,0,0,0,0,0,0,1,1,0,0,1,1,3.978333581185264,2.0,3,0,https://www.ebay.com/download,0
31,11,4,2,0,0,3,0,0,0,0,0,0,0,1,1,0,0,0,1,3.993730584231477,3.095795255000934,3,0,https://www.arstechnica.com/faq,0
23,7,4,1,0,0,3,0,0,0,0,0,0,0,1,0,0,0,0,0,3.795088586397732,2.8073549220576046,3,0,https://shopify.com/faq,0
21,4,5,1,0,0,3,0,0,0,0,0,0,0,1,0,0,0,0,0,3.880179922675738,2.0,3,0,https://bing.com/help,0
23,6,5,1,0,0,3,0,0,0,0,0,0,0,1,0,0,0,0,0,3.8492239123906247,2.2516291673878226,3,0,https://nvidia.com/team,0
27,6,9,1,0,0,3,0,0,0,0,0,0,0,1,0,0,0,0,0,3.902311575917029,2.584962500721156,3,0,https://apnews.com/features,0
25,4,5,2,0,0,3,0,0,0,0,0,0,0,1,1,0,0,0,1,3.6732696895151085,2.0,3,0,https://www.espn.com/docs,0
27,5,10,1,0,0,3,0,0,0,0,0,0,0,1,0,0,0,1,0,3.7541634277688805,1.9219280948873623,3,0,https://apple.com/resources,0
24,7,5,1,0,0,3,0,0,0,0,0,0,0,1,0,0,0,0,0,3.8035088547976783,2.5216406363433186,3,0,https://dropbox.com/blog,0
25,5,8,1,0,0,3,0,0,0,0,0,0,0,1,0,0,0,0,0,4.053660689688186,2.321928094887362,3,0,https://adobe.com/privacy,0
23,5,6,1,0,0,3,0,0,0,0,0,0,0,1,0,0,0,0,0,3.7622673906514943,2.321928094887362,3,0,https://wired.com/terms,0
26,5,9,1,0,0,3,0,0,0,0,0,0,0,1,0,0,0,0,0,3.8150724101159432,1.9219280948873623,3,0,https://cisco.com/features,0
31,6,9,2,0,0,3,0,0,0,0,0,0,0,1,1,0,0,0,1,3.8890495359141695,2.584962500721156,3,0,https://www.apnews.com/products,0
29,7,10,1,0,0,3,0,0,0,0,0,0,0,1,0,0,0,0,0,3.8967981337162887,2.5216406363433186,3,0,https://dropbox.com/solutions,0
35,13,10,1,0,0,3,0,0,0,0,0,0,0,1,0,0,0,0,0,3.9928705166358993,3.546593564294939,3,0,https://stackoverflow.com/resources,0
27,9,6,1,0,0,3,0,0,0,0,0,0,0,1,0,0,0,0,0,3.902311575917029,2.725480556997868,3,0,https://wordpress.com/about,0
30,10,8,1,0,0,3,0,0,0,0,0,0,0,1,0,0,0,0,0,3.9483943455364034,2.5219280948873624,3,0,https://duckduckgo.com/pricing,0
22,3,7,1,0,0,3,0,0,0,0,0,0,0,1,0,0,0,0,0,3.6635327548042547,0.9182958340544896,3,0,https://cnn.com/search,0
29,8,5,2,0,0,3,0,0,0,0,0,0,0,1,1,0,0,0,1,3.8573068568981284,2.4056390622295662,3,0,https://www.theverge.com/docs,0
33,7,10,2,0,0,3,0,0,0,0,0,0,0,1,1,0,0,0,1,3.8997141947882312,2.8073549220576046,3,0,https://www.shopify.com/community,0
27,6,9,1,0,0,3,0,0,0,0,0,0,0,1,0,0,0,0,0,3.7821222241453056,2.2516291673878226,3,0,https://target.com/services,0
29,11,6,1,0,0,3,0,0,0,0,0,0,0,1,0,0,0,0,0,3.745406425938248,3.095795255000934,3,0,https://arstechnica.com/press,0
22,6,4,1,0,0,3,0,0,0,0,0,0,0,1,0,0,0,0,0,3.970573095811685,2.2516291673878226,3,0,https://nvidia.com/faq,0
25,5,4,2,0,0,3,0,0,0,0,0,0,0,1,1,0,0,0,1,4.023465189601647,2.321928094887362,3,0,https://www.udemy.com/faq,0
32,7,9,2,0,0,3,0,0,0,0,0,0,0,1,1,0,0,0,1,3.9886085007312415,2.5216406363433186,3,0,https://www.booking.com/download,0
32,7,9,2,0,0,3,0,0,0,0,0,0,0,1,1,0,0,0,1,4.030639062229566,2.8073549220576046,3,0,https://www.nytimes.com/features,0
30,6,8,2,0,0,3,0,0,0,0,0,0,0,1,1,0,0,0,1,4.0980685120588385,1.9182958340544896,3,0,https://www.google.com/privacy,0
28,7,9,1,0,0,3,0,0,0,0,0,0,0,1,0,0,0,0,0,4.155045546825804,2.5216406363433186,3,0,https://booking.com/features,0
29,8,5,2,0,0,3,0,0,0,0,0,0,0,1,1,0,0,0,1,3.9262723741395074,2.75,3,0,https://www.coursera.org/blog,0
30,7,7,2,0,0,3,0,0,0,0,0,0,0,1,1,0,0,0,1,4.0980685120588385,2.8073549220576046,3,0,https://www.netflix.com/search,0
23,5,6,1,0,0,3,0,0,0,0,0,0,0,1,0,0,0,0,0,3.729446194905256,2.321928094887362,3,0,https://adobe.com/about,0
28,8,4,2,0,0,3,0,0,0,0,0,0,0,1,1,0,0,0,1,4.182005814760213,2.5,3,0,https://www.linkedin.com/faq,0
25,5,4,2,0,0,3,0,0,0,0,0,0,0,1,1,0,0,0,1,3.813660689688186,2.321928094887362,3,0,https://www.wired.com/api,0
31,10,9,1,0,0,3,0,0,0,0,0,0,0,1,0,0,0,0,0,3.6922796820396577,2.6464393446710157,3,0,https://techcrunch.com/products,0
29,6,7,2,0,0,3,0,0,0,0,0,0,0,1,1,0,0,0,1,3.9523029776623857,2.2516291673878226,3,0,https://www.medium.com/search,0
26,6,8,1,0,0,3,0,0,0,0,0,0,0,1,0,0,0,0,0,4.026986833359287,2.584962500721156,3,0,https://apnews.com/privacy,0
18,5,1,1,0,0,3,0,0,0,0,0,0,0,1,0,0,0,0,0,3.57243125132212,2.321928094887362,3,0,https://slack.com/,0
27,6,9,1,0,0,3,0,0,0,0,0,0,0,1,0,0,0,0,0,3.7504647066537,2.2516291673878226,3,0,https://target.com/features,0
31,6,9,2,0,0,3,0,0,0,0,0,0,0,1,1,0,0,1,1,4.018081793978686,2.2516291673878226,3,0,https://www.amazon.com/features,0
26,5,5,2,0,0,3,0,0,0,0,0,0,0,1,1,0,0,0,1,3.8441065448145384,2.321928094887362,3,0,https://www.quora.com/team,0
26,6,8,1,0,0,3,0,0,0,0,0,0,0,1,0,0,0,0,0,3.7192945256669794,2.2516291673878226,3,0,https://airbnb.com/contact,0
31,8,7,2,0,0,3,0,0,0,0,0,0,0,1,1,0,0,0,1,3.953565664946428,2.75,3,0,https://www.facebook.com/search,0
32,6,10,2,0,0,3,0,0,0,0,0,0,0,1,1,0,0,0,1,4.003928031846025,2.2516291673878226,3,0,https://www.target.com/community,0
31,8,7,2,0,0,3,0,0,0,0,0,0,0,1,1,0,0,0,1,3.784368487596862,2.75,3,0,https://www.coursera.org/search,0
29,12,5,1,0,0,3,0,0,0,0,0,0,0,1,0,0,0,0,0,4.0472990984266435,3.2516291673878226,3,0,https://digitalocean.com/news,0
34,13,9,1,0,0,3,0,0,0,0,0,0,0,1,0,0,0,0,0,4.0796786498829745,3.546593564294939,3,0,https://stackoverflow.com/products,0
26,6,5,2,0,0,3,0,0,0,0,0,0,0,1,1,0,0,0,1,3.455650180579543,2.2516291673878226,2,0,https://www.twitch.tv/docs,0
32,7,9,2,0,0,3,0,0,0,0,0,0,0,1,1,0,0,0,1,4.093139062229566,2.5216406363433186,3,0,https://www.dropbox.com/features,0
32,10,10,1,0,0,3,0,0,0,0,0,0,0,1,0,0,0,0,0,3.7806390622295662,2.6464393446710157,3,0,https://techcrunch.com/solutions,0
29,8,9,1,0,0,3,0,0,0,0,0,0,0,1,0,0,0,0,0,3.7193758224153695,2.75,3,0,https://coursera.org/features,0
24,6,6,1,0,0,3,0,0,0,0,0,0,0,1,0,0,0,1,0,3.709147917027245,2.2516291673878226,3,0,https://amazon.com/about,0
28,7,5,2,0,0,3,0,0,0,0,0,0,0,1,1,0,0,0,1,3.91379956460568,2.5216406363433186,3,0,https://www.bestbuy.com/blog,0
31,7,8,2,0,0,3,0,0,0,0,0,0,0,1,1,0,0,0,1,3.929214455199219,2.8073549220576046,3,0,https://www.nytimes.com/careers,0
26,4,6,2,0,0,3,0,0,0,0,0,0,0,1,1,0,0,1,1,3.8441065448145384,2.0,3,0,https://www.ebay.com/press,0
28,7,9,1,0,0,3,0,0,0,0,0,0,0,1,0,0,0,0,0,3.797902689682947,2.5216406363433186,3,0,https://youtube.com/products,0
29,5,8,2,0,0,3,0,0,0,0,0,0,0,1,1,0,0,0,1,3.9093680639438846,2.321928094887362,3,0,https://www.wired.com/pricing,0
24,6,6,1,0,0,3,0,0,0,0,0,0,0,1,0,0,0,0,0,3.8239348962840563,2.2516291673878226,3,0,https://medium.com/about,0
29,5,8,2,0,0,3,0,0,0,0,0,0,0,1,1,0,0,0,1,4.090234012145144,2.321928094887362,3,0,https://www.intel.com/privacy,0
29,6,7,2,0,0,3,0,0,0,0,0,0,0,1,1,0,0,0,1,3.8143719431796272,2.584962500721156,3,0,https://www.oracle.com/search,0
28,6,6,2,0,0,3,0,0,0,0,0,0,0,1,1,0,0,0,1,3.6959472263874704,2.2516291673878226,3,0,https://www.target.com/terms,0
30,4,10,2,0,0,3,0,0,0,0,0,0,0,1,1,0,0,0,1,3.9144093452479405,2.0,3,0,https://www.bing.com/solutions,0
32,6,10,2,0,0,3,0,0,0,0,0,0,0,1,1,0,0,0,1,3.85845859334435,2.2516291673878226,3,0,https://www.reddit.com/resources,0
29,9,4,2,0,0,3,0,0,0,0,0,0,0,1,1,0,0,0,1,3.978333581185264,2.725480556997868,3,0,https://www.pinterest.com/faq,0
23,7,4,1,0,0,3,0,0,0,0,0,0,0,1,0,0,0,0,0,4.023136955868885,2.5216406363433186,3,0,https://booking.com/faq,0
24,7,5,1,0,0,3,0,0,0,0,0,0,0,1,0,0,0,0,0,3.653107168362811,2.128085278891395,3,0,https://twitter.com/help,0
27,6,9,1,0,0,3,0,0,0,0,0,0,0,1,0,0,0,0,0,3.8100810205217304,1.9182958340544896,3,0,https://google.com/products,0
19,6,1,1,0,0,3,0,0,0,0,0,0,0,1,0,0,0,1,0,3.576617644908666,2.2516291673878226,3,0,https://amazon.com/,0
29,3,10,2,0,0,3,0,0,0,0,0,0,0,1,1,0,0,0,1,3.83127625337525,0.9182958340544896,3,0,https://www.bbc.com/community,0
30,13,5,1,0,0,3,0,0,0,0,0,0,0,1,0,0,0,0,0,4.123231428797621,3.546593564294939,3,0,https://stackoverflow.com/blog,0
25,7,6,1,0,0,3,0,0,0,0,0,0,0,1,0,0,0,0,0,3.6732696895151085,2.8073549220576046,3,0,https://spotify.com/press,0
25,7,6,1,0,0,3,0,0,0,0,0,0,0,1,0,0,0,0,0,3.733660689688186,2.2359263506290326,3,0,https://reuters.com/about,0
26,7,7,1,0,0,3,0,0,0,0,0,0,0,1,0,0,0,0,0,3.8441065448145384,2.8073549220576046,3,0,https://shopify.com/search,0
27,5,10,1,0,0,3,0,0,0,0,0,0,0,1,0,0,0,0,0,3.9302703722934536,2.321928094887362,3,0,https://adobe.com/solutions,0
33,7,10,2,0,0,3,0,0,0,0,0,0,0,1,1,0,0,0,1,3.8997141947882312,2.5216406363433186,3,0,https://www.youtube.com/community,0
25,5,8,1,0,0,3,0,0,0,0,0,0,0,1,0,0,0,0,0,4.053660689688186,2.321928094887362,3,0,https://udemy.com/pricing,0
25,6,7,1,0,0,3,0,0,0,0,0,0,0,1,0,0,0,0,0,3.7834651896016473,2.2516291673878226,3,0,https://reddit.com/events,0
31,8,7,2,0,0,3,0,0,0,0,0,0,0,1,1,0,0,0,1,3.993730584231477,2.75,3,0,https://www.facebook.com/events,0
27,5,6,2,0,0,3,0,0,0,0,0,0,0,1,1,0,0,0,1,3.8100810205217304,2.321928094887362,3,0,https://www.intel.com/terms,0
22,5,5,1,0,0,3,0,0,0,0,0,0,0,1,0,0,0,0,0,3.936260027531527,2.321928094887362,3,0,https://quora.com/blog,0
23,6,5,1,0,0,3,0,0,0,0,0,0,0,1,0,0,0,0,0,3.642489673166126,2.584962500721156,3,0,https://stripe.com/docs,0
21,6,4,1,0,0,3,0,0,0,0,0,0,0,1,0,0,0,0,0,3.327339900083509,2.2516291673878226,2,0,https://twitch.tv/api,0
25,8,1,2,0,0,3,0,0,0,0,0,0,0,1,1,0,0,0,1,3.7230741894285697,2.4056390622295662,3,0,https://www.theverge.com/,0
31,6,9,2,0,0,3,0,0,0,0,0,0,0,1,1,0,0,0,1,3.977916874693636,2.2516291673878226,3,0,https://www.reddit.com/features,0
32,7,9,2,0,0,3,0,0,0,0,0,0,0,1,1,0,0,0,1,3.79595859334435,2.2359263506290326,3,0,https://www.harvard.edu/features,0
22,5,5,1,0,0,3,0,0,0,0,0,0,0,1,0,0,0,0,0,3.7887549139935035,2.321928094887362,3,0,https://slack.com/blog,0
29,8,5,2,0,0,3,0,0,0,0,0,0,0,1,1,0,0,0,1,3.8833374604210062,2.75,3,0,https://www.coursera.org/help,0
23,7,4,1,0,0,3,0,0,0,0,0,0,0,1,0,0,0,0,0,3.7622673906514943,2.8073549220576046,3,0,https://spotify.com/faq,0
24,5,7,1,0,0,3,0,0,0,0,0,0,0,1,0,0,0,0,0,3.9072682296173893,2.321928094887362,3,0,https://wired.com/events,0
26,6,4,2,0,0,3,0,0,0,0,0,0,0,1,1,0,0,1,1,3.8441065448145384,2.2516291673878226,3,0,https://www.amazon.com/faq,0
29,5,8,2,0,0,3,0,0,0,0,0,0,0,1,1,0,0,1,1,3.8833374604210062,2.321928094887362,3,0,https://www.intel.com/support,0
27,5,6,2,0,0,3,0,0,0,0,0,0,0,1,1,0,0,0,1,3.8561962982193796,2.321928094887362,3,0,https://www.quora.com/terms,0
27,7,8,1,0,0,3,0,0,0,0,0,0,0,1,0,0,0,0,0,4.032303242743953,2.5216406363433186,3,0,https://bestbuy.com/pricing,0
27,6,9,1,0,0,3,0,0,0,0,0,0,0,1,0,0,0,0,0,3.9582291686698783,2.2516291673878226,3,0,https://airbnb.com/products,0
20,4,5,1,0,0,3,0,0,0,0,0,0,0,1,0,0,0,0,0,3.6464393446710157,1.5,2,0,https://zoom.us/blog,0
27,9,6,1,0,0,3,0,0,0,0,0,0,0,1,0,0,0,1,0,3.6060152796207325,2.94770277922009,3,0,https://microsoft.com/terms,0
26,7,7,1,0,0,3,0,0,0,0,0,0,0,1,0,0,0,0,0,3.921029621737615,2.5216406363433186,3,0,https://dropbox.com/events,0
24,6,6,1,0,0,3,0,0,0,0,0,0,0,1,0,0,0,0,0,3.4906015629507228,2.584962500721156,3,0,https://stripe.com/press,0
26,6,8,1,0,0,3,0,0,0,0,0,0,0,1,0,0,0,0,0,3.921029621737615,2.2516291673878226,3,0,https://medium.com/pricing,0
25,6,7,1,0,0,3,0,0,0,0,0,0,0,1,0,0,0,0,0,3.7034651896016477,2.584962500721156,3,0,https://oracle.com/search,0
35,9,10,2,0,0,3,0,0,0,0,0,0,0,1,1,0,0,1,1,3.8645783739023836,2.94770277922009,3,0,https://www.microsoft.com/community,0
27,9,6,1,0,0,3,0,0,0,0,0,0,0,1,0,0,0,0,0,3.5599000019230833,2.725480556997868,3,0,https://pinterest.com/press,0
24,6,6,1,0,0,3,0,0,0,0,0,0,0,1,0,0,0,0,0,3.636842188131012,2.2516291673878226,3,0,https://reddit.com/terms,0
26,3,7,2,0,0,3,0,0,0,0,0,0,0,1,1,0,0,0,1,3.690260390968384,1.584962500721156,3,0,https://www.mit.edu/events,0
22,6,4,1,0,0,3,0,0,0,0,0,0,0,1,0,0,0,0,0,3.788754913993503,2.2516291673878226,3,0,https://target.com/faq,0
31,10,9,1,0,0,3,0,0,0,0,0,0,0,1,0,0,0,0,0,3.808719697344071,2.9219280948873623,3,0,https://salesforce.com/features,0
31,7,8,2,0,0,3,0,0,0,0,0,0,0,1,1,0,0,0,1,3.667928472292449,2.128085278891395,3,0,https://www.twitter.com/careers,0
31,6,9,2,0,0,3,0,0,0,0,0,0,0,1,1,0,0,1,1,3.953565664946428,2.2516291673878226,3,0,https://www.amazon.com/products,0
28,10,6,1,0,0,3,0,0,0,0,0,0,0,1,0,0,0,0,0,3.7264741182543752,2.9219280948873623,3,0,https://salesforce.com/terms,0
32,6,10,2,0,0,3,0,0,0,0,0,0,0,1,1,0,0,0,1,3.827819531114783,2.584962500721156,3,0,https://www.apnews.com/resources,0
31,5,10,2,0,0,3,0,0,0,0,0,0,0,1,1,0,0,0,1,3.929214455199219,2.321928094887362,3,0,https://www.adobe.com/resources,0
29,8,5,2,0,0,3,0,0,0,0,0,0,0,1,1,0,0,0,1,3.8143719431796272,3.0,3,0,https://www.stanford.edu/news,0
32,7,9,2,0,0,3,0,0,0,0,0,0,0,1,1,0,0,0,1,3.7806390622295662,2.2359263506290326,3,0,https://www.reuters.com/services,0
32,6,10,2,0,0,3,0,0,0,0,0,0,0,1,1,0,0,0,1,3.9681390622295662,2.2516291673878226,3,0,https://www.reddit.com/solutions,0
28,6,6,2,0,0,3,0,0,0,0,0,0,0,1,1,0,0,0,1,3.91379956460568,2.2516291673878226,3,0,https://www.medium.com/about,0
27,7,8,1,0,0,3,0,0,0,0,0,0,0,1,0,0,0,0,0,3.542700244637522,2.128085278891395,3,0,https://outlook.com/contact,0
32,6,10,2,0,0,3,0,0,0,0,0,0,0,1,1,0,0,0,1,3.9292292966721747,2.584962500721156,3,0,https://www.github.com/community,0
28,7,5,2,0,0,3,0,0,0,0,0,0,0,1,1,0,0,0,1,4.012188403968661,2.5216406363433186,3,0,https://www.booking.com/help,0
29,10,7,1,0,0,3,0,0,0,0,0,0,0,1,0,0,0,0,0,3.935398667466763,2.5219280948873624,3,0,https://duckduckgo.com/search,0
26,6,8,1,0,0,3,0,0,0,0,0,0,0,1,0,0,0,0,0,3.9021748142117283,2.2516291673878226,3,0,https://nvidia.com/pricing,0
28,3,9,2,0,0,3,0,0,0,0,0,0,0,1,1,0,0,0,1,3.8248629576173565,0.9182958340544896,3,0,https://www.bbc.com/download,0
26,4,6,2,0,0,3,0,0,0,0,0,0,0,1,1,0,0,0,1,3.6612262562697895,2.0,3,0,https://www.cnet.com/press,0
33,9,8,2,0,0,3,0,0,0,0,0,0,0,1,1,0,0,1,1,3.9603202553942918,2.94770277922009,3,0,https://www.microsoft.com/privacy,0
31,7,8,2,0,0,3,0,0,0,0,0,0,0,1,1,0,0,1,1,3.7600172778496534,2.8073549220576046,3,0,https://www.spotify.com/support,0
25,7,6,1,0,0,3,0,0,0,0,0,0,0,1,0,0,0,0,0,3.6732696895151085,2.8073549220576046,3,0,https://nytimes.com/terms,0
27,10,5,1,0,0,3,0,0,0,0,0,0,0,1,0,0,0,0,0,3.9582291686698783,3.1219280948873624,3,0,https://cloudflare.com/team,0
25,5,8,1,0,0,3,0,0,0,0,0,0,0,1,0,0,0,2,0,3.6390795706241748,1.9219280948873623,3,0,https://apple.com/support,0
23,6,5,1,0,0,3,0,0,0,0,0,0,0,1,0,0,0,0,0,3.8492239123906247,2.584962500721156,3,0,https://oracle.com/blog,0
31,7,8,2,0,0,3,0,0,0,0,0,0,0,1,1,0,0,0,1,3.953565664946428,2.2359263506290326,3,0,https://www.harvard.edu/privacy,0
34,13,5,2,0,0,3,0,0,0,0,0,0,0,1,1,0,0,0,1,4.02085512047121,3.546593564294939,3,0,https://www.stackoverflow.com/help,0
29,8,5,2,0,0,3,0,0,0,0,0,0,0,1,1,0,0,0,1,4.090234012145144,3.0,3,0,https://www.stanford.edu/blog,0
27,8,7,1,0,0,3,0,0,0,0,0,0,0,1,0,0,0,0,0,3.80027870546653,2.75,3,0,https://coursera.org/events,0
28,8,8,1,0,0,3,0,0,0,0,0,0,0,1,0,0,0,0,0,3.6689869584530608,2.4056390622295662,3,0,https://theverge.com/careers,0
26,4,6,2,0,0,3,0,0,0,0,0,0,0,1,1,0,0,0,1,3.8150724101159432,1.5,3,0,https://www.nasa.gov/terms,0
34,8,10,2,0,0,3,0,0,0,0,0,0,0,1,1,0,0,0,1,4.094097032108653,2.75,3,0,https://www.coursera.org/community,0
24,7,5,1,0,0,3,0,0,0,0,0,0,0,1,0,0,0,0,0,3.653107168362811,2.128085278891395,3,0,https://twitter.com/news,0
25,7,6,1,0,0,3,0,0,0,0,0,0,0,1,0,0,0,0,0,3.733660689688186,2.5216406363433186,3,0,https://youtube.com/terms,0
28,6,6,2,0,0,3,0,0,0,0,0,0,0,1,1,0,0,0,1,3.7264741182543752,2.584962500721156,3,0,https://www.apnews.com/terms,0
37,12,9,2,0,0,3,0,0,0,0,0,0,0,1,1,0,0,0,1,4.208924987016683,3.2516291673878226,3,0,https://www.digitalocean.com/features,0
25,4,5,2,0,0,3,0,0,0,0,0,0,0,1,1,0,0,0,1,3.6430741894285696,2.0,3,0,https://www.cnet.com/docs,0
28,10,6,1,0,0,3,0,0,0,0,0,0,0,1,0,0,0,0,0,3.753434386188785,2.6464393446710157,3,0,https://techcrunch.com/about,0
30,7,7,2,0,0,3,0,0,0,0,0,0,0,1,1,0,0,0,1,3.6947396630551763,2.128085278891395,3,0,https://www.twitter.com/search,0
32,6,10,2,0,0,3,0,0,0,0,0,0,0,1,1,0,0,1,1,3.9445488277869583,1.9182958340544896,3,0,https://www.paypal.com/community,0
25,4,10,1,0,0,3,0,0,0,0,0,0,0,1,0,0,0,0,0,3.543465189601647,1.5,2,0,https://zoom.us/solutions,0
37,13,8,2,0,0,3,0,0,0,0,0,0,0,1,1,0,0,1,1,4.013111135723804,3.546593564294939,3,0,https://www.stackoverflow.com/support,0
34,10,8,2,0,0,3,0,0,0,0,0,0,0,1,1,0,0,0,1,3.7892579739733505,2.6464393446710157,3,0,https://www.techcrunch.com/careers,0
28,10,6,1,0,0,3,0,0,0,0,0,0,0,1,0,0,0,0,0,3.869331261111518,2.5219280948873624,3,0,https://duckduckgo.com/press,0
26,4,10,1,0,0,3,0,0,0,0,0,0,0,1,0,0,0,1,0,3.8441065448145384,2.0,3,0,https://ebay.com/resources,0
27,5,6,2,0,0,3,0,0,0,0,0,0,0,1,1,0,0,0,1,3.8561962982193796,2.321928094887362,3,0,https://www.slack.com/about,0
27,3,8,2,0,0,3,0,0,0,0,0,0,0,1,1,0,0,0,1,4.0043444463675275,1.584962500721156,3,0,https://www.mit.edu/privacy,0
23,6,5,1,0,0,3,0,0,0,0,0,0,0,1,0,0,0,0,0,3.642489673166126,2.584962500721156,3,0,https://stripe.com/help,0
26,6,5,2,0,0,3,0,0,0,0,0,0,0,1,1,0,0,0,1,3.609496334425697,2.2516291673878226,2,0,https://www.twitch.tv/blog,0
31,6,9,2,0,0,3,0,0,0,0,0,0,0,1,1,0,0,0,1,4.002268084440845,2.2516291673878226,3,0,https://www.airbnb.com/download,0
33,9,8,2,0,0,3,0,0,0,0,0,0,0,1,1,0,0,1,1,3.8539634370813545,2.94770277922009,3,0,https://www.microsoft.com/careers,0
30,11,7,1,0,0,3,0,0,0,0,0,0,0,1,0,0,0,0,0,4.072905595320056,3.027169118440619,3,0,https://khanacademy.org/events,0
31,5,10,2,0,0,3,0,0,0,0,0,0,0,1,1,0,0,0,1,3.929214455199219,2.321928094887362,3,0,https://www.intel.com/resources,0
28,7,5,2,0,0,3,0,0,0,0,0,0,0,1,1,0,0,0,1,3.869331261111518,2.5216406363433186,3,0,https://www.youtube.com/help,0
31,11,8,1,0,0,3,0,0,0,0,0,0,0,1,0,0,0,0,0,3.711314858355236,3.095795255000934,3,0,https://arstechnica.com/careers,0
24,7,5,1,0,0,3,0,0,0,0,0,0,0,1,0,0,0,0,0,3.8239348962840563,2.5216406363433186,3,0,https://bestbuy.com/blog,0
32,10,10,1,0,0,3,0,0,0,0,0,0,0,1,0,0,0,0,0,4.030639062229566,3.1219280948873624,3,0,https://cloudflare.com/solutions,0
31,6,9,2,0,0,3,0,0,0,0,0,0,0,1,1,0,0,0,1,3.993730584231477,2.2516291673878226,3,0,https://www.medium.com/features,0
30,8,10,1,0,0,3,0,0,0,0,0,0,0,1,0,0,0,0,0,3.872905595320056,2.75,3,0,https://facebook.com/resources,0
34,8,10,2,0,0,3,0,0,0,0,0,0,0,1,1,0,0,0,1,4.068957238806496,2.75,3,0,https://www.facebook.com/solutions,0
27,7,4,2,0,0,3,0,0,0,0,0,0,0,1,1,0,0,0,1,3.7821222241453056,2.5216406363433186,3,0,https://www.walmart.com/faq,0
27,6,9,1,0,0,3,0,0,0,0,0,0,0,1,0,0,0,0,0,3.8561962982193796,2.584962500721156,3,0,https://oracle.com/features,0
32,8,8,2,0,0,3,0,0,0,0,0,0,0,1,1,0,0,1,1,4.093139062229566,2.5,3,0,https://www.linkedin.com/support,0
29,7,10,1,0,0,3,0,0,0,0,0,0,0,1,0,0,0,0,0,3.935398667466763,2.5216406363433186,3,0,https://walmart.com/community,0
31,5,10,2,0,0,3,0,0,0,0,0,0,0,1,1,0,0,0,1,4.058246713263735,2.321928094887362,3,0,https://www.adobe.com/community,0
33,7,10,2,0,0,3,0,0,0,0,0,0,0,1,1,0,0,0,1,3.8848588918890474,2.5216406363433186,3,0,https://www.walmart.com/solutions,0
27,7,8,1,0,0,3,0,0,0,0,0,0,0,1,0,0,0,0,0,4.032303242743953,2.5216406363433186,3,0,https://booking.com/careers,0
33,12,5,2,0,0,3,0,0,0,0,0,0,0,1,1,0,0,0,1,4.028946391954607,3.2516291673878226,3,0,https://www.digitalocean.com/news,0
27,6,5,2,0,0,3,0,0,0,0,0,0,0,1,1,0,0,0,1,3.782122224145305,2.2516291673878226,3,0,https://www.medium.com/docs,0
26,3,7,2,0,0,3,0,0,0,0,0,0,0,1,1,0,0,0,1,3.8441065448145384,1.584962500721156,3,0,https://www.ibm.com/events,0
25,9,4,1,0,0,3,0,0,0,0,0,0,0,1,0,0,0,0,0,3.7834651896016473,2.6416041678685938,3,0,https://wikipedia.org/api,0
31,7,8,2,0,0,3,0,0,0,0,0,0,0,1,1,0,0,0,1,3.953565664946428,2.8073549220576046,3,0,https://www.spotify.com/privacy,0
26,5,9,1,0,0,3,0,0,0,0,0,0,0,1,0,0,0,0,0,3.997952698660692,2.321928094887362,3,0,https://wired.com/download,0
27,7,4,2,0,0,3,0,0,0,0,0,0,0,1,1,0,0,0,1,4.0043444463675275,2.5216406363433186,3,0,https://www.bestbuy.com/faq,0
26,7,7,1,0,0,3,0,0,0,0,0,0,0,1,0,0,0,0,0,3.7671834678914613,2.5216406363433186,3,0,https://walmart.com/search,0
32,7,9,2,0,0,3,0,0,0,0,0,0,0,1,1,0,0,0,1,3.9681390622295662,2.5216406363433186,3,0,https://www.youtube.com/features,0
29,5,8,2,0,0,3,0,0,0,0,0,0,0,1,1,0,0,1,1,3.8573068568981284,2.321928094887362,3,0,https://www.udemy.com/support,0
24,6,6,1,0,0,3,0,0,0,0,0,0,0,1,0,0,0,0,0,3.886842188131012,2.2516291673878226,3,0,https://reddit.com/about,0
29,7,6,2,0,0,3,0,0,0,0,0,0,0,1,1,0,0,0,1,3.53850987421411,2.128085278891395,3,0,https://www.twitter.com/terms,0
32,7,9,2,0,0,3,0,0,0,0,0,0,0,1,1,0,0,0,1,4.054229296672175,2.8073549220576046,3,0,https://www.netflix.com/download,0
32,9,7,2,0,0,3,0,0,0,0,0,0,0,1,1,0,0,0,1,3.9917292966721747,2.94770277922009,3,0,https://www.instagram.com/events,0
31,9,6,2,0,0,3,0,0,0,0,0,0,0,1,1,0,0,0,1,3.6955011488173954,2.725480556997868,3,0,https://www.pinterest.com/press,0
24,7,5,1,0,0,3,0,0,0,0,0,0,0,1,0,0,0,0,0,3.855388542207534,2.8073549220576046,3,0,https://netflix.com/help,0
30,11,7,1,0,0,3,0,0,0,0,0,0,0,1,0,0,0,0,0,3.9898980954642878,3.027169118440619,3,0,https://khanacademy.org/search,0
31,7,8,2,0,0,3,0,0,0,0,0,0,0,1,1,0,0,0,1,3.796960730356965,2.2359263506290326,3,0,https://www.reuters.com/contact,0
26,9,5,1,0,0,3,0,0,0,0,0,0,0,1,0,0,0,0,0,3.8441065448145384,2.94770277922009,3,0,https://instagram.com/docs,0
26,6,8,1,0,0,3,0,0,0,0,0,0,0,1,0,0,0,0,0,3.6423714487439023,1.9182958340544896,3,0,https://google.com/contact,0
30,11,7,1,0,0,3,0,0,0,0,0,0,0,1,0,0,0,0,0,3.8062389286533898,3.095795255000934,3,0,https://arstechnica.com/events,0
26,7,7,1,0,0,3,0,0,0,0,0,0,0,1,0,0,0,0,0,3.7962176025900565,2.5216406363433186,3,0,https://youtube.com/events,0
33,10,7,2,0,0,3,0,0,0,0,0,0,0,1,1,0,0,0,1,4.066677073707229,3.1219280948873624,3,0,https://www.cloudflare.com/search,0
30,6,8,2,0,0,3,0,0,0,0,0,0,0,1,1,0,0,1,1,3.9898980954642878,1.9182958340544896,3,0,https://www.paypal.com/pricing,0
27,6,5,2,0,0,3,0,0,0,0,0,0,0,1,1,0,0,0,1,3.9302703722934536,2.584962500721156,3,0,https://www.stripe.com/blog,0
36,11,9,2,0,0,3,0,0,0,0,0,0,0,1,1,0,0,0,1,4.197159723424149,3.027169118440619,3,0,https://www.khanacademy.org/features,0
31,5,10,2,0,0,3,0,0,0,0,0,0,0,1,1,0,0,0,1,3.6955011488173954,1.9219280948873623,3,0,https://www.cisco.com/solutions,0
24,8,4,1,0,0,3,0,0,0,0,0,0,0,1,0,0,0,0,0,3.7720552088742005,2.75,3,0,https://coursera.org/api,0
27,5,10,1,0,0,3,0,0,0,0,0,0,0,1,0,0,0,0,0,3.828237501842955,2.321928094887362,3,0,https://adobe.com/resources,0
29,8,5,2,0,0,3,0,0,0,0,0,0,0,1,1,0,0,0,1,3.9262723741395074,2.4056390622295662,3,0,https://www.theverge.com/blog,0
28,7,5,2,0,0,3,0,0,0,0,0,0,0,1,1,0,0,0,1,3.8962915290459277,2.5216406363433186,3,0,https://www.booking.com/docs,0
27,10,5,1,0,0,3,0,0,0,0,0,0,0,1,0,0,0,0,0,3.661932872373582,2.6464393446710157,3,0,https://techcrunch.com/help,0
25,3,6,2,0,0,3,0,0,0,0,0,0,0,1,1,0,0,0,1,3.7230741894285697,1.584962500721156,3,0,https://www.ibm.com/terms,0
24,7,5,1,0,0,3,0,0,0,0,0,0,0,1,0,0,0,0,0,3.6258145836939115,2.8073549220576046,3,0,https://spotify.com/docs,0
38,13,9,2,0,0,3,0,0,0,0,0,0,0,1,1,0,0,0,1,4.0632025132158525,3.546593564294939,3,0,https://www.stackoverflow.com/features,0
26,9,5,1,0,0,3,0,0,0,0,0,0,0,1,0,0,0,0,0,3.95006375643621,2.94770277922009,3,0,https://instagram.com/blog,0
29,4,9,2,0,0,3,0,0,0,0,0,0,0,1,1,0,0,0,1,4.021268494903765,2.0,3,0,https://www.bing.com/products,0
25,4,9,1,0,0,3,0,0,0,0,0,0,0,1,0,0,0,0,0,3.7834651896016473,2.0,3,0,https://cnet.com/features,0
25,4,5,2,0,0,3,0,0,0,0,0,0,0,1,1,0,0,0,1,3.8332696895151086,2.0,3,0,https://www.cnet.com/blog,0
25,8,5,1,0,0,3,0,0,0,0,0,0,0,1,0,0,0,0,0,3.8634651896016474,2.75,3,0,https://facebook.com/help,0
30,4,10,2,0,0,3,0,0,0,0,0,0,0,1,1,0,0,0,1,3.8062389286533898,1.5,3,0,https://www.nasa.gov/solutions,0
32,7,9,2,0,0,3,0,0,0,0,0,0,0,1,1,0,0,0,1,3.7806390622295662,2.128085278891395,3,0,https://www.twitter.com/features,0
32,11,9,1,0,0,3,0,0,0,0,0,0,0,1,0,0,0,0,0,4.132048827786958,3.277613436819116,3,0,https://theguardian.com/download,0
28,6,6,2,0,0,3,0,0,0,0,0,0,0,1,1,0,0,0,1,3.91379956460568,2.584962500721156,3,0,https://www.oracle.com/about,0
30,7,7,2,0,0,3,0,0,0,0,0,0,0,1,1,0,0,0,1,3.939572261986723,2.5216406363433186,3,0,https://www.bestbuy.com/search,0
30,7,7,2,0,0,3,0,0,0,0,0,0,0,1,1,0,0,0,1,3.939572261986723,2.8073549220576046,3,0,https://www.shopify.com/search,0
27,8,7,1,0,0,3,0,0,0,0,0,0,0,1,0,0,0,0,0,3.661932872373582,2.75,3,0,https://coursera.org/search,0
23,6,5,1,0,0,3,0,0,0,0,0,0,0,1,0,0,0,0,0,3.7622673906514943,2.584962500721156,3,0,https://github.com/docs,0
26,7,7,1,0,0,3,0,0,0,0,0,0,0,1,0,0,0,0,0,3.7671834678914613,2.5216406363433186,3,0,https://bestbuy.com/events,0
23,6,5,1,0,0,3,0,0,0,0,0,0,0,1,0,0,0,1,0,3.8492239123906247,2.2516291673878226,3,0,https://amazon.com/blog,0
28,8,8,1,0,0,3,0,0,0,0,0,0,0,1,0,0,0,0,0,3.9407598325400897,2.4056390622295662,3,0,https://theverge.com/privacy,0
31,9,10,1,0,0,3,0,0,0,0,0,0,0,1,0,0,0,0,0,3.993730584231477,2.6416041678685938,3,0,https://wikipedia.org/resources,0
35,10,9,2,0,0,3,0,0,0,0,0,0,0,1,1,0,0,0,1,3.921721231045241,2.9219280948873623,3,0,https://www.salesforce.com/features,0
30,6,9,2,0,0,3,0,0,0,0,0,0,0,1,1,0,0,0,1,3.6314018453921717,2.2516291673878226,2,0,https://www.twitch.tv/products,0
24,4,8,1,0,0,3,0,0,0,0,0,0,0,1,0,0,0,0,0,3.403107168362811,2.0,3,0,https://cnet.com/contact,0
22,4,6,1,0,0,3,0,0,0,0,0,0,0,1,0,0,0,0,0,3.8453509366224363,2.0,3,0,https://bing.com/press,0
26,6,8,1,0,0,3,0,0,0,0,0,0,0,1,0,0,0,1,0,3.8441065448145384,2.2516291673878226,3,0,https://airbnb.com/support,0
24,6,6,1,0,0,3,0,0,0,0,0,0,0,1,0,0,0,1,0,3.709147917027245,1.9182958340544896,3,0,https://paypal.com/about,0
24,6,6,1,0,0,3,0,0,0,0,0,0,0,1,0,0,0,0,0,3.6572682296173893,1.9182958340544896,3,0,https://google.com/press,0
32,11,5,2,0,0,3,0,0,0,0,0,0,0,1,1,0,0,0,1,4.093139062229566,3.095795255000934,3,0,https://www.arstechnica.com/blog,0
30,7,7,2,0,0,3,0,0,0,0,0,0,0,1,1,0,0,0,1,3.964735178725505,2.5216406363433186,3,0,https://www.dropbox.com/search,0
24,7,5,1,0,0,3,0,0,0,0,0,0,0,1,0,0,0,0,0,3.720175521464345,2.8073549220576046,3,0,https://spotify.com/team,0
28,8,4,2,0,0,3,0,0,0,0,0,0,0,1,1,0,0,0,1,3.9407598325400897,2.75,3,0,https://www.facebook.com/api,0
32,7,9,2,0,0,3,0,0,0,0,0,0,0,1,1,0,0,0,1,3.8667292966721747,2.5216406363433186,3,0,https://www.discord.com/services,0
25,6,7,1,0,0,3,0,0,0,0,0,0,0,1,0,0,0,1,0,3.7532696895151085,1.9182958340544896,3,0,https://paypal.com/search,0
27,6,9,1,0,0,3,0,0,0,0,0,0,0,1,0,0,0,0,0,3.828237501842955,1.9182958340544896,3,0,https://google.com/services,0
29,9,4,2,0,0,3,0,0,0,0,0,0,0,1,1,0,0,0,1,3.771437029461126,2.6416041678685938,3,0,https://www.wikipedia.org/api,0
27,7,8,1,0,0,3,0,0,0,0,0,0,0,1,0,0,0,0,0,3.8561962982193796,2.8073549220576046,3,0,https://spotify.com/careers,0
29,9,8,1,0,0,3,0,0,0,0,0,0,0,1,0,0,0,1,0,3.6469666682736497,2.725480556997868,3,0,https://pinterest.com/support,0
28,5,7,2,0,0,3,0,0,0,0,0,0,0,1,1,0,0,0,1,3.797902689682947,2.321928094887362,3,0,https://www.intel.com/events,0
28,11,5,1,0,0,3,0,0,0,0,0,0,0,1,0,0,0,0,0,3.8423709931771084,3.095795255000934,3,0,https://arstechnica.com/news,0
24,3,5,2,0,0,3,0,0,0,0,0,0,0,1,1,0,0,0,1,3.6572682296173893,0.9182958340544896,3,0,https://www.bbc.com/blog,0
27,7,8,1,0,0,3,0,0,0,0,0,0,0,1,0,0,0,1,0,3.6800893536948065,2.8073549220576046,3,0,https://shopify.com/support,0
25,7,6,1,0,0,3,0,0,0,0,0,0,0,1,0,0,0,0,0,3.653660689688186,2.128085278891395,3,0,https://outlook.com/terms,0
37,11,10,2,0,0,3,0,0,0,0,0,0,0,1,1,0,0,0,1,4.154870932962629,3.277613436819116,3,0,https://www.theguardian.com/solutions,0
20,7,1,1,0,0,3,0,0,0,0,0,0,0,1,0,0,0,0,0,3.584183719779189,2.2359263506290326,3,0,https://harvard.edu/,0
28,6,10,1,0,0,3,0,0,0,0,0,0,0,1,0,0,0,0,0,3.797902689682947,2.584962500721156,3,0,https://github.com/solutions,0
28,8,8,1,0,0,3,0,0,0,0,0,0,0,1,0,0,0,1,0,3.601125010956985,2.75,3,0,https://coursera.org/support,0
28,7,9,1,0,0,3,0,0,0,0,0,0,0,1,0,0,0,0,0,3.9407598325400897,2.8073549220576046,3,0,https://shopify.com/features,0
25,4,5,2,0,0,3,0,0,0,0,0,0,0,1,1,0,0,0,1,3.9132696895151087,2.0,3,0,https://www.bing.com/team,0
33,11,10,1,0,0,3,0,0,0,0,0,0,0,1,0,0,0,0,0,4.081532376606413,3.027169118440619,3,0,https://khanacademy.org/resources,0
27,6,5,2,0,0,3,0,0,0,0,0,0,0,1,1,0,0,0,1,4.032303242743953,2.2516291673878226,3,0,https://www.airbnb.com/help,0
32,9,7,2,0,0,3,0,0,0,0,0,0,0,1,1,0,0,0,1,3.7539280318460246,2.725480556997868,3,0,https://www.pinterest.com/events,0
37,11,10,2,0,0,3,0,0,0,0,0,0,0,1,1,0,0,0,1,4.276228365278118,3.027169118440619,3,0,https://www.khanacademy.org/solutions,0
34,9,9,2,0,0,3,0,0,0,0,0,0,0,1,1,0,0,1,1,3.8588029144615943,2.94770277922009,3,0,https://www.microsoft.com/services,0
24,7,5,1,0,0,3,0,0,0,0,0,0,0,1,0,0,0,0,0,3.636842188131012,2.5216406363433186,3,0,https://dropbox.com/docs,0
24,5,7,1,0,0,3,0,0,0,0,0,0,0,1,0,0,0,1,0,3.709147917027245,1.9219280948873623,3,0,https://apple.com/events,0
23,7,4,1,0,0,3,0,0,0,0,0,0,0,1,0,0,0,0,0,3.675310868912364,2.2359263506290326,3,0,https://harvard.edu/api,0
34,9,9,2,0,0,3,0,0,0,0,0,0,0,1,1,0,0,1,1,3.9368917977572884,2.94770277922009,3,0,https://www.microsoft.com/download,0
28,9,7,1,0,0,3,0,0,0,0,0,0,0,1,0,0,0,0,0,3.9677201004744993,2.6416041678685938,3,0,https://wikipedia.org/search,0
34,9,9,2,0,0,3,0,0,0,0,0,0,0,1,1,0,0,0,1,3.9620315910594455,2.6416041678685938,3,0,https://www.wikipedia.org/services,0
28,10,6,1,0,0,3,0,0,0,0,0,0,0,1,0,0,0,0,0,3.610577243331642,2.6464393446710157,3,0,https://techcrunch.com/terms,0
34,10,8,2,0,0,3,0,0,0,0,0,0,0,1,1,0,0,0,1,4.035273502696889,3.1219280948873624,3,0,https://www.cloudflare.com/careers,0
24,4,4,2,0,0,3,0,0,0,0,0,0,0,1,1,0,0,0,1,3.855388542207534,2.0,3,0,https://www.bing.com/api,0
24,7,1,2,0,0,3,0,0,0,0,0,0,0,1,1,0,0,0,1,3.688721875540867,2.8073549220576046,3,0,https://www.shopify.com/,0
27,6,5,2,0,0,3,0,0,0,0,0,0,0,1,1,0,0,0,1,3.7080481500712312,1.9182958340544896,3,0,https://www.google.com/help,0
32,7,9,2,0,0,3,0,0,0,0,0,0,0,1,1,0,0,0,1,3.8820488277869583,2.2359263506290326,3,0,https://www.harvard.edu/products,0
33,9,8,2,0,0,3,0,0,0,0,0,0,0,1,1,0,0,0,1,3.8132065289617665,2.94770277922009,3,0,https://www.instagram.com/contact,0
29,7,6,2,0,0,3,0,0,0,0,0,0,0,1,1,0,0,0,1,3.8573068568981284,2.5216406363433186,3,0,https://www.youtube.com/press,0
33,10,7,2,0,0,3,0,0,0,0,0,0,0,1,1,0,0,0,1,3.8013774524295485,2.6464393446710157,3,0,https://www.techcrunch.com/events,0
23,6,5,1,0,0,3,0,0,0,0,0,0,0,1,0,0,0,0,0,3.8820451081368623,2.2516291673878226,3,0,https://airbnb.com/docs,0
27,5,10,1,0,0,3,0,0,0,0,0,0,0,1,0,0,0,0,0,3.8100810205217304,2.321928094887362,3,0,https://udemy.com/community,0
32,10,10,1,0,0,3,0,0,0,0,0,0,0,1,0,0,0,0,0,3.8820488277869583,2.5219280948873624,3,0,https://duckduckgo.com/community,0
23,6,5,1,0,0,3,0,0,0,0,0,0,0,1,0,0,0,0,0,3.729446194905256,2.584962500721156,3,0,https://oracle.com/docs,0
23,5,6,1,0,0,3,0,0,0,0,0,0,0,1,0,0,0,0,0,3.7622673906514943,2.321928094887362,3,0,https://adobe.com/press,0
32,9,7,2,0,0,3,0,0,0,0,0,0,0,1,1,0,0,0,1,3.9445488277869583,2.94770277922009,3,0,https://www.instagram.com/search,0
29,3,10,2,0,0,3,0,0,0,0,0,0,0,1,1,0,0,0,1,3.83127625337525,0.9182958340544896,3,0,https://www.bbc.com/solutions,0
29,6,7,2,0,0,3,0,0,0,0,0,0,0,1,1,0,0,0,1,3.8833374604210062,1.9182958340544896,3,0,https://www.google.com/search,0
34,10,8,2,0,0,3,0,0,0,0,0,0,0,1,1,0,0,0,1,3.8924866505712017,2.6464393446710157,3,0,https://www.techcrunch.com/pricing,0
30,6,8,2,0,0,3,0,0,0,0,0,0,0,1,1,0,0,1,1,4.031401845392172,2.2516291673878226,3,0,https://www.amazon.com/privacy,0
33,7,10,2,0,0,3,0,0,0,0,0,0,0,1,1,0,0,0,1,4.066677073707229,2.5216406363433186,3,0,https://www.booking.com/resources,0
24,6,6,1,0,0,3,0,0,0,0,0,0,0,1,0,0,0,0,0,3.8035088547976783,2.584962500721156,3,0,https://stripe.com/about,0
23,3,8,1,0,0,3,0,0,0,0,0,0,0,1,0,0,0,0,0,3.729446194905256,1.584962500721156,3,0,https://mit.edu/careers,0
29,5,8,2,0,0,3,0,0,0,0,0,0,0,1,1,0,0,1,1,3.83127625337525,2.321928094887362,3,0,https://www.slack.com/support,0
21,5,4,1,0,0,3,0,0,0,0,0,0,0,1,0,0,0,0,0,3.9754180179138334,2.321928094887362,3,0,https://udemy.com/faq,0
28,6,10,1,0,0,3,0,0,0,0,0,0,0,1,0,0,0,1,0,3.815410725242699,1.9182958340544896,3,0,https://paypal.com/solutions,0
28,7,9,1,0,0,3,0,0,0,0,0,0,0,1,0,0,0,0,0,4.012188403968661,2.8073549220576046,3,0,https://nytimes.com/download,0
25,7,6,1,0,0,3,0,0,0,0,0,0,0,1,0,0,0,0,0,3.9132696895151087,2.8073549220576046,3,0,https://netflix.com/press,0
30,6,8,2,0,0,3,0,0,0,0,0,0,0,1,1,0,0,0,1,3.847742678581274,2.2516291673878226,3,0,https://www.reddit.com/careers,0
28,10,6,1,0,0,3,0,0,0,0,0,0,0,1,0,0,0,0,0,3.6280852788913944,2.6464393446710157,3,0,https://techcrunch.com/press,0
28,4,8,2,0,0,3,0,0,0,0,0,0,0,1,1,0,0,1,1,3.91379956460568,2.0,3,0,https://www.bing.com/support,0
28,6,10,1,0,0,3,0,0,0,0,0,0,0,1,0,0,0,1,0,3.797902689682947,2.2516291673878226,3,0,https://amazon.com/community,0
30,9,5,2,0,0,3,0,0,0,0,0,0,0,1,1,0,0,0,1,4.031401845392172,2.94770277922009,3,0,https://www.instagram.com/help,0
39,13,10,2,0,0,3,0,0,0,0,0,0,0,1,1,0,0,0,1,4.09656816818019,3.546593564294939,3,0,https://www.stackoverflow.com/solutions,0
25,4,9,1,0,0,3,0,0,0,0,0,0,0,1,0,0,0,0,0,3.80307418942857,2.0,3,0,https://espn.com/features,0
28,6,10,1,0,0,3,0,0,0,0,0,0,0,1,0,0,0,0,0,3.740415529881632,1.9182958340544896,3,0,https://google.com/solutions,0
24,7,5,1,0,0,3,0,0,0,0,0,0,0,1,0,0,0,0,0,3.7406015629507228,2.8073549220576046,3,0,https://nytimes.com/docs,0
29,9,4,2,0,0,3,0,0,0,0,0,0,0,1,1,0,0,0,1,3.9093680639438846,2.725480556997868,3,0,https://www.wordpress.com/faq,0
29,7,10,1,0,0,3,0,0,0,0,0,0,0,1,0,0,0,0,0,3.83127625337525,2.5216406363433186,3,0,https://discord.com/community,0
32,7,9,2,0,0,3,0,0,0,0,0,0,0,1,1,0,0,0,1,4.069548827786958,2.8073549220576046,3,0,https://www.netflix.com/services,0
29,11,6,1,0,0,3,0,0,0,0,0,0,0,1,0,0,0,0,0,3.8833374604210062,3.095795255000934,3,0,https://arstechnica.com/about,0
25,7,6,1,0,0,3,0,0,0,0,0,0,0,1,0,0,0,0,0,3.6732696895151085,2.128085278891395,3,0,https://outlook.com/press,0
33,10,7,2,0,0,3,0,0,0,0,0,0,0,1,1,0,0,0,1,3.861983513035609,2.9219280948873623,3,0,https://www.salesforce.com/search,0
25,8,5,1,0,0,3,0,0,0,0,0,0,0,1,0,0,0,0,0,3.7834651896016473,2.75,3,0,https://facebook.com/docs,0
27,4,7,2,0,0,3,0,0,0,0,0,0,0,1,1,0,0,0,1,3.6800893536948065,1.5,3,0,https://www.nasa.gov/events,0
35,10,9,2,0,0,3,0,0,0,0,0,0,0,1,1,0,0,0,1,3.9432894453927685,2.5219280948873624,3,0,https://www.duckduckgo.com/download,0
25,7,6,1,0,0,3,0,0,0,0,0,0,0,1,0,0,0,0,0,3.593269689515109,2.2359263506290326,3,0,https://harvard.edu/press,0
23,6,5,1,0,0,3,0,0,0,0,0,0,0,1,0,0,0,0,0,3.7081320646586016,2.2516291673878226,3,0,https://target.com/help,0
24,7,1,2,0,0,3,0,0,0,0,0,0,0,1,1,0,0,0,1,3.7406015629507228,2.5216406363433186,3,0,https://www.dropbox.com/,0
28,6,6,2,0,0,3,0,0,0,0,0,0,0,1,1,0,0,0,1,3.6820058147602137,2.584962500721156,3,0,https://www.apnews.com/press,0
30,8,6,2,0,0,3,0,0,0,0,0,0,0,1,1,0,0,0,1,3.831401845392172,3.0,3,0,https://www.stanford.edu/press,0
33,8,9,2,0,0,3,0,0,0,0,0,0,0,1,1,0,0,0,1,4.12728313431329,2.5,3,0,https://www.linkedin.com/products,0
28,4,8,2,0,0,3,0,0,0,0,0,0,0,1,1,0,0,0,1,4.110577243331642,2.0,3,0,https://www.bing.com/privacy,0
27,6,5,2,0,0,3,0,0,0,0,0,0,0,1,1,0,0,0,1,4.0043444463675275,2.2516291673878226,3,0,https://www.reddit.com/blog,0
25,6,4,2,0,0,3,0,0,0,0,0,0,0,1,1,0,0,0,1,3.5092750707107134,2.2516291673878226,2,0,https://www.twitch.tv/faq,0
23,6,5,1,0,0,3,0,0,0,0,0,0,0,1,0,0,0,0,0,3.675310868912364,2.584962500721156,3,0,https://oracle.com/team,0
24,4,5,2,0,0,3,0,0,0,0,0,0,0,1,1,0,0,0,1,3.688721875540867,1.5,2,0,https://www.zoom.us/help,0
20,4,4,1,0,0,3,0,0,0,0,0,0,0,1,0,0,0,0,0,3.6464393446710157,2.0,3,0,https://espn.com/api,0
26,9,5,1,0,0,3,0,0,0,0,0,0,0,1,0,0,0,0,0,3.7671834678914613,2.725480556997868,3,0,https://wordpress.com/team,0
27,7,8,1,0,0,3,0,0,0,0,0,0,0,1,0,0,0,0,0,3.7541634277688805,2.5216406363433186,3,0,https://walmart.com/careers,0
31,9,10,1,0,0,3,0,0,0,0,0,0,0,1,0,0,0,0,0,3.7567958110719157,2.725480556997868,3,0,https://pinterest.com/solutions,0
38,12,10,2,0,0,3,0,0,0,0,0,0,0,1,1,0,0,0,1,4.1615008683082095,3.2516291673878226,3,0,https://www.digitalocean.com/resources,0
31,7,8,2,0,0,3,0,0,0,0,0,0,0,1,1,0,0,0,1,3.977916874693636,2.8073549220576046,3,0,https://www.shopify.com/privacy,0
28,9,7,1,0,0,3,0,0,0,0,0,0,0,1,0,0,0,0,0,3.8423709931771084,2.94770277922009,3,0,https://instagram.com/search,0
27,7,8,1,0,0,3,0,0,0,0,0,0,0,1,0,0,0,1,0,3.5319412055466586,2.2359263506290326,3,0,https://reuters.com/support,0
30,7,7,2,0,0,3,0,0,0,0,0,0,0,1,1,0,0,0,1,3.872905595320056,2.5216406363433186,3,0,https://www.bestbuy.com/events,0
30,5,9,2,0,0,3,0,0,0,0,0,0,0,1,1,0,0,0,1,4.031401845392172,2.321928094887362,3,0,https://www.quora.com/services,0
32,11,5,2,0,0,3,0,0,0,0,0,0,0,1,1,0,0,0,1,4.077819531114783,3.027169118440619,3,0,https://www.khanacademy.org/news,0
30,6,8,2,0,0,3,0,0,0,0,0,0,0,1,1,0,0,1,1,3.831401845392172,2.2516291673878226,3,0,https://www.reddit.com/support,0
23,10,1,1,0,0,3,0,0,0,0,0,0,0,1,0,0,0,0,0,3.675310868912364,2.5219280948873624,3,0,https://duckduckgo.com/,0
28,7,9,1,0,0,3,0,0,0,0,0,0,0,1,0,0,0,0,0,4.012188403968661,2.5216406363433186,3,0,https://dropbox.com/features,0
32,7,9,2,0,0,3,0,0,0,0,0,0,0,1,1,0,0,0,1,3.9292292966721747,2.8073549220576046,3,0,https://www.spotify.com/services,0
27,3,8,2,0,0,3,0,0,0,0,0,0,0,1,1,0,0,0,1,3.9302703722934536,0.9182958340544896,3,0,https://www.bbc.com/privacy,0
35,9,10,2,0,0,3,0,0,0,0,0,0,0,1,1,0,0,0,1,4.000432302535626,2.94770277922009,3,0,https://www.instagram.com/community,0
29,4,9,2,0,0,3,0,0,0,0,0,0,0,1,1,0,0,0,1,3.8143719431796272,2.0,3,0,https://www.espn.com/services,0
26,9,5,1,0,0,3,0,0,0,0,0,0,0,1,0,0,0,0,0,3.921029621737615,2.6416041678685938,3,0,https://wikipedia.org/help,0
24,4,8,1,0,0,3,0,0,0,0,0,0,0,1,0,0,0,0,0,3.9701755214643453,2.0,3,0,https://bing.com/careers,0
27,5,6,2,0,0,3,0,0,0,0,0,0,0,1,1,0,0,0,1,3.9582291686698783,2.321928094887362,3,0,https://www.intel.com/about,0
26,5,5,2,0,0,3,0,0,0,0,0,0,0,1,1,0,0,0,1,3.7962176025900565,2.321928094887362,3,0,https://www.slack.com/help,0
29,5,8,2,0,0,3,0,0,0,0,0,0,0,1,1,0,0,0,1,3.8833374604210062,1.9219280948873623,3,0,https://www.yahoo.com/privacy,0
28,7,5,2,0,0,3,0,0,0,0,0,0,0,1,1,0,0,0,1,4.039148671903071,2.2359263506290326,3,0,https://www.harvard.edu/blog,0
22,5,5,1,0,0,3,0,0,0,0,0,0,0,1,0,0,0,1,0,3.7544418457133455,1.9219280948873623,3,0,https://apple.com/blog,0
20,4,4,1,0,0,3,0,0,0,0,0,0,0,1,0,0,0,0,0,3.5464393446710156,1.5,3,0,https://nasa.gov/api,0
24,3,5,2,0,0,3,0,0,0,0,0,0,0,1,1,0,0,0,1,3.9072682296173893,1.584962500721156,3,0,https://www.mit.edu/blog,0
25,5,8,1,0,0,3,0,0,0,0,0,0,0,1,0,0,0,0,0,3.8332696895151086,2.321928094887362,3,0,https://intel.com/careers,0
31,7,8,2,0,0,3,0,0,0,0,0,0,0,1,1,0,0,0,1,3.8456631498513825,2.128085278891395,3,0,https://www.twitter.com/privacy,0
26,6,8,1,0,0,3,0,0,0,0,0,0,0,1,0,0,0,0,0,3.657385276650179,2.584962500721156,3,0,https://stripe.com/contact,0
26,9,5,1,0,0,3,0,0,0,0,0,0,0,1,0,0,0,0,0,3.7671834678914613,2.94770277922009,3,0,https://instagram.com/team,0
30,5,9,2,0,0,3,0,0,0,0,0,0,0,1,1,0,0,0,1,3.964735178725505,2.321928094887362,3,0,https://www.udemy.com/download,0
28,7,9,1,0,0,3,0,0,0,0,0,0,0,1,0,0,0,0,0,3.7264741182543752,2.128085278891395,3,0,https://twitter.com/products,0
23,7,4,1,0,0,3,0,0,0,0,0,0,0,1,0,0,0,0,0,3.812060739683088,2.128085278891395,3,0,https://twitter.com/faq,0
25,8,5,1,0,0,3,0,0,0,0,0,0,0,1,0,0,0,0,0,3.6732696895151085,2.4056390622295662,3,0,https://theverge.com/help,0
27,5,10,1,0,0,3,0,0,0,0,0,0,0,1,0,0,0,0,0,3.902311575917029,2.321928094887362,3,0,https://udemy.com/solutions,0
33,11,6,2,0,0,3,0,0,0,0,0,0,0,1,1,0,0,0,1,4.104407755459851,3.277613436819116,3,0,https://www.theguardian.com/press,0
24,7,5,1,0,0,3,0,0,0,0,0,0,0,1,0,0,0,0,0,3.7720552088742005,2.5216406363433186,3,0,https://youtube.com/help,0
26,7,7,1,0,0,3,0,0,0,0,0,0,0,1,0,0,0,0,0,3.6612262562697895,2.2359263506290326,3,0,https://harvard.edu/search,0
23,6,5,1,0,0,3,0,0,0,0,0,0,0,1,0,0,0,0,0,3.6753108689123635,2.2516291673878226,3,0,https://medium.com/team,0
29,9,8,1,0,0,3,0,0,0,0,0,0,0,1,0,0,0,0,0,3.83127625337525,2.94770277922009,3,0,https://instagram.com/careers,0
28,8,8,1,0,0,3,0,0,0,0,0,0,0,1,0,0,0,0,0,3.869331261111518,2.5,3,0,https://linkedin.com/contact,0
28,6,10,1,0,0,3,0,0,0,0,0,0,0,1,0,0,0,0,0,3.869331261111518,2.584962500721156,3,0,https://apnews.com/solutions,0
30,6,8,2,0,0,3,0,0,0,0,0,0,0,1,1,0,0,0,1,3.923231428797621,2.584962500721156,3,0,https://www.apnews.com/pricing,0
27,5,10,1,0,0,3,0,0,0,0,0,0,0,1,0,0,0,0,0,3.736006946447656,1.9219280948873623,3,0,https://yahoo.com/resources,0
30,11,7,1,0,0,3,0,0,0,0,0,0,0,1,0,0,0,0,0,4.0062389286533895,3.277613436819116,3,0,https://theguardian.com/search,0
23,3,4,2,0,0,3,0,0,0,0,0,0,0,1,1,0,0,0,1,3.675310868912364,0.9182958340544896,3,0,https://www.cnn.com/api,0
25,9,4,1,0,0,3,0,0,0,0,0,0,0,1,0,0,0,1,0,3.7532696895151085,2.94770277922009,3,0,https://microsoft.com/faq,0
29,5,8,2,0,0,3,0,0,0,0,0,0,0,1,1,0,0,0,1,3.8833374604210062,2.321928094887362,3,0,https://www.quora.com/careers,0
24,7,5,1,0,0,3,0,0,0,0,0,0,0,1,0,0,0,0,0,3.6572682296173893,2.5216406363433186,3,0,https://walmart.com/team,0
29,5,8,2,0,0,3,0,0,0,0,0,0,0,1,1,0,0,0,1,4.1162646156680225,2.321928094887362,3,0,https://www.adobe.com/privacy,0
25,9,4,1,0,0,3,0,0,0,0,0,0,0,1,0,0,0,0,0,3.9434651896016475,2.725480556997868,3,0,https://wordpress.com/faq,0
26,6,4,2,0,0,3,0,0,0,0,0,0,0,1,1,0,0,0,1,3.873140679513133,2.2516291673878226,3,0,https://www.airbnb.com/api,0
29,5,8,2,0,0,3,0,0,0,0,0,0,0,1,1,0,0,0,1,3.9523029776623857,2.321928094887362,3,0,https://www.udemy.com/careers,0
29,4,10,2,0,0,3,0,0,0,0,0,0,0,1,1,0,0,0,1,3.83127625337525,1.5,2,0,https://www.zoom.us/community,0
30,9,9,1,0,0,3,0,0,0,0,0,0,0,1,0,0,0,0,0,3.9898980954642878,2.725480556997868,3,0,https://pinterest.com/download,0
25,3,10,1,0,0,3,0,0,0,0,0,0,0,1,0,0,0,0,0,3.6732696895151085,0.9182958340544896,3,0,https://cnn.com/resources,0
20,3,1,2,0,0,3,0,0,0,0,0,0,0,1,1,0,0,0,1,3.4464393446710155,0.9182958340544896,3,0,https://www.cnn.com/,0
27,7,8,1,0,0,3,0,0,0,0,0,0,0,1,0,0,0,1,0,3.528242484431478,2.128085278891395,3,0,https://outlook.com/support,0
32,6,10,2,0,0,3,0,0,0,0,0,0,0,1,1,0,0,1,1,3.9056390622295662,2.2516291673878226,3,0,https://www.amazon.com/community,0
37,11,10,2,0,0,3,0,0,0,0,0,0,0,1,1,0,0,0,1,4.013111135723804,3.095795255000934,3,0,https://www.arstechnica.com/community,0
31,9,10,1,0,0,3,0,0,0,0,0,0,0,1,0,0,0,0,0,3.8975870361235376,2.94770277922009,3,0,https://instagram.com/community,0
25,5,8,1,0,0,3,0,0,0,0,0,0,0,1,0,0,0,1,0,3.8936606896881862,1.9219280948873623,3,0,https://apple.com/privacy,0
30,10,8,1,0,0,3,0,0,0,0,0,0,0,1,0,0,0,0,0,4.1898980954642875,3.1219280948873624,3,0,https://cloudflare.com/privacy,0
31,11,8,1,0,0,3,0,0,0,0,0,0,0,1,0,0,0,0,0,3.937751955408587,3.027169118440619,3,0,https://khanacademy.org/contact,0
24,3,5,2,0,0,3,0,0,0,0,0,0,0,1,1,0,0,0,1,3.688721875540867,0.9182958340544896,3,0,https://www.cnn.com/help,0
27,7,4,2,0,0,3,0,0,0,0,0,0,0,1,1,0,0,0,1,3.9302703722934536,2.2359263506290326,3,0,https://www.reuters.com/faq,0
20,3,5,1,0,0,3,0,0,0,0,0,0,0,1,0,0,0,0,0,3.6464393446710157,1.584962500721156,3,0,https://mit.edu/news,0
32,7,9,2,0,0,3,0,0,0,0,0,0,0,1,1,0,0,0,1,4.054229296672175,2.5216406363433186,3,0,https://www.bestbuy.com/download,0
30,8,10,1,0,0,3,0,0,0,0,0,0,0,1,0,0,0,0,0,3.8892464285091584,2.5,3,0,https://linkedin.com/solutions,0
33,11,6,2,0,0,3,0,0,0,0,0,0,0,1,1,0,0,0,1,3.98319563424773,3.095795255000934,3,0,https://www.arstechnica.com/about,0
31,6,10,2,0,0,3,0,0,0,0,0,0,0,1,1,0,0,0,1,3.719852358564604,2.2516291673878226,2,0,https://www.twitch.tv/community,0
33,7,10,2,0,0,3,0,0,0,0,0,0,0,1,1,0,0,0,1,3.930609649595924,2.5216406363433186,3,0,https://www.walmart.com/community,0
24,7,5,1,0,0,3,0,0,0,0,0,0,0,1,0,0,0,0,0,3.7720552088742005,2.5216406363433186,3,0,https://walmart.com/help,0
28,6,10,1,0,0,3,0,0,0,0,0,0,0,1,0,0,0,0,0,3.8248629576173565,2.584962500721156,3,0,https://apnews.com/resources,0
32,8,8,2,0,0,3,0,0,0,0,0,0,0,1,1,0,0,0,1,4.116729296672175,3.0,3,0,https://www.stanford.edu/pricing,0
34,9,9,2,0,0,3,0,0,0,0,0,0,0,1,1,0,0,1,1,3.8221819586428727,2.94770277922009,3,0,https://www.microsoft.com/products,0
32,12,4,2,0,0,3,0,0,0,0,0,0,0,1,1,0,0,0,1,4.007048827786958,3.2516291673878226,3,0,https://www.digitalocean.com/api,0
32,6,10,2,0,0,3,0,0,0,0,0,0,0,1,1,0,0,0,1,3.9917292966721747,2.2516291673878226,3,0,https://www.reddit.com/community,0
24,8,4,1,0,0,3,0,0,0,0,0,0,0,1,0,0,0,0,0,4.136842188131012,2.5,3,0,https://linkedin.com/faq,0
25,7,6,1,0,0,3,0,0,0,0,0,0,0,1,0,0,0,0,0,3.5132696895151088,2.128085278891395,3,0,https://twitter.com/terms,0
25,6,7,1,0,0,3,0,0,0,0,0,0,0,1,0,0,0,0,0,3.7230741894285697,1.9182958340544896,3,0,https://google.com/events,0
28,7,9,1,0,0,3,0,0,0,0,0,0,0,1,0,0,0,0,0,3.869331261111518,2.5216406363433186,3,0,https://bestbuy.com/services,0
25,7,6,1,0,0,3,0,0,0,0,0,0,0,1,0,0,0,0,0,3.7034651896016473,2.8073549220576046,3,0,https://nytimes.com/press,0
28,5,7,2,0,0,3,0,0,0,0,0,0,0,1,1,0,0,0,1,3.7439821538141276,1.9219280948873623,3,0,https://www.cisco.com/events,0
28,11,5,1,0,0,3,0,0,0,0,0,0,0,1,0,0,0,0,0,3.7264741182543752,3.095795255000934,3,0,https://arstechnica.com/team,0
23,3,8,1,0,0,3,0,0,0,0,0,0,0,1,0,0,0,0,0,3.327484781955842,0.9182958340544896,3,0,https://cnn.com/contact,0
20,3,5,1,0,0,3,0,0,0,0,0,0,0,1,0,0,0,0,0,3.684183719779189,0.9182958340544896,3,0,https://bbc.com/news,0
20,7,1,1,0,0,3,0,0,0,0,0,0,0,1,0,0,0,0,0,3.846439344671016,2.8073549220576046,3,0,https://netflix.com/,0
25,5,8,1,0,0,3,0,0,0,0,0,0,0,1,0,0,0,0,0,3.6390795706241748,2.321928094887362,3,0,https://intel.com/contact,0
26,3,7,2,0,0,3,0,0,0,0,0,0,0,1,1,0,0,0,1,3.7671834678914613,0.9182958340544896,3,0,https://www.bbc.com/search,0
34,12,10,1,0,0,3,0,0,0,0,0,0,0,1,0,0,0,0,0,4.035273502696889,3.2516291673878226,3,0,https://digitalocean.com/community,0
32,6,10,2,0,0,3,0,0,0,0,0,0,0,1,1,0,0,0,1,4.007048827786958,2.2516291673878226,3,0,https://www.nvidia.com/community,0
30,8,6,2,0,0,3,0,0,0,0,0,0,0,1,1,0,0,0,1,3.939572261986723,2.75,3,0,https://www.facebook.com/press,0
27,8,7,1,0,0,3,0,0,0,0,0,0,0,1,0,0,0,0,0,3.902311575917029,2.75,3,0,https://facebook.com/events,0
24,11,1,1,0,0,3,0,0,0,0,0,0,0,1,0,0,0,0,0,4.0220552088742005,3.027169118440619,3,0,https://khanacademy.org/,0
25,5,8,1,0,0,3,0,0,0,0,0,0,0,1,0,0,0,0,0,3.7834651896016473,2.321928094887362,3,0,https://quora.com/careers,0
36,10,10,2,0,0,3,0,0,0,0,0,0,0,1,1,0,0,0,1,3.9885548621928453,2.5219280948873624,3,0,https://www.duckduckgo.com/solutions,0
25,4,5,2,0,0,3,0,0,0,0,0,0,0,1,1,0,0,0,1,3.7230741894285697,1.5,3,0,https://www.nasa.gov/team,0
33,9,8,2,0,0,3,0,0,0,0,0,0,0,1,1,0,0,0,1,3.8013774524295485,2.725480556997868,3,0,https://www.wordpress.com/contact,0
34,10,8,2,0,0,3,0,0,0,0,0,0,0,1,1,0,0,0,1,3.8810054880546376,2.9219280948873623,3,0,https://www.salesforce.com/contact,0
24,3,5,2,0,0,3,0,0,0,0,0,0,0,1,1,0,0,0,1,3.6572682296173893,0.9182958340544896,3,0,https://www.cnn.com/team,0
30,5,9,2,0,0,3,0,0,0,0,0,0,0,1,1,0,0,0,1,4.0062389286533895,2.321928094887362,3,0,https://www.adobe.com/services,0
26,6,8,1,0,0,3,0,0,0,0,0,0,0,1,0,0,0,0,0,3.7671834678914613,1.9182958340544896,3,0,https://google.com/careers,0
26,7,7,1,0,0,3,0,0,0,0,0,0,0,1,0,0,0,0,0,3.9021748142117283,2.5216406363433186,3,0,https://walmart.com/events,0
33,7,10,2,0,0,3,0,0,0,0,0,0,0,1,1,0,0,0,1,3.861983513035609,2.2359263506290326,3,0,https://www.harvard.edu/resources,0
29,8,5,2,0,0,3,0,0,0,0,0,0,0,1,1,0,0,0,1,4.1162646156680225,2.5,3,0,https://www.linkedin.com/blog,0
32,7,9,2,0,0,3,0,0,0,0,0,0,0,1,1,0,0,0,1,3.8820488277869583,2.2359263506290326,3,0,https://www.harvard.edu/services,0
21,4,1,2,0,0,3,0,0,0,0,0,0,0,1,1,0,0,1,1,3.748994803525097,2.0,3,0,https://www.ebay.com/,0
31,9,10,1,0,0,3,0,0,0,0,0,0,0,1,0,0,0,0,0,3.8213119401041737,2.725480556997868,3,0,https://pinterest.com/community,0
29,7,10,1,0,0,3,0,0,0,0,0,0,0,1,0,0,0,0,0,3.771437029461126,2.8073549220576046,3,0,https://shopify.com/solutions,0
27,5,6,2,0,0,3,0,0,0,0,0,0,0,1,1,0,0,0,1,3.6521305573183818,1.9219280948873623,3,0,https://www.cisco.com/terms,0
29,5,8,2,0,0,3,0,0,0,0,0,0,0,1,1,0,0,1,1,3.7193758224153695,1.9219280948873623,3,0,https://www.apple.com/contact,0
33,9,8,2,0,0,3,0,0,0,0,0,0,0,1,1,0,0,0,1,3.8013774524295485,2.725480556997868,3,0,https://www.pinterest.com/careers,0
25,4,6,2,0,0,3,0,0,0,0,0,0,0,1,1,0,0,0,1,3.6430741894285696,1.5,2,0,https://www.zoom.us/terms,0
32,7,9,2,0,0,3,0,0,0,0,0,0,0,1,1,0,0,0,1,3.9681390622295662,2.128085278891395,3,0,https://www.outlook.com/services,0
34,10,8,2,0,0,3,0,0,0,0,0,0,0,1,1,0,0,0,1,4.1162996057016965,2.9219280948873623,3,0,https://www.salesforce.com/privacy,0
27,7,4,2,0,0,3,0,0,0,0,0,0,0,1,1,0,0,0,1,3.7821222241453056,2.128085278891395,3,0,https://www.outlook.com/api,0
23,6,5,1,0,0,3,0,0,0,0,0,0,0,1,0,0,0,0,0,3.7622673906514943,2.584962500721156,3,0,https://apnews.com/docs,0
24,6,6,1,0,0,3,0,0,0,0,0,0,0,1,0,0,0,0,0,3.6572682296173893,1.9182958340544896,3,0,https://google.com/terms,0
31,10,9,1,0,0,3,0,0,0,0,0,0,0,1,0,0,0,0,0,3.937751955408587,2.5219280948873624,3,0,https://duckduckgo.com/download,0
32,9,7,2,0,0,3,0,0,0,0,0,0,0,1,1,0,0,1,1,3.85845859334435,2.94770277922009,3,0,https://www.microsoft.com/search,0
32,7,9,2,0,0,3,0,0,0,0,0,0,0,1,1,0,0,0,1,3.6914280318460246,2.128085278891395,3,0,https://www.twitter.com/services,0
33,10,7,2,0,0,3,0,0,0,0,0,0,0,1,1,0,0,0,1,4.028946391954607,2.5219280948873624,3,0,https://www.duckduckgo.com/search,0
27,6,5,2,0,0,3,0,0,0,0,0,0,0,1,1,0,0,1,1,3.9302703722934536,2.2516291673878226,3,0,https://www.amazon.com/blog,0
27,6,10,1,0,0,3,0,0,0,0,0,0,0,1,0,0,0,0,0,3.676390632579626,2.2516291673878226,2,0,https://twitch.tv/resources,0
30,6,8,2,0,0,3,0,0,0,0,0,0,0,1,1,0,0,0,1,3.755913095175825,2.584962500721156,3,0,https://www.stripe.com/careers,0
32,12,8,1,0,0,3,0,0,0,0,0,0,0,1,0,0,0,0,0,3.8164280318460246,3.2516291673878226,3,0,https://digitalocean.com/contact,0
23,4,7,1,0,0,3,0,0,0,0,0,0,0,1,0,0,0,0,0,3.729446194905256,1.5,3,0,https://nasa.gov/search,0
20,7,1,1,0,0,3,0,0,0,0,0,0,0,1,0,0,0,0,0,3.6464393446710157,2.8073549220576046,3,0,https://nytimes.com/,0
29,12,5,1,0,0,3,0,0,0,0,0,0,0,1,0,0,0,0,0,4.021268494903765,3.2516291673878226,3,0,https://digitalocean.com/blog,0
30,8,10,1,0,0,3,0,0,0,0,0,0,0,1,0,0,0,0,0,3.5777471629109447,2.75,3,0,https://coursera.org/resources,0
24,4,8,1,0,0,3,0,0,0,0,0,0,0,1,0,0,0,1,0,3.5739348962840563,2.0,3,0,https://espn.com/support,0
25,4,9,1,0,0,3,0,0,0,0,0,0,0,1,0,0,0,0,0,3.8634651896016474,2.0,3,0,https://espn.com/download,0
18,5,1,1,0,0,3,0,0,0,0,0,0,0,1,0,0,0,0,0,3.7946534735443422,2.321928094887362,3,0,https://wired.com/,0
26,5,9,1,0,0,3,0,0,0,0,0,0,0,1,0,0,0,0,0,3.921029621737615,2.321928094887362,3,0,https://udemy.com/services,0
28,9,7,1,0,0,3,0,0,0,0,0,0,0,1,0,0,0,1,0,3.797902689682947,2.94770277922009,3,0,https://microsoft.com/events,0
28,6,10,1,0,0,3,0,0,0,0,0,0,0,1,0,0,0,0,0,3.9407598325400897,2.584962500721156,3,0,https://apnews.com/community,0
19,4,4,1,0,0,3,0,0,0,0,0,0,0,1,0,0,0,0,0,3.576617644908666,1.5,2,0,https://zoom.us/api,0
26,5,5,2,0,0,3,0,0,0,0,0,0,0,1,1,0,0,0,1,3.7671834678914613,2.321928094887362,3,0,https://www.adobe.com/team,0
27,5,10,1,0,0,3,0,0,0,0,0,0,0,1,0,0,0,0,0,3.902311575917029,2.321928094887362,3,0,https://quora.com/community,0
30,6,8,2,0,0,3,0,0,0,0,0,0,0,1,1,0,0,1,1,3.7647351787255054,2.584962500721156,3,0,https://www.apnews.com/support,0
35,9,10,2,0,0,3,0,0,0,0,0,0,0,1,1,0,0,0,1,4.014438730983428,2.94770277922009,3,0,https://www.instagram.com/resources,0
27,7,8,1,0,0,3,0,0,0,0,0,0,0,1,0,0,0,1,0,3.661932872373582,2.5216406363433186,3,0,https://dropbox.com/support,0
23,5,6,1,0,0,3,0,0,0,0,0,0,0,1,0,0,0,0,0,3.642489673166126,1.9219280948873623,3,0,https://yahoo.com/press,0
26,5,5,2,0,0,3,0,0,0,0,0,0,0,1,1,0,0,0,1,3.9021748142117283,2.321928094887362,3,0,https://www.quora.com/news,0
27,6,5,2,0,0,3,0,0,0,0,0,0,0,1,1,0,0,1,1,3.782122224145305,2.2516291673878226,3,0,https://www.amazon.com/docs,0
28,7,5,2,0,0,3,0,0,0,0,0,0,0,1,1,0,0,0,1,3.7943360657504512,2.128085278891395,3,0,https://www.twitter.com/blog,0
27,6,5,2,0,0,3,0,0,0,0,0,0,0,1,1,0,0,0,1,3.8561962982193796,2.2516291673878226,3,0,https://www.medium.com/help,0
24,7,1,2,0,0,3,0,0,0,0,0,0,0,1,1,0,0,0,1,3.7406015629507228,2.5216406363433186,3,0,https://www.bestbuy.com/,0
22,5,5,1,0,0,3,0,0,0,0,0,0,0,1,0,0,0,0,0,3.629219686524097,1.9219280948873623,3,0,https://cisco.com/news,0
31,5,10,2,0,0,3,0,0,0,0,0,0,0,1,1,0,0,0,1,3.913400745661378,2.321928094887362,3,0,https://www.udemy.com/community,0
26,5,9,1,0,0,3,0,0,0,0,0,0,0,1,0,0,0,0,0,3.7962176025900565,2.321928094887362,3,0,https://udemy.com/products,0
24,4,8,1,0,0,3,0,0,0,0,0,0,0,1,0,0,0,0,0,3.6258145836939115,2.0,3,0,https://cnet.com/careers,0
28,7,5,2,0,0,3,0,0,0,0,0,0,0,1,1,0,0,0,1,3.753434386188785,2.5216406363433186,3,0,https://www.dropbox.com/docs,0
29,5,8,2,0,0,3,0,0,0,0,0,0,0,1,1,0,0,0,1,3.788341339656749,2.321928094887362,3,0,https://www.adobe.com/contact,0
26,5,5,2,0,0,3,0,0,0,0,0,0,0,1,1,0,0,0,1,3.7962176025900565,1.9219280948873623,3,0,https://www.yahoo.com/blog,0
23,6,1,2,0,0,3,0,0,0,0,0,0,0,1,1,0,0,0,1,3.621175542919471,2.584962500721156,3,0,https://www.apnews.com/,0
21,4,6,1,0,0,3,0,0,0,0,0,0,0,1,0,0,0,0,0,3.5225715891363603,1.5,2,0,https://zoom.us/about,0
26,4,6,2,0,0,3,0,0,0,0,0,0,0,1,1,0,0,0,1,3.6612262562697895,2.0,3,0,https://www.espn.com/terms,0
33,12,9,1,0,0,3,0,0,0,0,0,0,0,1,0,0,0,0,0,4.12728313431329,3.2516291673878226,3,0,https://digitalocean.com/features,0
32,7,9,2,0,0,3,0,0,0,0,0,0,0,1,1,0,0,0,1,4.140319531114783,2.8073549220576046,3,0,https://www.netflix.com/products,0
26,6,8,1,0,0,3,0,0,0,0,0,0,0,1,0,0,0,1,0,3.9021748142117283,1.9182958340544896,3,0,https://paypal.com/pricing,0
26,10,4,1,0,0,3,0,0,0,0,0,0,0,1,0,0,0,0,0,3.8441065448145384,2.6464393446710157,3,0,https://techcrunch.com/faq,0
33,9,8,2,0,0,3,0,0,0,0,0,0,0,1,1,0,0,0,1,3.919563347274704,2.6416041678685938,3,0,https://www.wikipedia.org/pricing,0
21,4,5,1,0,0,3,0,0,0,0,0,0,0,1,0,0,0,1,0,3.6537567082870015,2.0,3,0,https://ebay.com/team,0
32,8,8,2,0,0,3,0,0,0,0,0,0,0,1,1,0,0,0,1,3.730337797403416,2.75,3,0,https://www.coursera.org/careers,0
25,3,10,1,0,0,3,0,0,0,0,0,0,0,1,0,0,0,0,0,3.6732696895151085,0.9182958340544896,3,0,https://bbc.com/resources,0
29,5,8,2,0,0,3,0,0,0,0,0,0,0,1,1,0,0,0,1,4.021268494903765,2.321928094887362,3,0,https://www.slack.com/pricing,0
21,4,5,1,0,0,3,0,0,0,0,0,0,0,1,0,0,0,0,0,3.6537567082870015,1.5,3,0,https://nasa.gov/news,0
31,13,6,1,0,0,3,0,0,0,0,0,0,0,1,0,0,0,0,0,3.977916874693636,3.546593564294939,3,0,https://stackoverflow.com/press,0
29,6,7,2,0,0,3,0,0,0,0,0,0,0,1,1,0,0,0,1,3.995237891380887,2.584962500721156,3,0,https://www.github.com/search,0
29,8,5,2,0,0,3,0,0,0,0,0,0,0,1,1,0,0,0,1,3.978333581185264,2.5,3,0,https://www.linkedin.com/help,0
30,5,9,2,0,0,3,0,0,0,0,0,0,0,1,1,0,0,0,1,4.0062389286533895,2.321928094887362,3,0,https://www.slack.com/features,0
31,10,5,2,0,0,3,0,0,0,0,0,0,0,1,1,0,0,0,1,3.719852358564604,2.6464393446710157,3,0,https://www.techcrunch.com/news,0
30,6,8,2,0,0,3,0,0,0,0,0,0,0,1,1,0,0,0,1,4.031401845392172,2.584962500721156,3,0,https://www.oracle.com/privacy,0
31,7,8,2,0,0,3,0,0,0,0,0,0,0,1,1,0,0,0,1,4.106949132758152,2.5216406363433186,3,0,https://www.bestbuy.com/privacy,0
33,9,8,2,0,0,3,0,0,0,0,0,0,0,1,1,0,0,1,1,3.7377451654565217,2.94770277922009,3,0,https://www.microsoft.com/contact,0
18,5,1,1,0,0,3,0,0,0,0,0,0,0,1,0,0,0,1,0,3.5304930567574826,1.9219280948873623,3,0,https://apple.com/,0
37,11,10,2,0,0,3,0,0,0,0,0,0,0,1,1,0,0,0,1,4.175273297885966,3.277613436819116,3,0,https://www.theguardian.com/community,0
30,10,4,2,0,0,3,0,0,0,0,0,0,0,1,1,0,0,0,1,3.964735178725505,2.9219280948873623,3,0,https://www.salesforce.com/api,0
32,7,9,2,0,0,3,0,0,0,0,0,0,0,1,1,0,0,0,1,3.890319531114783,2.5216406363433186,3,0,https://www.walmart.com/features,0
20,7,1,1,0,0,3,0,0,0,0,0,0,0,1,0,0,0,0,0,3.5464393446710156,2.8073549220576046,3,0,https://spotify.com/,0
18,5,1,1,0,0,3,0,0,0,0,0,0,0,1,0,0,0,0,0,3.4193819456463714,1.9219280948873623,3,0,https://yahoo.com/,0
27,5,6,2,0,0,3,0,0,0,0,0,0,0,1,1,0,0,0,1,3.8561962982193796,2.321928094887362,3,0,https://www.adobe.com/press,0
28,3,9,2,0,0,3,0,0,0,0,0,0,0,1,1,0,0,0,1,3.869331261111518,1.584962500721156,3,0,https://www.ibm.com/products,0
32,12,8,1,0,0,3,0,0,0,0,0,0,0,1,0,0,0,0,0,4.132048827786958,3.2516291673878226,3,0,https://digitalocean.com/privacy,0
31,7,8,2,0,0,3,0,0,0,0,0,0,0,1,1,0,0,0,1,3.913400745661378,2.2359263506290326,3,0,https://www.harvard.edu/contact,0
30,6,8,2,0,0,3,0,0,0,0,0,0,0,1,1,0,0,1,1,3.8980685120588388,2.2516291673878226,3,0,https://www.amazon.com/careers,0
28,4,8,2,0,0,3,0,0,0,0,0,0,0,1,1,0,0,0,1,3.5530900835303276,2.0,3,0,https://www.cnet.com/contact,0
33,12,5,2,0,0,3,0,0,0,0,0,0,0,1,1,0,0,0,1,4.0060710131011685,3.2516291673878226,3,0,https://www.digitalocean.com/team,0
20,3,5,1,0,0,3,0,0,0,0,0,0,0,1,0,0,0,0,0,3.584183719779189,0.9182958340544896,3,0,https://cnn.com/help,0
31,5,10,2,0,0,3,0,0,0,0,0,0,0,1,1,0,0,1,1,3.993730584231477,1.9219280948873623,3,0,https://www.apple.com/community,0
35,9,10,2,0,0,3,0,0,0,0,0,0,0,1,1,0,0,0,1,3.8972997175517166,2.725480556997868,3,0,https://www.wordpress.com/solutions,0
31,11,8,1,0,0,3,0,0,0,0,0,0,0,1,0,0,0,0,0,3.977916874693636,3.027169118440619,3,0,https://khanacademy.org/careers,0
24,5,7,1,0,0,3,0,0,0,0,0,0,0,1,0,0,0,0,0,3.8239348962840563,2.321928094887362,3,0,https://adobe.com/events,0
27,9,6,1,0,0,3,0,0,0,0,0,0,0,1,0,0,0,0,0,3.5743577621291274,2.725480556997868,3,0,https://pinterest.com/terms,0
30,5,9,2,0,0,3,0,0,0,0,0,0,0,1,1,0,0,0,1,3.948394345536403,2.321928094887362,3,0,https://www.quora.com/download,0
23,4,8,1,0,0,3,0,0,0,0,0,0,0,1,0,0,0,0,0,3.588354347173233,1.5,2,0,https://zoom.us/contact,0
32,8,8,2,0,0,3,0,0,0,0,0,0,0,1,1,0,0,0,1,3.902518266288633,3.0,3,0,https://www.stanford.edu/contact,0
19,3,4,1,0,0,3,0,0,0,0,0,0,0,1,0,0,0,0,0,3.6818808028034034,0.9182958340544896,3,0,https://cnn.com/faq,0
27,6,9,1,0,0,3,0,0,0,0,0,0,0,1,0,0,0,0,0,3.8841550945958043,2.584962500721156,3,0,https://apnews.com/download,0
28,11,5,1,0,0,3,0,0,0,0,0,0,0,1,0,0,0,0,0,3.9677201004744993,3.027169118440619,3,0,https://khanacademy.org/team,0
32,10,10,1,0,0,3,0,0,0,0,0,0,0,1,0,0,0,0,0,3.7539280318460246,2.6464393446710157,3,0,https://techcrunch.com/community,0
22,5,5,1,0,0,3,0,0,0,0,0,0,0,1,0,0,0,0,0,3.8453509366224363,2.321928094887362,3,0,https://adobe.com/blog,0
36,11,9,2,0,0,3,0,0,0,0,0,0,0,1,1,0,0,0,1,4.107017709595357,3.027169118440619,3,0,https://www.khanacademy.org/download,0
28,4,8,2,0,0,3,0,0,0,0,0,0,0,1,1,0,0,1,1,3.7264741182543752,2.0,3,0,https://www.cnet.com/support,0
28,7,9,1,0,0,3,0,0,0,0,0,0,0,1,0,0,0,0,0,3.655045546825804,2.2359263506290326,3,0,https://reuters.com/features,0
22,5,5,1,0,0,3,0,0,0,0,0,0,0,1,0,0,0,0,0,3.629219686524097,2.321928094887362,3,0,https://slack.com/docs,0
24,8,4,1,0,0,3,0,0,0,0,0,0,0,1,0,0,0,0,0,3.855388542207534,2.75,3,0,https://coursera.org/faq,0
31,13,6,1,0,0,3,0,0,0,0,0,0,0,1,0,0,0,0,0,4.091135423220312,3.546593564294939,3,0,https://stackoverflow.com/about,0
24,6,6,1,0,0,3,0,0,0,0,0,0,0,1,0,0,0,0,0,3.855388542207534,2.2516291673878226,3,0,https://airbnb.com/press,0
23,7,4,1,0,0,3,0,0,0,0,0,0,0,1,0,0,0,0,0,3.7622673906514943,2.2359263506290326,3,0,https://harvard.edu/faq,0
26,9,5,1,0,0,3,0,0,0,0,0,0,0,1,0,0,0,1,0,3.690260390968384,2.94770277922009,3,0,https://microsoft.com/team,0
27,6,5,2,0,0,3,0,0,0,0,0,0,0,1,1,0,0,1,1,3.8100810205217304,1.9182958340544896,3,0,https://www.paypal.com/news,0
28,7,9,1,0,0,3,0,0,0,0,0,0,0,1,0,0,0,0,0,4.0836169753972325,2.5216406363433186,3,0,https://bestbuy.com/download,0
27,7,8,1,0,0,3,0,0,0,0,0,0,0,1,0,0,0,0,0,4.106377316818026,2.5216406363433186,3,0,https://booking.com/privacy,0
29,3,10,2,0,0,3,0,0,0,0,0,0,0,1,1,0,0,0,1,3.8143719431796272,1.584962500721156,3,0,https://www.mit.edu/solutions,0
33,9,8,2,0,0,3,0,0,0,0,0,0,0,1,1,0,0,0,1,3.9374448765408534,2.94770277922009,3,0,https://www.instagram.com/careers,0
30,10,4,2,0,0,3,0,0,0,0,0,0,0,1,1,0,0,0,1,4.123231428797621,3.1219280948873624,3,0,https://www.cloudflare.com/faq,0
28,6,10,1,0,0,3,0,0,0,0,0,0,0,1,0,0,0,0,0,3.770942421748537,2.2516291673878226,3,0,https://medium.com/resources,0
30,13,5,1,0,0,3,0,0,0,0,0,0,0,1,0,0,0,0,0,4.0062389286533895,3.546593564294939,3,0,https://stackoverflow.com/docs,0
30,6,8,2,0,0,3,0,0,0,0,0,0,0,1,1,0,0,1,1,3.9898980954642878,2.2516291673878226,3,0,https://www.amazon.com/pricing,0
31,6,9,2,0,0,3,0,0,0,0,0,0,0,1,1,0,0,1,1,3.993730584231477,1.9182958340544896,3,0,https://www.paypal.com/features,0
30,6,8,2,0,0,3,0,0,0,0,0,0,0,1,1,0,0,1,1,3.847742678581274,2.2516291673878226,3,0,https://www.medium.com/support,0
28,11,1,2,0,0,3,0,0,0,0,0,0,0,1,1,0,0,0,1,4.0836169753972325,3.277613436819116,3,0,https://www.theguardian.com/,0
26,6,8,1,0,0,3,0,0,0,0,0,0,0,1,0,0,0,0,0,4.026986833359287,1.9182958340544896,3,0,https://google.com/privacy,0
29,9,4,2,0,0,3,0,0,0,0,0,0,0,1,1,0,0,1,1,3.788341339656749,2.94770277922009,3,0,https://www.microsoft.com/api,0
26,10,4,1,0,0,3,0,0,0,0,0,0,0,1,0,0,0,0,0,3.873140679513133,2.9219280948873623,3,0,https://salesforce.com/faq,0
31,10,9,1,0,0,3,0,0,0,0,0,0,0,1,0,0,0,0,0,3.8213119401041737,2.9219280948873623,3,0,https://salesforce.com/services,0
27,7,8,1,0,0,3,0,0,0,0,0,0,0,1,0,0,0,1,0,3.736006946447656,2.5216406363433186,3,0,https://walmart.com/support,0
30,6,8,2,0,0,3,0,0,0,0,0,0,0,1,1,0,0,1,1,3.939572261986723,2.2516291673878226,3,0,https://www.airbnb.com/support,0
25,5,8,1,0,0,3,0,0,0,0,0,0,0,1,0,0,0,0,0,3.573660689688186,2.321928094887362,3,0,https://slack.com/contact,0
26,7,7,1,0,0,3,0,0,0,0,0,0,0,1,0,0,0,0,0,3.6423714487439023,2.2359263506290326,3,0,https://reuters.com/events,0
25,8,5,1,0,0,3,0,0,0,0,0,0,0,1,0,0,0,0,0,3.9434651896016475,2.75,3,0,https://facebook.com/news,0
37,12,9,2,0,0,3,0,0,0,0,0,0,0,1,1,0,0,0,1,3.992708770800467,3.2516291673878226,3,0,https://www.digitalocean.com/download,0
23,3,8,1,0,0,3,0,0,0,0,0,0,0,1,0,0,0,0,0,3.588354347173233,1.584962500721156,3,0,https://ibm.com/contact,0
25,3,10,1,0,0,3,0,0,0,0,0,0,0,1,0,0,0,0,0,3.7230741894285697,1.584962500721156,3,0,https://ibm.com/solutions,0
26,6,4,2,0,0,3,0,0,0,0,0,0,0,1,1,0,0,0,1,3.8441065448145384,2.584962500721156,3,0,https://www.github.com/api,0
23,6,1,2,0,0,3,0,0,0,0,0,0,0,1,1,0,0,0,1,3.642489673166126,2.584962500721156,3,0,https://www.stripe.com/,0
30,9,5,2,0,0,3,0,0,0,0,0,0,0,1,1,0,0,0,1,3.6980685120588386,2.725480556997868,3,0,https://www.pinterest.com/news,0
36,11,9,2,0,0,3,0,0,0,0,0,0,0,1,1,0,0,0,1,4.127986806877675,3.277613436819116,3,0,https://www.theguardian.com/products,0
31,11,8,1,0,0,3,0,0,0,0,0,0,0,1,0,0,0,0,0,3.913400745661378,3.095795255000934,3,0,https://arstechnica.com/privacy,0
29,7,6,2,0,0,3,0,0,0,0,0,0,0,1,1,0,0,0,1,3.978333581185264,2.8073549220576046,3,0,https://www.netflix.com/terms,0
28,8,4,2,0,0,3,0,0,0,0,0,0,0,1,1,0,0,0,1,3.869331261111518,2.75,3,0,https://www.coursera.org/api,0
31,8,7,2,0,0,3,0,0,0,0,0,0,0,1,1,0,0,0,1,3.993730584231477,2.5,3,0,https://www.linkedin.com/events,0
23,6,5,1,0,0,3,0,0,0,0,0,0,0,1,0,0,0,0,0,3.936180434129755,2.584962500721156,3,0,https://github.com/news,0
26,4,7,2,0,0,3,0,0,0,0,0,0,0,1,1,0,0,0,1,3.738149333192866,1.5,2,0,https://www.zoom.us/events,0
34,9,9,2,0,0,3,0,0,0,0,0,0,0,1,1,0,0,0,1,3.998652546878167,2.6416041678685938,3,0,https://www.wikipedia.org/products,0
30,5,9,2,0,0,3,0,0,0,0,0,0,0,1,1,0,0,1,1,3.8980685120588388,1.9219280948873623,3,0,https://www.apple.com/products,0
29,10,7,1,0,0,3,0,0,0,0,0,0,0,1,0,0,0,0,0,4.090234012145144,3.1219280948873624,3,0,https://cloudflare.com/events,0
31,7,8,2,0,0,3,0,0,0,0,0,0,0,1,1,0,0,0,1,3.953565664946428,2.5216406363433186,3,0,https://www.booking.com/pricing,0
25,8,5,1,0,0,3,0,0,0,0,0,0,0,1,0,0,0,0,0,3.653660689688186,2.4056390622295662,3,0,https://theverge.com/team,0
21,5,4,1,0,0,3,0,0,0,0,0,0,0,1,0,0,0,0,0,3.7849418274376427,2.321928094887362,3,0,https://adobe.com/api,0
32,7,9,2,0,0,3,0,0,0,0,0,0,0,1,1,0,0,0,1,3.9681390622295662,2.5216406363433186,3,0,https://www.bestbuy.com/services,0
27,6,5,2,0,0,3,0,0,0,0,0,0,0,1,1,0,0,0,1,3.736006946447656,2.584962500721156,3,0,https://www.apnews.com/help,0
24,4,4,2,0,0,3,0,0,0,0,0,0,0,1,1,0,0,0,1,4.0220552088742005,2.0,3,0,https://www.bing.com/faq,0
31,10,5,2,0,0,3,0,0,0,0,0,0,0,1,1,0,0,0,1,4.018081793978686,2.9219280948873623,3,0,https://www.salesforce.com/blog,0
26,5,9,1,0,0,3,0,0,0,0,0,0,0,1,0,0,0,0,0,3.873140679513133,2.321928094887362,3,0,https://wired.com/products,0
26,5,5,2,0,0,3,0,0,0,0,0,0,0,1,1,0,0,0,1,3.7962176025900565,2.321928094887362,3,0,https://www.slack.com/news,0
35,10,9,2,0,0,3,0,0,0,0,0,0,0,1,1,0,0,0,1,4.050013373778757,3.1219280948873624,3,0,https://www.cloudflare.com/products,0
29,6,7,2,0,0,3,0,0,0,0,0,0,0,1,1,0,0,0,1,3.8278326164749097,2.2516291673878226,3,0,https://www.target.com/events,0
28,7,5,2,0,0,3,0,0,0,0,0,0,0,1,1,0,0,0,1,3.7673757978160416,2.5216406363433186,3,0,https://www.walmart.com/news,0
30,8,10,1,0,0,3,0,0,0,0,0,0,0,1,0,0,0,0,0,3.964735178725505,2.4056390622295662,3,0,https://theverge.com/community,0
24,4,5,2,0,0,3,0,0,0,0,0,0,0,1,1,0,0,0,1,3.7406015629507228,1.5,2,0,https://www.zoom.us/blog,0
26,5,9,1,0,0,3,0,0,0,0,0,0,0,1,0,0,0,0,0,3.95006375643621,2.321928094887362,3,0,https://quora.com/services,0
30,10,8,1,0,0,3,0,0,0,0,0,0,0,1,0,0,0,0,0,3.923231428797621,3.1219280948873624,3,0,https://cloudflare.com/contact,0
22,4,6,1,0,0,3,0,0,0,0,0,0,0,1,0,0,0,0,0,3.8453509366224363,2.0,3,0,https://bing.com/about,0
33,12,5,2,0,0,3,0,0,0,0,0,0,0,1,1,0,0,0,1,4.104407755459851,3.2516291673878226,3,0,https://www.digitalocean.com/blog,0
33,7,10,2,0,0,3,0,0,0,0,0,0,0,1,1,0,0,0,1,3.9344186501738876,2.5216406363433186,3,0,https://www.booking.com/solutions,0
19,3,4,1,0,0,3,0,0,0,0,0,0,0,1,0,0,0,0,0,3.78714396069814,1.584962500721156,3,0,https://ibm.com/faq,0
21,4,5,1,0,0,3,0,0,0,0,0,0,0,1,0,0,0,0,0,3.7849418274376427,2.0,3,0,https://bing.com/blog,0
38,12,10,2,0,0,3,0,0,0,0,0,0,0,1,1,0,0,0,1,4.0632025132158525,3.2516291673878226,3,0,https://www.digitalocean.com/solutions,0
30,5,9,2,0,0,3,0,0,0,0,0,0,0,1,1,0,0,0,1,3.9144093452479405,2.321928094887362,3,0,https://www.intel.com/services,0
34,13,9,1,0,0,3,0,0,0,0,0,0,0,1,0,0,0,0,0,4.113362385992582,3.546593564294939,3,0,https://stackoverflow.com/download,0
26,5,9,1,0,0,3,0,0,0,0,0,0,0,1,0,0,0,0,0,3.9021748142117283,2.321928094887362,3,0,https://intel.com/products,0
26,5,9,1,0,0,3,0,0,0,0,0,0,0,1,0,0,0,0,0,3.921029621737615,2.321928094887362,3,0,https://adobe.com/services,0
27,6,9,1,0,0,3,0,0,0,0,0,0,0,1,0,0,0,0,0,4.106377316818026,2.2516291673878226,3,0,https://nvidia.com/features,0
22,6,4,1,0,0,3,0,0,0,0,0,0,0,1,0,0,0,0,0,3.7544418457133455,2.2516291673878226,3,0,https://nvidia.com/api,0
27,7,8,1,0,0,3,0,0,0,0,0,0,0,1,0,0,0,0,0,3.9582291686698783,2.5216406363433186,3,0,https://walmart.com/pricing,0
27,6,5,2,0,0,3,0,0,0,0,0,0,0,1,1,0,0,0,1,3.736006946447656,2.584962500721156,3,0,https://www.stripe.com/team,0
24,3,9,1,0,0,3,0,0,0,0,0,0,0,1,0,0,0,0,0,3.7406015629507228,0.9182958340544896,3,0,https://bbc.com/services,0
21,5,4,1,0,0,3,0,0,0,0,0,0,0,1,0,0,0,0,0,3.558518613048906,1.9219280948873623,3,0,https://yahoo.com/api,0
27,11,4,1,0,0,3,0,0,0,0,0,0,0,1,0,0,0,0,0,3.7541634277688805,3.095795255000934,3,0,https://arstechnica.com/api,0
19,6,1,1,0,0,3,0,0,0,0,0,0,0,1,0,0,0,0,0,3.6818808028034034,2.584962500721156,3,0,https://oracle.com/,0
25,6,8,1,0,0,3,0,0,0,0,0,0,0,1,0,0,0,0,0,3.397405811425518,2.2516291673878226,2,0,https://twitch.tv/contact,0
36,10,10,2,0,0,3,0,0,0,0,0,0,0,1,1,0,0,0,1,4.023141320466082,3.1219280948873624,3,0,https://www.cloudflare.com/resources,0
29,9,8,1,0,0,3,0,0,0,0,0,0,0,1,0,0,0,0,0,3.689901581992151,2.94770277922009,3,0,https://instagram.com/contact,0
25,5,8,1,0,0,3,0,0,0,0,0,0,0,1,0,0,0,0,0,4.053660689688186,2.321928094887362,3,0,https://adobe.com/pricing,0
22,6,4,1,0,0,3,0,0,0,0,0,0,0,1,0,0,0,0,0,3.7887549139935035,2.2516291673878226,3,0,https://airbnb.com/api,0
31,9,6,2,0,0,3,0,0,0,0,0,0,0,1,1,0,0,0,1,3.7080933915774983,2.725480556997868,3,0,https://www.pinterest.com/terms,0
24,5,7,1,0,0,3,0,0,0,0,0,0,0,1,0,0,0,0,0,3.6572682296173893,1.9219280948873623,3,0,https://yahoo.com/search,0
30,8,10,1,0,0,3,0,0,0,0,0,0,0,1,0,0,0,0,0,3.8565647621309544,3.0,3,0,https://stanford.edu/solutions,0
21,3,6,1,0,0,3,0,0,0,0,0,0,0,1,0,0,0,0,0,3.558518613048906,0.9182958340544896,3,0,https://cnn.com/press,0
25,4,9,1,0,0,3,0,0,0,0,0,0,0,1,0,0,0,0,0,3.8332696895151086,1.5,3,0,https://nasa.gov/products,0
33,8,9,2,0,0,3,0,0,0,0,0,0,0,1,1,0,0,0,1,4.081532376606413,2.5,3,0,https://www.linkedin.com/services,0
27,7,8,1,0,0,3,0,0,0,0,0,0,0,1,0,0,0,0,0,3.8841550945958043,2.8073549220576046,3,0,https://shopify.com/careers,0
34,8,10,2,0,0,3,0,0,0,0,0,0,0,1,1,0,0,0,1,3.9620315910594455,3.0,3,0,https://www.stanford.edu/solutions,0
23,6,5,1,0,0,3,0,0,0,0,0,0,0,1,0,0,0,0,0,3.621175542919471,2.584962500721156,3,0,https://stripe.com/team,0
26,6,8,1,0,0,3,0,0,0,0,0,0,0,1,0,0,0,0,0,3.7671834678914613,2.2516291673878226,3,0,https://medium.com/contact,0
23,6,5,1,0,0,3,0,0,0,0,0,0,0,1,0,0,0,0,0,3.9690016298759927,2.2516291673878226,3,0,https://nvidia.com/news,0
27,10,5,1,0,0,3,0,0,0,0,0,0,0,1,0,0,0,0,0,3.661932872373582,2.6464393446710157,3,0,https://techcrunch.com/team,0
28,11,5,1,0,0,3,0,0,0,0,0,0,0,1,0,0,0,0,0,4.110577243331642,3.277613436819116,3,0,https://theguardian.com/news,0
31,7,8,2,0,0,3,0,0,0,0,0,0,0,1,1,0,0,1,1,3.8001821971347027,2.8073549220576046,3,0,https://www.shopify.com/support,0
25,5,8,1,0,0,3,0,0,0,0,0,0,0,1,0,0,0,0,0,4.053660689688186,2.321928094887362,3,0,https://udemy.com/privacy,0
29,9,4,2,0,0,3,0,0,0,0,0,0,0,1,1,0,0,0,1,3.978333581185264,2.6416041678685938,3,0,https://www.wikipedia.org/faq,0
25,6,7,1,0,0,3,0,0,0,0,0,0,0,1,0,0,0,0,0,3.8634651896016474,2.2516291673878226,3,0,https://nvidia.com/events,0
30,6,8,2,0,0,3,0,0,0,0,0,0,0,1,1,0,0,0,1,3.831401845392172,2.2516291673878226,3,0,https://www.nvidia.com/contact,0
31,9,10,1,0,0,3,0,0,0,0,0,0,0,1,0,0,0,0,0,4.195816471537619,2.6416041678685938,3,0,https://wikipedia.org/community,0
30,6,8,2,0,0,3,0,0,0,0,0,0,0,1,1,0,0,0,1,3.872905595320056,1.9182958340544896,3,0,https://www.google.com/careers,0
23,10,1,1,0,0,3,0,0,0,0,0,0,0,1,0,0,0,0,0,3.5555331514269954,2.6464393446710157,3,0,https://techcrunch.com/,0
26,7,7,1,0,0,3,0,0,0,0,0,0,0,1,0,0,0,0,0,3.8441065448145384,2.5216406363433186,3,0,https://discord.com/events,0
28,4,8,2,0,0,3,0,0,0,0,0,0,0,1,1,0,0,0,1,4.012188403968661,2.0,3,0,https://www.espn.com/privacy,0
32,7,9,2,0,0,3,0,0,0,0,0,0,0,1,1,0,0,0,1,4.116729296672175,2.8073549220576046,3,0,https://www.netflix.com/features,0
30,6,8,2,0,0,3,0,0,0,0,0,0,0,1,1,0,0,0,1,3.939572261986723,2.584962500721156,3,0,https://www.github.com/pricing,0
32,10,10,1,0,0,3,0,0,0,0,0,0,0,1,0,0,0,0,0,4.045958593344349,2.9219280948873623,3,0,https://salesforce.com/community,0
18,5,1,1,0,0,3,0,0,0,0,0,0,0,1,0,0,0,0,0,3.6416041678685938,2.321928094887362,3,0,https://intel.com/,0
29,7,6,2,0,0,3,0,0,0,0,0,0,0,1,1,0,0,0,1,3.8573068568981284,2.2359263506290326,3,0,https://www.harvard.edu/about,0
30,8,6,2,0,0,3,0,0,0,0,0,0,0,1,1,0,0,0,1,3.739572261986723,2.4056390622295662,3,0,https://www.theverge.com/press,0
25,8,5,1,0,0,3,0,0,0,0,0,0,0,1,0,0,0,0,0,3.8332696895151086,2.75,3,0,https://coursera.org/blog,0
30,10,8,1,0,0,3,0,0,0,0,0,0,0,1,0,0,0,0,0,4.031401845392172,2.9219280948873623,3,0,https://salesforce.com/privacy,0
27,7,4,2,0,0,3,0,0,0,0,0,0,0,1,1,0,0,0,1,3.8561962982193796,2.2359263506290326,3,0,https://www.reuters.com/api,0
30,8,6,2,0,0,3,0,0,0,0,0,0,0,1,1,0,0,0,1,3.8062389286533898,2.75,3,0,https://www.coursera.org/terms,0
24,8,4,1,0,0,3,0,0,0,0,0,0,0,1,0,0,0,0,0,3.855388542207534,2.75,3,0,https://facebook.com/api,0
32,6,10,2,0,0,3,0,0,0,0,0,0,0,1,1,0,0,0,1,4.030639062229566,2.2516291673878226,3,0,https://www.airbnb.com/community,0
23,5,6,1,0,0,3,0,0,0,0,0,0,0,1,0,0,0,0,0,3.642489673166126,1.9219280948873623,3,0,https://yahoo.com/terms,0
30,6,8,2,0,0,3,0,0,0,0,0,0,0,1,1,0,0,0,1,3.831401845392172,2.2516291673878226,3,0,https://www.airbnb.com/contact,0
21,4,5,1,0,0,3,0,0,0,0,0,0,0,1,0,0,0,1,0,3.880179922675738,2.0,3,0,https://ebay.com/news,0
29,8,9,1,0,0,3,0,0,0,0,0,0,0,1,0,0,0,0,0,3.689901581992151,2.4056390622295662,3,0,https://theverge.com/services,0
24,4,8,1,0,0,3,0,0,0,0,0,0,0,1,0,0,0,1,0,3.7720552088742005,2.0,3,0,https://ebay.com/careers,0
31,7,8,2,0,0,3,0,0,0,0,0,0,0,1,1,0,0,0,1,3.7567958110719157,2.128085278891395,3,0,https://www.twitter.com/pricing,0
31,10,9,1,0,0,3,0,0,0,0,0,0,0,1,0,0,0,0,0,4.018081793978686,2.5219280948873624,3,0,https://duckduckgo.com/features,0
32,7,9,2,0,0,3,0,0,0,0,0,0,0,1,1,0,0,0,1,3.92095859334435,2.8073549220576046,3,0,https://www.shopify.com/products,0
26,6,8,1,0,0,3,0,0,0,0,0,0,0,1,0,0,0,0,0,3.95006375643621,2.584962500721156,3,0,https://github.com/careers,0
33,13,8,1,0,0,3,0,0,0,0,0,0,0,1,0,0,0,1,0,4.0060710131011685,3.546593564294939,3,0,https://stackoverflow.com/support,0
30,10,4,2,0,0,3,0,0,0,0,0,0,0,1,1,0,0,0,1,4.031401845392172,2.5219280948873624,3,0,https://www.duckduckgo.com/faq,0
27,7,4,2,0,0,3,0,0,0,0,0,0,0,1,1,0,0,0,1,3.630275354881977,2.128085278891395,3,0,https://www.twitter.com/api,0
27,6,9,1,0,0,3,0,0,0,0,0,0,0,1,0,0,0,1,0,3.9582291686698783,2.2516291673878226,3,0,https://amazon.com/services,0
33,9,8,2,0,0,3,0,0,0,0,0,0,0,1,1,0,0,0,1,3.9683403313485464,2.6416041678685938,3,0,https://www.wikipedia.org/contact,0
28,4,9,2,0,0,3,0,0,0,0,0,0,0,1,1,0,0,0,1,3.8423709931771084,1.5,2,0,https://www.zoom.us/features,0
31,6,9,2,0,0,3,0,0,0,0,0,0,0,1,1,0,0,0,1,3.953565664946428,2.2516291673878226,3,0,https://www.medium.com/download,0
32,8,8,2,0,0,3,0,0,0,0,0,0,0,1,1,0,0,0,1,4.054229296672175,2.5,3,0,https://www.linkedin.com/pricing,0
22,5,5,1,0,0,3,0,0,0,0,0,0,0,1,0,0,0,1,0,3.7544418457133455,1.9219280948873623,3,0,https://apple.com/news,0
31,10,5,2,0,0,3,0,0,0,0,0,0,0,1,1,0,0,0,1,4.042433003725894,3.1219280948873624,3,0,https://www.cloudflare.com/help,0
29,7,10,1,0,0,3,0,0,0,0,0,0,0,1,0,0,0,0,0,3.8143719431796272,2.5216406363433186,3,0,https://dropbox.com/resources,0
27,5,10,1,0,0,3,0,0,0,0,0,0,0,1,0,0,0,0,0,3.7080481500712312,1.9219280948873623,3,0,https://yahoo.com/community,0
35,11,8,2,0,0,3,0,0,0,0,0,0,0,1,1,0,0,0,1,3.83544837365513,3.095795255000934,3,0,https://www.arstechnica.com/careers,0
22,9,1,1,0,0,3,0,0,0,0,0,0,0,1,0,0,0,0,0,3.6069367321753214,2.725480556997868,3,0,https://pinterest.com/,0
26,3,7,2,0,0,3,0,0,0,0,0,0,0,1,1,0,0,0,1,3.8441065448145384,1.584962500721156,3,0,https://www.mit.edu/search,0
30,4,10,2,0,0,3,0,0,0,0,0,0,0,1,1,0,0,0,1,3.939572261986723,2.0,3,0,https://www.bing.com/community,0
22,6,4,1,0,0,3,0,0,0,0,0,0,0,1,0,0,0,1,0,3.720128777433188,1.9182958340544896,3,0,https://paypal.com/faq,0
27,6,9,1,0,0,3,0,0,0,0,0,0,0,1,0,0,0,1,0,3.8100810205217304,1.9182958340544896,3,0,https://paypal.com/products,0
24,7,5,1,0,0,3,0,0,0,0,0,0,0,1,0,0,0,0,0,3.7406015629507228,2.8073549220576046,3,0,https://nytimes.com/news,0
25,5,4,2,0,0,3,0,0,0,0,0,0,0,1,1,0,0,0,1,3.9434651896016475,2.321928094887362,3,0,https://www.udemy.com/api,0
27,7,8,1,0,0,3,0,0,0,0,0,0,0,1,0,0,0,0,0,4.032303242743953,2.5216406363433186,3,0,https://youtube.com/privacy,0
31,7,8,2,0,0,3,0,0,0,0,0,0,0,1,1,0,0,0,1,3.929214455199219,2.8073549220576046,3,0,https://www.spotify.com/pricing,0
36,11,9,2,0,0,3,0,0,0,0,0,0,0,1,1,0,0,0,1,4.120635070586275,3.277613436819116,3,0,https://www.theguardian.com/download,0
33,7,10,2,0,0,3,0,0,0,0,0,0,0,1,1,0,0,0,1,3.836081907815205,2.128085278891395,3,0,https://www.outlook.com/community,0
29,7,6,2,0,0,3,0,0,0,0,0,0,0,1,1,0,0,0,1,3.745406425938248,2.5216406363433186,3,0,https://www.walmart.com/press,0
24,7,5,1,0,0,3,0,0,0,0,0,0,0,1,0,0,0,0,0,3.855388542207534,2.5216406363433186,3,0,https://youtube.com/news,0
31,7,8,2,0,0,3,0,0,0,0,0,0,0,1,1,0,0,0,1,3.953565664946428,2.8073549220576046,3,0,https://www.nytimes.com/pricing,0
27,6,5,2,0,0,3,0,0,0,0,0,0,0,1,1,0,0,1,1,3.7639657428240807,2.2516291673878226,3,0,https://www.amazon.com/news,0
33,13,8,1,0,0,3,0,0,0,0,0,0,0,1,0,0,0,0,0,4.225619876671973,3.546593564294939,3,0,https://stackoverflow.com/pricing,0
33,9,8,2,0,0,3,0,0,0,0,0,0,0,1,1,0,0,0,1,4.0060710131011685,2.725480556997868,3,0,https://www.pinterest.com/privacy,0
27,3,8,2,0,0,3,0,0,0,0,0,0,0,1,1,0,0,0,1,3.7541634277688805,0.9182958340544896,3,0,https://www.cnn.com/pricing,0
31,10,9,1,0,0,3,0,0,0,0,0,0,0,1,0,0,0,0,0,3.953565664946428,3.1219280948873624,3,0,https://cloudflare.com/products,0
31,5,10,2,0,0,3,0,0,0,0,0,0,0,1,1,0,0,0,1,3.84888461662912,1.9219280948873623,3,0,https://www.yahoo.com/resources,0
28,6,6,2,0,0,3,0,0,0,0,0,0,0,1,1,0,0,1,1,3.797902689682947,1.9182958340544896,3,0,https://www.paypal.com/press,0
29,5,8,2,0,0,3,0,0,0,0,0,0,0,1,1,0,0,0,1,4.1162646156680225,2.321928094887362,3,0,https://www.adobe.com/pricing,0
31,6,9,2,0,0,3,0,0,0,0,0,0,0,1,1,0,0,1,1,3.808719697344071,2.2516291673878226,3,0,https://www.amazon.com/download,0
27,6,9,1,0,0,3,0,0,0,0,0,0,0,1,0,0,0,0,0,3.902311575917029,2.2516291673878226,3,0,https://medium.com/features,0
20,3,5,1,0,0,3,0,0,0,0,0,0,0,1,0,0,0,0,0,3.684183719779189,1.584962500721156,3,0,https://ibm.com/blog,0
31,7,8,2,0,0,3,0,0,0,0,0,0,0,1,1,0,0,0,1,3.925992988421481,2.8073549220576046,3,0,https://www.netflix.com/contact,0
26,5,9,1,0,0,3,0,0,0,0,0,0,0,1,0,0,0,0,0,3.9790978911348054,2.321928094887362,3,0,https://quora.com/download,0
32,7,9,2,0,0,3,0,0,0,0,0,0,0,1,1,0,0,0,1,3.792837797403416,2.5216406363433186,3,0,https://www.walmart.com/download,0
30,6,8,2,0,0,3,0,0,0,0,0,0,0,1,1,0,0,0,1,3.777747162910945,2.584962500721156,3,0,https://www.stripe.com/contact,0
28,4,8,2,0,0,3,0,0,0,0,0,0,0,1,1,0,0,0,1,3.8423709931771084,2.0,3,0,https://www.cnet.com/pricing,0
29,7,6,2,0,0,3,0,0,0,0,0,0,0,1,1,0,0,0,1,3.8143719431796272,2.5216406363433186,3,0,https://www.bestbuy.com/terms,0
25,4,5,2,0,0,3,0,0,0,0,0,0,0,1,1,0,0,0,1,3.8634651896016474,2.0,3,0,https://www.bing.com/docs,0
25,7,6,1,0,0,3,0,0,0,0,0,0,0,1,0,0,0,0,0,3.48307418942857,2.2359263506290326,3,0,https://reuters.com/terms,0
26,6,8,1,0,0,3,0,0,0,0,0,0,0,1,0,0,0,1,0,3.9021748142117283,2.2516291673878226,3,0,https://amazon.com/pricing,0
27,6,9,1,0,0,3,0,0,0,0,0,0,0,1,0,0,0,1,0,3.828237501842955,1.9182958340544896,3,0,https://paypal.com/download,0
34,9,9,2,0,0,3,0,0,0,0,0,0,0,1,1,0,0,0,1,3.7970421653407156,2.725480556997868,3,0,https://www.wordpress.com/services,0
30,6,8,2,0,0,3,0,0,0,0,0,0,0,1,1,0,0,0,1,3.847742678581274,2.584962500721156,3,0,https://www.stripe.com/pricing,0
22,5,5,1,0,0,3,0,0,0,0,0,0,0,1,0,0,0,0,0,3.720128777433188,2.321928094887362,3,0,https://udemy.com/team,0
28,7,9,1,0,0,3,0,0,0,0,0,0,0,1,0,0,0,0,0,3.851823225551766,2.128085278891395,3,0,https://outlook.com/features,0
31,6,9,2,0,0,3,0,0,0,0,0,0,0,1,1,0,0,0,1,3.977916874693636,2.584962500721156,3,0,https://www.stripe.com/download,0
27,6,9,1,0,0,3,0,0,0,0,0,0,0,1,0,0,0,0,0,4.032303242743953,2.2516291673878226,3,0,https://airbnb.com/features,0
28,7,5,2,0,0,3,0,0,0,0,0,0,0,1,1,0,0,0,1,3.9407598325400897,2.5216406363433186,3,0,https://www.discord.com/blog,0
28,7,9,1,0,0,3,0,0,0,0,0,0,0,1,0,0,0,0,0,4.066108939837481,2.8073549220576046,3,0,https://netflix.com/products,0
27,7,8,1,0,0,3,0,0,0,0,0,0,0,1,0,0,0,1,0,3.6800893536948065,2.2359263506290326,3,0,https://harvard.edu/support,0
32,10,10,1,0,0,3,0,0,0,0,0,0,0,1,0,0,0,0,0,3.730337797403416,2.9219280948873623,3,0,https://salesforce.com/resources,0
27,6,5,2,0,0,3,0,0,0,0,0,0,0,1,1,0,0,0,1,3.8841550945958043,2.2516291673878226,3,0,https://www.nvidia.com/docs,0
30,9,9,1,0,0,3,0,0,0,0,0,0,0,1,0,0,0,0,0,3.923231428797621,2.94770277922009,3,0,https://instagram.com/products,0
